PC     Output      Line
040000             0001         assume adl=1
040000             0002         org 0x040000
040000 C3 45 00 04 0003         jp start
040004             0004         align 64
       FF FF FF FF 
       FF FF FF FF 
       FF FF FF FF 
       FF FF FF FF 
       FF FF FF FF 
       FF FF FF FF 
       FF FF FF FF 
       FF FF FF FF 
       FF FF FF FF 
       FF FF FF FF 
       FF FF FF FF 
       FF FF FF FF 
       FF FF FF FF 
       FF FF FF FF 
       FF FF FF FF 
040040 4D 4F 53    0005         db "MOS"
040043 00          0006         db 00h
040044 01          0007         db 01h
040045             0008     
040045             0009     start:
040045 F5          0010         push af
040046 C5          0011         push bc
040047 D5          0012         push de
040048 DD E5       0013         push ix
04004A FD E5       0014         push iy
04004C             0015     
04004C CD 78 70 04 0016         call init
040050 CD 89 70 04 0017         call main
040054             0018     
040054             0019     exit:
040054 FD E1       0020         pop iy
040056 DD E1       0021         pop ix
040058 D1          0022         pop de
040059 C1          0023         pop bc
04005A F1          0024         pop af
04005B 21 00 00 00 0025         ld hl,0
04005F             0026     
04005F C9          0027         ret
040060             0028     
040060             0029     ; API INCLUDES
040060             0030         include "mos_api.inc"
040060             0001*    ; https://github.com/envenomator/Agon/blob/master/ez80asm%20examples%20(annotated)/mos_api.inc
040060             0002*    ; Title:	AGON MOS - API for user projects
040060             0003*    ; Author:	Dean Belfield
040060             0004*    ;			Adapted for agon-ez80asm by Jeroen Venema
040060             0005*    ;			Added MOS error codes for return in HL
040060             0006*    ; Created:	03/08/2022
040060             0007*    ; Last Updated:	10/08/2023
040060             0008*    ;
040060             0009*    ; Modinfo:
040060             0010*    ; 05/08/2022:	Added mos_feof
040060             0011*    ; 09/08/2022:	Added system variables: cursorX, cursorY
040060             0012*    ; 18/08/2022:	Added system variables: scrchar, scrpixel, audioChannel, audioSuccess, vpd_pflags
040060             0013*    ; 05/09/2022:	Added mos_ren, vdp_pflag_mode
040060             0014*    ; 24/09/2022:	Added mos_getError, mos_mkdir
040060             0015*    ; 13/10/2022:	Added mos_oscli
040060             0016*    ; 23/02/2023:	Added more sysvars, fixed typo in sysvar_audioSuccess, offsets for sysvar_scrCols, sysvar_scrRows
040060             0017*    ; 04/03/2023:	Added sysvar_scrpixelIndex
040060             0018*    ; 08/03/2023:	Renamed sysvar_keycode to sysvar_keyascii, added sysvar_vkeycode
040060             0019*    ; 15/03/2023:	Added mos_copy, mos_getrtc, mos_setrtc, rtc, vdp_pflag_rtc
040060             0020*    ; 21/03/2023:	Added mos_setintvector, sysvars for keyboard status, vdu codes for vdp
040060             0021*    ; 22/03/2023:	The VDP commands are now indexed from 0x80
040060             0022*    ; 29/03/2023:	Added mos_uopen, mos_uclose, mos_ugetc, mos_uputc
040060             0023*    ; 13/04/2023:	Added FatFS file structures (FFOBJID, FIL, DIR, FILINFO)
040060             0024*    ; 15/04/2023:	Added mos_getfil, mos_fread, mos_fwrite and mos_flseek
040060             0025*    ; 19/05/2023:	Added sysvar_scrMode
040060             0026*    ; 05/06/2023:	Added sysvar_rtcEnable
040060             0027*    ; 03/08/2023:	Added mos_setkbvector
040060             0028*    ; 10/08/2023:	Added mos_getkbmap
040060             0029*    
040060             0030*    ; VDP control (VDU 23, 0, n)
040060             0031*    ;
040060             0032*    vdp_gp:				EQU 80h
040060             0033*    vdp_keycode:		EQU 81h
040060             0034*    vdp_cursor:			EQU	82h
040060             0035*    vdp_scrchar:		EQU	83h
040060             0036*    vdp_scrpixel:		EQU	84h
040060             0037*    vdp_audio:			EQU	85h
040060             0038*    vdp_mode:			EQU	86h
040060             0039*    vdp_rtc:			EQU	87h
040060             0040*    vdp_keystate:		EQU	88h
040060             0041*    vdp_logicalcoords:	EQU	C0h
040060             0042*    vdp_terminalmode:	EQU	FFh
040060             0043*    
040060             0044*    ; MOS high level functions
040060             0045*    ;
040060             0046*    mos_getkey:			EQU	00h
040060             0047*    mos_load:			EQU	01h
040060             0048*    mos_save:			EQU	02h
040060             0049*    mos_cd:				EQU	03h
040060             0050*    mos_dir:			EQU	04h
040060             0051*    mos_del:			EQU	05h
040060             0052*    mos_ren:			EQU	06h
040060             0053*    mos_mkdir:			EQU	07h
040060             0054*    mos_sysvars:		EQU	08h
040060             0055*    mos_editline:		EQU	09h
040060             0056*    mos_fopen:			EQU	0Ah
040060             0057*    mos_fclose:			EQU	0Bh
040060             0058*    mos_fgetc:			EQU	0Ch
040060             0059*    mos_fputc:			EQU	0Dh
040060             0060*    mos_feof:			EQU	0Eh
040060             0061*    mos_getError:		EQU	0Fh
040060             0062*    mos_oscli:			EQU	10h
040060             0063*    mos_copy:			EQU	11h
040060             0064*    mos_getrtc:			EQU	12h
040060             0065*    mos_setrtc:			EQU	13h
040060             0066*    mos_setintvector:	EQU	14h
040060             0067*    mos_uopen:			EQU	15h
040060             0068*    mos_uclose:			EQU	16h
040060             0069*    mos_ugetc:			EQU	17h
040060             0070*    mos_uputc:			EQU	18h
040060             0071*    mos_getfil:			EQU	19h
040060             0072*    mos_fread:			EQU	1Ah
040060             0073*    mos_fwrite:			EQU	1Bh
040060             0074*    mos_flseek:			EQU	1Ch
040060             0075*    mos_setkbvector:	EQU	1Dh
040060             0076*    mos_getkbmap:		EQU	1Eh
040060             0077*    
040060             0078*    ; MOS program exit codes
040060             0079*    ;
040060             0080*    EXIT_OK:				EQU  0;	"OK",
040060             0081*    EXIT_ERROR_SD_ACCESS:	EQU	 1;	"Error accessing SD card",
040060             0082*    EXIT_ERROR_ASSERTION:	EQU  2;	"Assertion failed",
040060             0083*    EXIT_SD_CARDFAILURE:	EQU  3;	"SD card failure",
040060             0084*    EXIT_FILENOTFOUND:		EQU  4;	"Could not find file",
040060             0085*    EXIT_PATHNOTFOUND:		EQU  5;	"Could not find path",
040060             0086*    EXIT_INVALIDPATHNAME:	EQU  6;	"Invalid path name",
040060             0087*    EXIT_ACCESSDENIED_FULL:	EQU  7;	"Access denied or directory full",
040060             0088*    EXIT_ACCESSDENIED:		EQU  8;	"Access denied",
040060             0089*    EXIT_INVALIDOBJECT:		EQU  9;	"Invalid file/directory object",
040060             0090*    EXIT_SD_WRITEPROTECTED:	EQU 10;	"SD card is write protected",
040060             0091*    EXIT_INVALIDDRIVENUMBER:EQU 11;	"Logical drive number is invalid",
040060             0092*    EXIT_NOVOLUMEWORKAREA:	EQU 12;	"Volume has no work area",
040060             0093*    EXIT_NOVALIDFATVOLUME:	EQU 13;	"No valid FAT volume",
040060             0094*    EXIT_ERRORMKFS:			EQU 14;	"Error occurred during mkfs",
040060             0095*    EXIT_VOLUMETIMEOUT:		EQU 15;	"Volume timeout",
040060             0096*    EXIT_VOLUMELOCKED:		EQU 16;	"Volume locked",
040060             0097*    EXIT_LFNALLOCATION:		EQU 17;	"LFN working buffer could not be allocated",
040060             0098*    EXIT_MAXOPENFILES:		EQU 18;	"Too many open files",
040060             0099*    EXIT_INVALIDPARAMETER:	EQU 19;	"Invalid parameter",
040060             0100*    EXIT_INVALIDCOMMAND:	EQU 20;	"Invalid command",
040060             0101*    EXIT_INVALIDEXECUTABLE:	EQU 21;	"Invalid executable",
040060             0102*    ; FatFS file access functions
040060             0103*    ;
040060             0104*    ffs_fopen:			EQU	80h
040060             0105*    ffs_fclose:			EQU	81h
040060             0106*    ffs_fread:			EQU	82h
040060             0107*    ffs_fwrite:			EQU	83h
040060             0108*    ffs_flseek:			EQU	84h
040060             0109*    ffs_ftruncate:		EQU	85h
040060             0110*    ffs_fsync:			EQU	86h
040060             0111*    ffs_fforward:		EQU	87h
040060             0112*    ffs_fexpand:		EQU	88h
040060             0113*    ffs_fgets:			EQU	89h
040060             0114*    ffs_fputc:			EQU	8Ah
040060             0115*    ffs_fputs:			EQU	8Bh
040060             0116*    ffs_fprintf:		EQU	8Ch
040060             0117*    ffs_ftell:			EQU	8Dh
040060             0118*    ffs_feof:			EQU	8Eh
040060             0119*    ffs_fsize:			EQU	8Fh
040060             0120*    ffs_ferror:			EQU	90h
040060             0121*    
040060             0122*    ; FatFS directory access functions
040060             0123*    ;
040060             0124*    ffs_dopen:			EQU	91h
040060             0125*    ffs_dclose:			EQU	92h
040060             0126*    ffs_dread:			EQU	93h
040060             0127*    ffs_dfindfirst:		EQU	94h
040060             0128*    ffs_dfindnext:		EQU	95h
040060             0129*    
040060             0130*    ; FatFS file and directory management functions
040060             0131*    ;
040060             0132*    ffs_stat:			EQU	96h
040060             0133*    ffs_unlink:			EQU	97h
040060             0134*    ffs_rename:			EQU	98h
040060             0135*    ffs_chmod:			EQU	99h
040060             0136*    ffs_utime:			EQU	9Ah
040060             0137*    ffs_mkdir:			EQU	9Bh
040060             0138*    ffs_chdir:			EQU	9Ch
040060             0139*    ffs_chdrive:		EQU	9Dh
040060             0140*    ffs_getcwd:			EQU	9Eh
040060             0141*    
040060             0142*    ; FatFS volume management and system configuration functions
040060             0143*    ;
040060             0144*    ffs_mount:			EQU	9Fh
040060             0145*    ffs_mkfs:			EQU	A0h
040060             0146*    ffs_fdisk:			EQU	A1h
040060             0147*    ffs_getfree:		EQU	A2h
040060             0148*    ffs_getlabel:		EQU	A3h
040060             0149*    ffs_setlabel:		EQU	A4h
040060             0150*    ffs_setcp:			EQU	A5h
040060             0151*    
040060             0152*    ; File access modes
040060             0153*    ;
040060             0154*    fa_read:			EQU	01h
040060             0155*    fa_write:			EQU	02h
040060             0156*    fa_open_existing:	EQU	00h
040060             0157*    fa_create_new:		EQU	04h
040060             0158*    fa_create_always:	EQU	08h
040060             0159*    fa_open_always:		EQU	10h
040060             0160*    fa_open_append:		EQU	30h
040060             0161*    
040060             0162*    ; System variable indexes for api_sysvars
040060             0163*    ; Index into _sysvars in globals.inc
040060             0164*    ;
040060             0165*    sysvar_time:			EQU	00h	; 4: Clock timer in centiseconds (incremented by 2 every VBLANK)
040060             0166*    sysvar_vpd_pflags:		EQU	04h	; 1: Flags to indicate completion of VDP commands
040060             0167*    sysvar_keyascii:		EQU	05h	; 1: ASCII keycode, or 0 if no key is pressed
040060             0168*    sysvar_keymods:			EQU	06h	; 1: Keycode modifiers
040060             0169*    sysvar_cursorX:			EQU	07h	; 1: Cursor X position
040060             0170*    sysvar_cursorY:			EQU	08h	; 1: Cursor Y position
040060             0171*    sysvar_scrchar:			EQU	09h	; 1: Character read from screen
040060             0172*    sysvar_scrpixel:		EQU	0Ah	; 3: Pixel data read from screen (R,B,G)
040060             0173*    sysvar_audioChannel:	EQU	0Dh	; 1: Audio channel
040060             0174*    sysvar_audioSuccess:	EQU	0Eh	; 1: Audio channel note queued (0 = no, 1 = yes)
040060             0175*    sysvar_scrWidth:		EQU	0Fh	; 2: Screen width in pixels
040060             0176*    sysvar_scrHeight:		EQU	11h	; 2: Screen height in pixels
040060             0177*    sysvar_scrCols:			EQU	13h	; 1: Screen columns in characters
040060             0178*    sysvar_scrRows:			EQU	14h	; 1: Screen rows in characters
040060             0179*    sysvar_scrColours:		EQU	15h	; 1: Number of colours displayed
040060             0180*    sysvar_scrpixelIndex:	EQU	16h	; 1: Index of pixel data read from screen
040060             0181*    sysvar_vkeycode:		EQU	17h	; 1: Virtual key code from FabGL
040060             0182*    sysvar_vkeydown:		EQU	18h	; 1: Virtual key state from FabGL (0=up, 1=down)
040060             0183*    sysvar_vkeycount:		EQU	19h	; 1: Incremented every time a key packet is received
040060             0184*    sysvar_rtc:				EQU	1Ah	; 6: Real time clock data
040060             0185*    sysvar_spare:			EQU	20h	; 2: Spare, previously used by rtc
040060             0186*    sysvar_keydelay:		EQU	22h	; 2: Keyboard repeat delay
040060             0187*    sysvar_keyrate:			EQU	24h	; 2: Keyboard repeat reat
040060             0188*    sysvar_keyled:			EQU	26h	; 1: Keyboard LED status
040060             0189*    sysvar_scrMode:			EQU	27h	; 1: Screen mode
040060             0190*    sysvar_rtcEnable:		EQU	28h	; 1: RTC enable flag (0: disabled, 1: use ESP32 RTC)
040060             0191*    
040060             0192*    ; Flags for the VPD protocol
040060             0193*    ;
040060             0194*    vdp_pflag_cursor:		EQU	00000001b
040060             0195*    vdp_pflag_scrchar:		EQU	00000010b
040060             0196*    vdp_pflag_point:		EQU	00000100b
040060             0197*    vdp_pflag_audio:		EQU	00001000b
040060             0198*    vdp_pflag_mode:			EQU	00010000b
040060             0199*    vdp_pflag_rtc:			EQU	00100000b
040060             0200*    
040060             0201*    ;
040060             0202*    ; FatFS structures
040060             0203*    ; These mirror the structures contained in src_fatfs/ff.h in the MOS project
040060             0204*    ;
040060             0205*    ; Object ID and allocation information (FFOBJID)
040060             0206*    ;
040060             0207*    ; Indexes into FFOBJID structure
040060             0208*    ffobjid_fs:			EQU	0	; 3: Pointer to the hosting volume of this object
040060             0209*    ffobjid_id:			EQU	3	; 2: Hosting volume mount ID
040060             0210*    ffobjid_attr:		EQU	5	; 1: Object attribute
040060             0211*    ffobjid_stat:		EQU	6	; 1: Object chain status (b1-0: =0:not contiguous, =2:contiguous, =3:fragmented in this session, b2:sub-directory stretched)
040060             0212*    ffobjid_sclust:		EQU	7	; 4: Object data start cluster (0:no cluster or root directory)
040060             0213*    ffobjid_objsize:	EQU	11	; 4: Object size (valid when sclust != 0)
040060             0214*    ;
040060             0215*    ; File object structure (FIL)
040060             0216*    ;
040060             0217*    ; Indexes into FIL structure
040060             0218*    fil_obj:		EQU 0	; 15: Object identifier
040060             0219*    fil_flag:		EQU	15 	;  1: File status flags
040060             0220*    fil_err:		EQU	16	;  1: Abort flag (error code)
040060             0221*    fil_fptr:		EQU	17	;  4: File read/write pointer (Zeroed on file open)
040060             0222*    fil_clust:		EQU	21	;  4: Current cluster of fpter (invalid when fptr is 0)
040060             0223*    fil_sect:		EQU	25	;  4: Sector number appearing in buf[] (0:invalid)
040060             0224*    fil_dir_sect:	EQU	29	;  4: Sector number containing the directory entry
040060             0225*    fil_dir_ptr:	EQU	33	;  3: Pointer to the directory entry in the win[]
040060             0226*    ;
040060             0227*    ; Directory object structure (DIR)
040060             0228*    ; Indexes into DIR structure
040060             0229*    dir_obj:		EQU  0	; 15: Object identifier
040060             0230*    dir_dptr:		EQU	15	;  4: Current read/write offset
040060             0231*    dir_clust:		EQU	19	;  4: Current cluster
040060             0232*    dir_sect:		EQU	23	;  4: Current sector (0:Read operation has terminated)
040060             0233*    dir_dir:		EQU	27	;  3: Pointer to the directory item in the win[]
040060             0234*    dir_fn:			EQU	30	; 12: SFN (in/out) {body[8],ext[3],status[1]}
040060             0235*    dir_blk_ofs:	EQU	42	;  4: Offset of current entry block being processed (0xFFFFFFFF:Invalid)
040060             0236*    dir_struct_size:	EQU	46	;  4: Size of the struct
040060             0237*    ;
040060             0238*    ; File information structure (FILINFO)
040060             0239*    ;
040060             0240*    ; Indexes into FILINFO structure
040060             0241*    filinfo_fsize:		EQU 0	;   4: File size
040060             0242*    filinfo_fdate:		EQU	4	;   2: Modified date
040060             0243*    filinfo_ftime:		EQU	6	;   2: Modified time
040060             0244*    filinfo_fattrib:	EQU	8	;   1: File attribute
040060             0245*    filinfo_altname:	EQU	9	;  13: Alternative file name
040060             0246*    filinfo_fname:		EQU	22	; 256: Primary file name
040060             0247*    filinfo_struct_size: EQU filinfo_fname+256 ; size of the FILINFO structure
040060             0248*    
040060             0249*    ; /* File attribute bits for directory entry (FILINFO.fattrib) */
040060             0250*    AM_RDO: equ 0 ; Bit 0 - Read Only
040060             0251*    AM_HID: equ 1 ; Bit 1 - Hidden
040060             0252*    AM_SYS: equ 2 ; Bit 2 - System
040060             0253*    AM_DIR: equ 4 ; Bit 4 - Directory
040060             0254*    AM_ARC: equ 5 ; Bit 5 - Archive
040060             0255*    
040060             0256*    ;
040060             0257*    ; Macro for calling the API
040060             0258*    ; Parameters:
040060             0259*    ; - function: One of the function numbers listed above
040060             0260*    ;
040060             0261*    	MACRO	MOSCALL	function
040060             0262*    			LD	A, function
040060             0263*    			RST.LIL	08h
040060             0264*    	ENDMACRO
040060             0265*    
040060             0266*    ;
040060             0267*    ; Same as above but keeps IY safe on FFS calls
040060             0268*    ; (can be use for regular MOS calls as well)
040060             0269*    ;
040060             0270*    	MACRO	FFSCALL	function
040060             0271*    			PUSH IY
040060             0272*    			LD	A, function
040060             0273*    			RST.LIL	08h
040060             0274*    			POP IY
040060             0275*    	ENDMACRO
040060             0031         include "macros.inc"
040060             0001*    
040060             0002*    ; test the sign of HL
040060             0003*    ; inputs: HL obviously
040060             0004*    ; outputs: sign flag set if HL is negative, zero flag set if HL is zero
040060             0005*    ; destroys: flags
040060             0006*        MACRO SIGN_UHL
040060             0007*        add hl,de ; 1 cycle
040060             0008*        or a ; clear flags ; 1 cycle
040060             0009*        sbc hl,de ; 2 cycles
040060             0010*        ; 4 cycles total
040060             0011*        ENDMACRO
040060             0012*    
040060             0013*    ; put the value in A into HLU
040060             0014*    ; affects: HLU
040060             0015*    ; destroys: nothing
040060             0016*    ; note: $ instead of @@ b/c anon labels deprecated in ez80asm
040060             0017*        MACRO A_TO_HLU
040060             0018*        xor a ; 1 cycle
040060             0019*        ld ($+8+1),hl ; 7 cycles
040060             0020*        ld ($+4+3),a ; 5 cycles
040060             0021*        ld hl,0x000000 ; 4 cycles
040060             0022*        ; 17 cycles total
040060             0023*        ENDMACRO
040060             0024*    
040060             0025*    ; alternative: https://discord.com/channels/1158535358624039014/1282290921815408681/1318315567102300220
040060             0026*    ; one cycle less but burns flags
040060             0027*        MACRO A_TO_HLU_ALT
040060             0028*        push hl ; 4 cycles
040060             0029*        ld hl,2 ; 4 cycles
040060             0030*        add hl,sp ; 1 cycle
040060             0031*        ld (hl),a ; 2 cycles
040060             0032*        pop hl ; 4 cycles
040060             0033*        ; 15 cycles total
040060             0034*        ENDMACRO
040060             0035*    
040060             0036*        MACRO hlu_mul256
040060             0037*        add hl,hl ; * 2
040060             0038*        add hl,hl ; * 4
040060             0039*        add hl,hl ; * 8
040060             0040*        add hl,hl ; * 16
040060             0041*        add hl,hl ; * 32
040060             0042*        add hl,hl ; * 64
040060             0043*        add hl,hl ; * 128
040060             0044*        add hl,hl ; * 256
040060             0045*        ENDMACRO
040060             0046*    
040060             0047*    ; https://discord.com/channels/1158535358624039014/1282290921815408681/1317793870070812715
040060             0048*        MACRO SRL_UHL
040060             0049*        dec sp ; 1 cycle
040060             0050*        push hl ; 4 cycles
040060             0051*        inc sp ; 1 cycle
040060             0052*        pop hl ; 4 cycles
040060             0053*        inc hl ; 1 cycle
040060             0054*        dec.s hl ; 2 cycles <-- the .s sets hlu to zero (undocumented)
040060             0055*        ; 13 cycles total
040060             0056*        ENDMACRO
040060             0057*    
040060             0058*        MACRO printChar char
040060             0059*        LD A, char
040060             0060*        RST.LIL 10h
040060             0061*        ENDMACRO
040060             0062*    
040060             0063*    ; Simulated call to subroutine at HL
040060             0064*    ; inputs: HL pointing to the subroutine address plus whatever the called function expects
040060             0065*    ; outputs: whatever the subroutine does, including HL and BC
040060             0066*    ; destroys: only what the subroutine does, but always BC
040060             0067*        MACRO CALL_HL
040060             0068*        ld bc,$+6 ; Address of first instruction after the jump
040060             0069*        push bc ; which constitutes the return address
040060             0070*        jp (hl) ; Jump to the address in HL
040060             0071*        ENDMACRO
040060             0072*    
040060             0073*    ; Simulated call to subroutine at IX
040060             0074*    ; inputs: IX pointing to the subroutine address plus whatever the called function expects
040060             0075*    ; outputs: whatever the subroutine does, including IX and BC
040060             0076*    ; destroys: only what the subroutine does, but always BC
040060             0077*        MACRO CALL_IX
040060             0078*        ld bc,$+6 ; Address of first instruction after the jump
040060             0079*        push bc ; which constitutes the return address
040060             0080*        jp (ix) ; Jump to the address in IX
040060             0081*        ENDMACRO
040060             0082*    
040060             0083*    ; Simulated call to soubroutinte at IY
040060             0084*    ; inputs: IY pointing to the subroutine address plus whatever the called function expects
040060             0085*    ; outputs: whatever the subroutine does, including IY and BC
040060             0086*    ; destroys: only what the subroutine does, but always BC
040060             0087*        MACRO CALL_IY
040060             0088*        ld bc,$+6 ; Address of first instruction after the jump
040060             0089*        push bc ; which constitutes the return address
040060             0090*        jp (iy) ; Jump to the address in IY
040060             0091*        ENDMACRO
040060             0092*    
040060             0093*    ; put the value in HLU into A
040060             0094*    ; destroys: af
040060             0095*        MACRO HLU_TO_A
040060             0096*        dec sp ; 1 cycle
040060             0097*        push hl ; 4 cycles
040060             0098*        inc sp ; 1 cycle
040060             0099*        pop af ; 4 cycles
040060             0100*        ; 10 cycles total
040060             0101*        ENDMACRO
040060             0102*    
040060             0103*        MACRO PUSH_ALL
040060             0104*        ex af,af'
040060             0105*        exx
040060             0106*        push af
040060             0107*        push hl
040060             0108*        push bc
040060             0109*        push de
040060             0110*    
040060             0111*        ex af,af'
040060             0112*        exx
040060             0113*        push af
040060             0114*        push hl
040060             0115*        push bc
040060             0116*        push de
040060             0117*        push ix
040060             0118*        push iy
040060             0119*        ENDMACRO
040060             0120*    
040060             0121*        MACRO POP_ALL
040060             0122*        pop iy
040060             0123*        pop ix
040060             0124*        pop de
040060             0125*        pop bc
040060             0126*        pop hl
040060             0127*        pop af
040060             0128*        ex af,af'
040060             0129*        exx
040060             0130*    
040060             0131*        pop de
040060             0132*        pop bc
040060             0133*        pop hl
040060             0134*        pop af
040060             0135*        ex af,af'
040060             0136*        exx
040060             0137*        ENDMACRO
040060             0138*    
040060             0139*        ; load hl with the 16-bit value at addr
040060             0140*        MACRO LD_HL_mn addr
040060             0141*        ld hl,(addr)
040060             0142*        dec hl
040060             0143*        inc.s hl ; zeros hlu
040060             0144*        ENDMACRO
040060             0145*    
040060             0146*        ; load bc with the 16-bit value at addr
040060             0147*        MACRO LD_BC_mn addr
040060             0148*        ld bc,(addr)
040060             0149*        dec bc
040060             0150*        inc.s bc ; zeros bcu
040060             0151*        ENDMACRO
040060             0152*    
040060             0153*        ; load de with the 16-bit value at addr
040060             0154*        MACRO LD_DE_mn addr
040060             0155*        ld de,(addr)
040060             0156*        dec de
040060             0157*        inc.s de ; zeros deu
040060             0158*        ENDMACRO
040060             0159*    
040060             0160*        ; load ix with the 16-bit value at addr
040060             0161*        MACRO LD_IX_mn addr
040060             0162*        ld ix,(addr)
040060             0163*        dec ix
040060             0164*        inc.s ix ; zeros ixu
040060             0165*        ENDMACRO
040060             0166*    
040060             0167*        ; load iy with the 16-bit value at addr
040060             0168*        MACRO LD_IY_mn addr
040060             0169*        ld iy,(addr)
040060             0170*        dec iy
040060             0171*        inc.s iy ; zeros iyu
040060             0172*        ENDMACRO
040060             0032         include "functions.inc"
040060             0001*    ; Print a zero-terminated string inline with code, e.g.:
040060             0002*    ;
040060             0003*    ;    call printInline
040060             0004*    ;    ASCIZ "Hello, world!\r\n"
040060             0005*    ;
040060             0006*    ; Destroys: HL,AF
040060             0007*    printInline:
040060 E1          0008*        pop hl ; get the return address = pointer to start of string
040061 CD 67 00 04 0009*        call printString ; HL advances to end of string
040065 E5          0010*        push hl ; restore the return address = pointer to end of string
040066 C9          0011*        ret
040067             0012*    
040067             0013*    ; Print a zero-terminated string
040067             0014*    ; IX: Pointer to string, A: signed offset from IX
040067             0015*    printStringIX:
040067             0016*    
040067             0017*    ; https://github.com/envenomator/Agon/blob/master/ez80asm%20examples%20(annotated)/functions.s
040067             0018*    ; Print a zero-terminated string
040067             0019*    ; HL: Pointer to string
040067             0020*    ; returns: hl pointed to character after string terminator
040067             0021*    ; destroys: af, hl
040067             0022*    printString:
040067 C5          0023*        PUSH BC
040068 01 00 00 00 0024*        LD BC,0
04006C 3E 00       0025*        LD A,0
04006E 5B DF       0026*        RST.LIL 18h
040070 C1          0027*        POP BC
040071 C9          0028*        RET
040072             0029*    ; print a VDU sequence
040072             0030*    ; HL: Pointer to VDU sequence - <1 byte length> <data>
040072             0031*    sendVDUsequence:
040072 C5          0032*        PUSH BC
040073 01 00 00 00 0033*        LD BC, 0
040077 4E          0034*        LD C, (HL)
040078 5B DF       0035*        RST.LIL 18h
04007A C1          0036*        POP BC
04007B C9          0037*        RET
04007C             0038*    ; Print Newline sequence to VDP
04007C             0039*    ; destroys: nothing
04007C             0040*    printNewLine:
04007C F5          0041*        push af ; for some reason rst.lil 10h sets carry flag
04007D 3E 0D       0042*        LD A, '\r'
04007F 5B D7       0043*        RST.LIL 10h
040081 3E 0A       0044*        LD A, '\n'
040083 5B D7       0045*        RST.LIL 10h
040085 F1          0046*        pop af
040086 C9          0047*        RET
040087             0048*    
040087             0049*    ; print a zero-terminated string at a graphics coordinate
040087             0050*    ; Inputs: HL Pointer to string, BC,DE x,y position (in pixels)
040087             0051*    printStringGfx:
040087 E5          0052*        push hl ; preserve string pointer
040088             0053*    ; move graphics cursor to x,y location
040088 3E 44       0054*        ld a,plot_pt+mv_abs
04008A CD 06 21 04 0055*        call vdu_plot
04008E             0056*    ; print string
04008E E1          0057*        pop hl ; restore string pointer
04008F             0058*    @print_loop:
04008F 7E          0059*        ld a,(hl)
040090 B7          0060*        or a ; check for end of string
040091 C8          0061*        ret z ; if zero, we're done
040092 08          0062*        ex af,af' ; preserve character
040093 3E 05       0063*        ld a,5 ; VDU 5 char to gfx cursor
040095 5B D7       0064*        rst.lil 10h ; send it
040097 08          0065*        ex af,af' ; restore character
040098 5B D7       0066*        rst.lil 10h ; print character
04009A 23          0067*        inc hl
04009B C3 8F 00 04 0068*        jp @print_loop
04009F C9          0069*        ret
0400A0             0070*    ; end printStringGfx
0400A0             0071*    
0400A0             0072*    ; Print a 24-bit HEX number
0400A0             0073*    ; HLU: Number to print
0400A0             0074*    printHex24:
0400A0             0075*        HLU_TO_A
                       M1 Args: none
0400A0 3B          0001*M1      dec sp ; 1 cycle
0400A1 E5          0002*M1      push hl ; 4 cycles
0400A2 33          0003*M1      inc sp ; 1 cycle
0400A3 F1          0004*M1      pop af ; 4 cycles
0400A4             0005*M1      ; 10 cycles total
0400A4 CD AE 00 04 0076*        CALL printHex8
0400A8             0077*    ; Print a 16-bit HEX number
0400A8             0078*    ; HL: Number to print
0400A8             0079*    printHex16:
0400A8 7C          0080*        LD A,H
0400A9 CD AE 00 04 0081*        CALL printHex8
0400AD 7D          0082*        LD A,L
0400AE             0083*    ; Print an 8-bit HEX number
0400AE             0084*    ; A: Number to print
0400AE             0085*    printHex8:
0400AE 4F          0086*        LD C,A
0400AF 1F          0087*        RRA
0400B0 1F          0088*        RRA
0400B1 1F          0089*        RRA
0400B2 1F          0090*        RRA
0400B3 CD B8 00 04 0091*        CALL @F
0400B7 79          0092*        LD A,C
0400B8             0093*    @@:
0400B8 E6 0F       0094*        AND 0Fh
0400BA C6 90       0095*        ADD A,90h
0400BC 27          0096*        DAA
0400BD CE 40       0097*        ADC A,40h
0400BF 27          0098*        DAA
0400C0 5B D7       0099*        RST.LIL 10h
0400C2 C9          0100*        RET
0400C3             0101*    
0400C3             0102*    ; Print a 0x HEX prefix
0400C3             0103*    DisplayHexPrefix:
0400C3 3E 30       0104*        LD A, '0'
0400C5 5B D7       0105*        RST.LIL 10h
0400C7 3E 78       0106*        LD A, 'x'
0400C9 5B D7       0107*        RST.LIL 10h
0400CB C9          0108*        RET
0400CC             0109*    
0400CC             0110*        MACRO printDecBC
0400CC             0111*        push hl
0400CC             0112*        push bc
0400CC             0113*        pop hl
0400CC             0114*        call printDec
0400CC             0115*        pop hl
0400CC             0116*        ENDMACRO
0400CC             0117*    
0400CC             0118*        MACRO printDecDE
0400CC             0119*        push hl
0400CC             0120*        push de
0400CC             0121*        pop hl
0400CC             0122*        call printDec
0400CC             0123*        pop hl
0400CC             0124*        ENDMACRO
0400CC             0125*    
0400CC             0126*        MACRO printDecHL
0400CC             0127*        call printDec
0400CC             0128*        ENDMACRO
0400CC             0129*    
0400CC             0130*        MACRO printDecIX
0400CC             0131*        push hl
0400CC             0132*        push ix
0400CC             0133*        pop hl
0400CC             0134*        call printDec
0400CC             0135*        pop hl
0400CC             0136*        ENDMACRO
0400CC             0137*    
0400CC             0138*        MACRO printDecIY
0400CC             0139*        push hl
0400CC             0140*        push iy
0400CC             0141*        pop hl
0400CC             0142*        call printDec
0400CC             0143*        pop hl
0400CC             0144*        ENDMACRO
0400CC             0145*    
0400CC             0146*    
0400CC             0147*    ; Prints the right justified decimal value in HL without leading zeroes
0400CC             0148*    ; HL : Value to print
0400CC             0149*    ; preserves all registers and flags
0400CC             0150*    printDec:
0400CC             0151*    ; back up all the things
0400CC F5          0152*        push af
0400CD C5          0153*        push bc
0400CE D5          0154*        push de
0400CF E5          0155*        push hl
0400D0 11 F8 00 04 0156*        LD DE, _printDecBuffer
0400D4 CD 7D 01 04 0157*        CALL u24_to_ascii
0400D8             0158*    ; replace leading zeroes with spaces
0400D8 21 F8 00 04 0159*        LD HL, _printDecBuffer
0400DC 06 07       0160*        ld B, 7 ; if HL was 0, we want to keep the final zero
0400DE             0161*    @loop:
0400DE 7E          0162*        LD A, (HL)
0400DF FE 30       0163*        CP '0'
0400E1 C2 EB 00 04 0164*        JP NZ, @done
0400E5 3E 20       0165*        LD A, ' '
0400E7 77          0166*        LD (HL), A
0400E8 23          0167*        INC HL
0400E9 10 F3       0168*        DJNZ @loop
0400EB             0169*    @done:
0400EB 21 F8 00 04 0170*        LD HL, _printDecBuffer
0400EF CD 67 00 04 0171*        CALL printString
0400F3             0172*    ; restore all the things
0400F3 E1          0173*        pop hl
0400F4 D1          0174*        pop de
0400F5 C1          0175*        pop bc
0400F6 F1          0176*        pop af
0400F7 C9          0177*        RET
0400F8 00 00 00 00 0178*    _printDecBuffer: blkb 16,0 ; a few bytes extra just to be sure
       00 00 00 00 
       00 00 00 00 
       00 00 00 00 
040108             0179*    
040108             0180*    ; same as printDec but signed
040108             0181*    printDecS:
040108             0182*    ; back up all the things
040108 F5          0183*        push af
040109 C5          0184*        push bc
04010A D5          0185*        push de
04010B E5          0186*        push hl
04010C CD 0D 05 04 0187*        call hlu_abs ; abs(hl), sign flag set if negative
040110 F5          0188*        push af ; save sign flag
040111 11 F8 00 04 0189*        LD DE, _printDecBuffer
040115 CD 7D 01 04 0190*        CALL u24_to_ascii
040119             0191*    ; replace leading zeroes with spaces
040119 21 F8 00 04 0192*        LD HL, _printDecBuffer
04011D 06 07       0193*        ld B, 7 ; if HL was 0, we want to keep the final zero
04011F F1          0194*        pop af ; restore sign flag
040120 3E 20       0195*        ld a,' ' ; assume positive
040122 F2 28 01 04 0196*        jp p,@print
040126 3E 2D       0197*        ld a,'-'
040128             0198*    @print:
040128 5B D7       0199*        rst.lil 10h
04012A             0200*    @loop:
04012A 7E          0201*        LD A, (HL)
04012B FE 30       0202*        CP '0'
04012D C2 37 01 04 0203*        JP NZ, @done
040131 3E 20       0204*        LD A, ' '
040133 77          0205*        LD (HL), A
040134 23          0206*        INC HL
040135 10 F3       0207*        DJNZ @loop
040137             0208*    @done:
040137 21 F8 00 04 0209*        LD HL, _printDecBuffer
04013B CD 67 00 04 0210*        CALL printString
04013F             0211*    ; restore all the things
04013F E1          0212*        pop hl
040140 D1          0213*        pop de
040141 C1          0214*        pop bc
040142 F1          0215*        pop af
040143 C9          0216*        RET
040144             0217*    
040144             0218*    printDec8:
040144             0219*    ; back up all the things
040144 F5          0220*        push af
040145 C5          0221*        push bc
040146 D5          0222*        push de
040147 E5          0223*        push hl
040148             0224*    ; initialize hl to 0 and load it with a
040148 21 00 00 00 0225*        ld hl,0
04014C 6F          0226*        ld l,a
04014D             0227*    ; convert l to ascii
04014D 11 75 01 04 0228*        LD DE, _printDec8Buffer
040151 CD 9D 01 04 0229*        CALL u8_to_ascii
040155             0230*    ; replace leading zeroes with spaces
040155 21 75 01 04 0231*        LD HL, _printDec8Buffer
040159 06 03       0232*        ld B, 3 ; if A was 0, we want to keep the final zero
04015B             0233*    @loop:
04015B 7E          0234*        LD A, (HL)
04015C FE 30       0235*        CP '0'
04015E C2 68 01 04 0236*        JP NZ, @done
040162 3E 20       0237*        LD A, ' '
040164 77          0238*        LD (HL), A
040165 23          0239*        INC HL
040166 10 F3       0240*        DJNZ @loop
040168             0241*    @done:
040168 21 75 01 04 0242*        LD HL, _printDec8Buffer
04016C CD 67 00 04 0243*        CALL printString
040170             0244*    ; restore all the things
040170 E1          0245*        pop hl
040171 D1          0246*        pop de
040172 C1          0247*        pop bc
040173 F1          0248*        pop af
040174 C9          0249*        RET
040175             0250*    ; end printDec8
040175 00 00 00 00 0251*    _printDec8Buffer: blkb 8,0 ; a few bytes extra just to be sure
       00 00 00 00 
04017D             0252*    
04017D             0253*    ; This routine converts the unsigned 24-bit value in HLU into its ASCII representation,
04017D             0254*    ; starting to memory location pointing by DE, in decimal form and with leading zeroes
04017D             0255*    ; so it will allways be 8 characters length
04017D             0256*    ; HL : Value to convert to string
04017D             0257*    ; DE : pointer to buffer, at least 8 byte + 0
04017D             0258*    u24_to_ascii:
04017D 01 80 69 67 0259*        LD BC,-10000000
040181 CD B4 01 04 0260*        CALL one_digit
040185 01 C0 BD F0 0261*        LD BC,-1000000
040189 CD B4 01 04 0262*        CALL one_digit
04018D 01 60 79 FE 0263*        LD BC,-100000
040191 CD B4 01 04 0264*        CALL one_digit
040195 01 F0 D8 FF 0265*        LD BC,-10000
040199 CD B4 01 04 0266*        CALL one_digit
04019D             0267*    u8_to_ascii: ; same arguments but hl <= 255, uhl and h = 0
04019D 01 18 FC FF 0268*        LD BC,-1000
0401A1 CD B4 01 04 0269*        CALL one_digit
0401A5 01 9C FF FF 0270*        LD BC,-100
0401A9 CD B4 01 04 0271*        CALL one_digit
0401AD 0E F6       0272*        LD C,-10
0401AF CD B4 01 04 0273*        CALL one_digit
0401B3 48          0274*        LD C,B
0401B4             0275*    one_digit:
0401B4 3E 2F       0276*        LD A,'0'-1
0401B6             0277*    @divide_me:
0401B6 3C          0278*        INC A
0401B7 09          0279*        ADD HL,BC
0401B8 38 FC       0280*        JR C,@divide_me
0401BA ED 42       0281*        SBC HL,BC
0401BC 12          0282*        LD (DE),A
0401BD 13          0283*        INC DE
0401BE C9          0284*        RET
0401BF             0285*    
0401BF             0286*    print_u24:
0401BF D5          0287*        push de
0401C0 E5          0288*        push hl
0401C1 11 F8 00 04 0289*        ld de,_printDecBuffer
0401C5 CD 7D 01 04 0290*        call u24_to_ascii
0401C9 21 F8 00 04 0291*        ld hl,_printDecBuffer
0401CD CD 67 00 04 0292*        call printString
0401D1 3E 20       0293*        ld a,' '
0401D3 5B D7       0294*        rst.lil 10h
0401D5 E1          0295*        pop hl
0401D6 D1          0296*        pop de
0401D7 C9          0297*        ret
0401D8             0298*    
0401D8             0299*    ; u168_to_ascii: Converts an unsigned 16.8 fixed-point value in HL to an ASCII string.
0401D8             0300*    ; HL : Value to convert to string (integer part in H, fractional part in L)
0401D8             0301*    ; DE : Pointer to buffer, requires at least 11 bytes (8 digits, sign, decimal point, and null terminator)
0401D8             0302*    u168_to_ascii:
0401D8             0303*    ; add a leading space to make room for sign flag if needed
0401D8 3E 20       0304*        ld a,' '
0401DA 12          0305*        ld (de),a
0401DB 13          0306*        inc de
0401DC             0307*    ; Convert integer part
0401DC E5          0308*        push hl ; Save HL (we’ll need the fractional part later)
0401DD             0309*        ; call hlu_udiv256 ; Shift to get integer portion in HL
0401DD             0310*        SRL_UHL ; Shift to get integer portion in HL
                       M1 Args: none
0401DD 3B          0001*M1      dec sp ; 1 cycle
0401DE E5          0002*M1      push hl ; 4 cycles
0401DF 33          0003*M1      inc sp ; 1 cycle
0401E0 E1          0004*M1      pop hl ; 4 cycles
0401E1 23          0005*M1      inc hl ; 1 cycle
0401E2 52 2B       0006*M1      dec.s hl ; 2 cycles <-- the .s sets hlu to zero (undocumented)
0401E4             0007*M1      ; 13 cycles total
0401E4 01 F0 D8 FF 0311*        ld bc, -10000
0401E8 CD 0B 02 04 0312*        call @one_int
0401EC 01 18 FC FF 0313*        ld bc, -1000
0401F0 CD 0B 02 04 0314*        call @one_int
0401F4 01 9C FF FF 0315*        ld bc, -100
0401F8 CD 0B 02 04 0316*        call @one_int
0401FC 0E F6       0317*        ld c, -10
0401FE CD 0B 02 04 0318*        call @one_int
040202 48          0319*        ld c, b
040203 CD 0B 02 04 0320*        call @one_int
040207 C3 16 02 04 0321*        jp @frac ; Jump to fractional part conversion
04020B             0322*    @one_int:
04020B 3E 2F       0323*        ld a, '0' - 1 ; Start ASCII character at '0'
04020D             0324*    @divide_me:
04020D 3C          0325*        inc a
04020E 09          0326*        add hl, bc ; Accumulate until overflow
04020F 38 FC       0327*        jr c, @divide_me
040211 ED 42       0328*        sbc hl, bc ; Remove excess after overflow
040213 12          0329*        ld (de), a ; Store ASCII digit
040214 13          0330*        inc de
040215 C9          0331*        ret
040216             0332*    ; Convert fractional part
040216             0333*    @frac:
040216 3E 2E       0334*        ld a, '.' ; Decimal point
040218 12          0335*        ld (de), a
040219 13          0336*        inc de
04021A E1          0337*        pop hl ; Restore HL with original fraction
04021B 06 03       0338*        ld b, 3 ; Loop counter for 3 fractional digits
04021D             0339*    @frac_loop:
04021D 26 0A       0340*        ld h, 10 ; Load multiplier for fractional part
04021F ED 6C       0341*        mlt hl ; Multiply by 10, result in HL (H holds the integer part)
040221 3E 30       0342*        ld a, '0'
040223 84          0343*        add a, h ; Convert integer part to ASCII
040224 12          0344*        ld (de), a
040225 13          0345*        inc de
040226 10 F5       0346*        djnz @frac_loop ; Repeat for each fractional digit
040228             0347*    ; Add null terminator
040228 AF          0348*        xor a ; Null terminator
040229 12          0349*        ld (de), a
04022A C9          0350*        ret
04022B             0351*    
04022B             0352*    print_u168:
04022B D5          0353*        push de
04022C E5          0354*        push hl
04022D 11 F8 00 04 0355*        ld de,_printDecBuffer
040231 CD D8 01 04 0356*        call u168_to_ascii
040235 21 F8 00 04 0357*        ld hl,_printDecBuffer
040239 CD 67 00 04 0358*        call printString
04023D E1          0359*        pop hl
04023E D1          0360*        pop de
04023F C9          0361*        ret
040240             0362*    
040240             0363*    ; signed version of u168_to_ascii
040240             0364*    s168_to_ascii:
040240 D5          0365*        push de ; save starting address of buffer
040241 CD 0D 05 04 0366*        call hlu_abs
040245 F5          0367*        push af ; save sign flag
040246 CD D8 01 04 0368*        call u168_to_ascii
04024A F1          0369*        pop af ; restore sign flag
04024B D1          0370*        pop de ; restore starting address of buffer
04024C F0          0371*        ret p ; hlu was positive so nothing to do
04024D 3E 2D       0372*        ld a,'-'
04024F 12          0373*        ld (de),a
040250 C9          0374*        ret
040251             0375*    
040251             0376*    print_s168:
040251 D5          0377*        push de
040252 E5          0378*        push hl
040253 11 F8 00 04 0379*        ld de,_printDecBuffer
040257 CD 40 02 04 0380*        call s168_to_ascii
04025B 21 F8 00 04 0381*        ld hl,_printDecBuffer
04025F CD 67 00 04 0382*        call printString
040263 E1          0383*        pop hl
040264 D1          0384*        pop de
040265 C9          0385*        ret
040266             0386*    
040266             0387*    print_s168_hl:
040266 F5          0388*        push af
040267 E5          0389*        push hl
040268 CD 51 02 04 0390*        call print_s168
04026C 3E 20       0391*        ld a,' '
04026E 5B D7       0392*        rst.lil 10h
040270 E1          0393*        pop hl
040271 F1          0394*        pop af
040272 C9          0395*        ret
040273             0396*    
040273             0397*    print_s168_bc:
040273 F5          0398*        push af
040274 C5          0399*        push bc
040275 E5          0400*        push hl
040276 C5          0401*        push bc
040277 E1          0402*        pop hl
040278 CD 51 02 04 0403*        call print_s168
04027C 3E 20       0404*        ld a,' '
04027E 5B D7       0405*        rst.lil 10h
040280 E1          0406*        pop hl
040281 C1          0407*        pop bc
040282 F1          0408*        pop af
040283 C9          0409*        ret
040284             0410*    
040284             0411*    print_s168_de:
040284 F5          0412*        push af
040285 D5          0413*        push de
040286 E5          0414*        push hl
040287 EB          0415*        ex de,hl
040288 CD 51 02 04 0416*        call print_s168
04028C 3E 20       0417*        ld a,' '
04028E 5B D7       0418*        rst.lil 10h
040290 E1          0419*        pop hl
040291 D1          0420*        pop de
040292 F1          0421*        pop af
040293 C9          0422*        ret
040294             0423*    
040294             0424*    print_s168_hl_bc_de:
040294 F5          0425*        push af
040295 C5          0426*        push bc
040296 D5          0427*        push de
040297 E5          0428*        push hl
040298 CD 51 02 04 0429*        call print_s168
04029C 3E 20       0430*        ld a,' '
04029E 5B D7       0431*        rst.lil 10h
0402A0 C5          0432*        push bc
0402A1 E1          0433*        pop hl
0402A2 CD 51 02 04 0434*        call print_s168
0402A6 3E 20       0435*        ld a,' '
0402A8 5B D7       0436*        rst.lil 10h
0402AA EB          0437*        ex de,hl
0402AB CD 51 02 04 0438*        call print_s168
0402AF 3E 20       0439*        ld a,' '
0402B1 5B D7       0440*        rst.lil 10h
0402B3 E1          0441*        pop hl
0402B4 D1          0442*        pop de
0402B5 C1          0443*        pop bc
0402B6 F1          0444*        pop af
0402B7 C9          0445*        ret
0402B8             0446*    
0402B8             0447*    print_s168_bc_de:
0402B8 F5          0448*        push af
0402B9 C5          0449*        push bc
0402BA D5          0450*        push de
0402BB C5          0451*        push bc
0402BC E1          0452*        pop hl
0402BD CD 51 02 04 0453*        call print_s168
0402C1 3E 20       0454*        ld a,' '
0402C3 5B D7       0455*        rst.lil 10h
0402C5 EB          0456*        ex de,hl
0402C6 CD 51 02 04 0457*        call print_s168
0402CA 3E 20       0458*        ld a,' '
0402CC 5B D7       0459*        rst.lil 10h
0402CE E1          0460*        pop hl
0402CF D1          0461*        pop de
0402D0 C1          0462*        pop bc
0402D1 F1          0463*        pop af
0402D2 C9          0464*        ret
0402D3             0465*    
0402D3             0466*    print_s168_a:
0402D3 F5          0467*        push af
0402D4 C5          0468*        push bc
0402D5 E5          0469*        push hl
0402D6 21 00 00 00 0470*        ld hl,0
0402DA 6F          0471*        ld l,a
0402DB CD 66 02 04 0472*        call print_s168_hl
0402DF E1          0473*        pop hl
0402E0 C1          0474*        pop bc
0402E1 F1          0475*        pop af
0402E2 C9          0476*        ret
0402E3             0477*    
0402E3             0478*    ; #### new functions added by Brandon R. Gates ####
0402E3             0479*    
0402E3             0480*    ; print the binary representation of the 8-bit value in a
0402E3             0481*    ; destroys a, hl, bc
0402E3             0482*    printBin8:
0402E3 06 08       0483*        ld b,8 ; loop counter for 8 bits
0402E5 21 00 03 04 0484*        ld hl,@cmd ; set hl to the low byte of the output string
0402E9             0485*        ; (which will be the high bit of the value in a)
0402E9             0486*    @loop:
0402E9 07          0487*        rlca ; put the next highest bit into carry
0402EA 38 04       0488*        jr c,@one
0402EC 36 30       0489*        ld (hl),'0'
0402EE 18 02       0490*        jr @next_bit
0402F0             0491*    @one:
0402F0 36 31       0492*        ld (hl),'1'
0402F2             0493*    @next_bit:
0402F2 23          0494*        inc hl
0402F3 10 F4       0495*        djnz @loop
0402F5             0496*    ; print it
0402F5 21 00 03 04 0497*        ld hl,@cmd
0402F9 01 08 00 00 0498*        ld bc,@end-@cmd
0402FD 5B DF       0499*        rst.lil $18
0402FF C9          0500*        ret
040300             0501*    @cmd: ds 8 ; eight bytes for eight bits
040308             0502*    @end:
040308             0503*    
040308             0504*    ; print the binary representation of the 8-bit value in a
040308             0505*    ; in reverse order (lsb first)
040308             0506*    ; destroys a, hl, bc
040308             0507*    printBin8Rev:
       FF FF FF FF 
       FF FF FF FF 
040308 06 08       0508*        ld b,8 ; loop counter for 8 bits
04030A 21 25 03 04 0509*        ld hl,@cmd ; set hl to the low byte of the output string
04030E             0510*        ; (which will be the high bit of the value in a)
04030E             0511*    @loop:
04030E 0F          0512*        rrca ; put the next lowest bit into carry
04030F 38 04       0513*        jr c,@one
040311 36 30       0514*        ld (hl),'0'
040313 18 02       0515*        jr @next_bit
040315             0516*    @one:
040315 36 31       0517*        ld (hl),'1'
040317             0518*    @next_bit:
040317 23          0519*        inc hl
040318 10 F4       0520*        djnz @loop
04031A             0521*    ; print it
04031A 21 25 03 04 0522*        ld hl,@cmd
04031E 01 08 00 00 0523*        ld bc,@end-@cmd
040322 5B DF       0524*        rst.lil $18
040324 C9          0525*        ret
040325             0526*    @cmd: ds 8 ; eight bytes for eight bits
04032D             0527*    @end:
04032D             0528*    
       FF FF FF FF 
       FF FF FF FF 
04032D 20 61 66 3D 0529*    str_afu: db " af=",0
       00          
040332 20 68 6C 3D 0530*    str_hlu: db " hl=",0
       00          
040337 20 62 63 3D 0531*    str_bcu: db " bc=",0
       00          
04033C 20 64 65 3D 0532*    str_deu: db " de=",0
       00          
040341 20 69 78 3D 0533*    str_ixu: db " ix=",0
       00          
040346 20 69 79 3D 0534*    str_iyu: db " iy=",0
       00          
04034B             0535*    
04034B             0536*    ; print udeuhl to screen in hexidecimal format
04034B             0537*    ; inputs: none
04034B             0538*    ; outputs: concatenated hexidecimal udeuhl
04034B             0539*    ; destroys: nothing
04034B             0540*    dumpUDEUHLHex:
04034B             0541*    ; store everything in scratch
04034B 22 AA 03 04 0542*        ld (uhl),hl
04034F ED 43 AD 03 0543*        ld (ubc),bc
       04          
040354 ED 53 B0 03 0544*        ld (ude),de
       04          
040359 DD 22 B3 03 0545*        ld (uix),ix
       04          
04035E FD 22 B6 03 0546*        ld (uiy),iy
       04          
040363 F5          0547*        push af
040364             0548*    
040364             0549*    ; print each register
040364             0550*    
040364 21 9E 03 04 0551*        ld hl,str_udeuhl
040368 CD 67 00 04 0552*        call printString
04036C 2A B0 03 04 0553*        ld hl,(ude)
040370 CD A0 00 04 0554*        call printHex24
040374 3E 2E       0555*        ld a,'.' ; print a dot to separate the values
040376 5B D7       0556*        rst.lil 10h
040378 2A AA 03 04 0557*        ld hl,(uhl)
04037C CD A0 00 04 0558*        call printHex24
040380 CD 7C 00 04 0559*        call printNewLine
040384             0560*    
040384             0561*    ; restore everything
040384 2A AA 03 04 0562*        ld hl, (uhl)
040388 ED 4B AD 03 0563*        ld bc, (ubc)
       04          
04038D ED 5B B0 03 0564*        ld de, (ude)
       04          
040392 DD 2A B3 03 0565*        ld ix, (uix)
       04          
040397 FD 2A B6 03 0566*        ld iy, (uiy)
       04          
04039C F1          0567*        pop af
04039D             0568*    ; all done
04039D C9          0569*        ret
04039E             0570*    
04039E 75 64 65 2E 0571*    str_udeuhl: db "ude.uhl=",0
       75 68 6C 3D 
       00          
0403A7             0572*    
0403A7             0573*    ; global scratch memory for registers
0403A7 00 00 00    0574*    uaf: dl 0
0403AA 00 00 00    0575*    uhl: dl 0
0403AD 00 00 00    0576*    ubc: dl 0
0403B0 00 00 00    0577*    ude: dl 0
0403B3 00 00 00    0578*    uix: dl 0
0403B6 00 00 00    0579*    uiy: dl 0
0403B9 00 00 00    0580*    usp: dl 0
0403BC 00 00 00    0581*    upc: dl 0
0403BF             0582*    
0403BF             0583*    
0403BF             0584*    ; set all the bits in the flag register
0403BF             0585*    ; more of an academic exercise than anything useful
0403BF             0586*    ; inputs; none
0403BF             0587*    ; outputs; a=0,f=255
0403BF             0588*    ; destroys: flags, hl
0403BF             0589*    ; preserves: a, because why not
0403BF             0590*    setAllFlags:
0403BF 21 FF 00 00 0591*        ld hl,255
0403C3 67          0592*        ld h,a ; four cycles to preserve a is cheap
0403C4 E5          0593*        push hl
0403C5 F1          0594*        pop af
0403C6 C9          0595*        ret
0403C7             0596*    
0403C7             0597*    ; reset all the bits in the flag register
0403C7             0598*    ; unlike its inverse counterpart, this may actually be useful
0403C7             0599*    ; inputs; none
0403C7             0600*    ; outputs; a=0,f=0
0403C7             0601*    ; destroys: flags, hl
0403C7             0602*    ; preserves: a, because why not
0403C7             0603*    resetAllFlags:
0403C7 21 00 00 00 0604*        ld hl,0
0403CB 67          0605*        ld h,a ; four cycles to preserve a is cheap
0403CC E5          0606*        push hl
0403CD F1          0607*        pop af
0403CE C9          0608*        ret
0403CF             0609*    
0403CF             0610*    ; wait until user presses a key
0403CF             0611*    ; inputs: none
0403CF             0612*    ; outputs: ascii code of key pressed in a
0403CF             0613*    ; destroys: af,ix
0403CF             0614*    waitKeypress:
0403CF             0615*        MOSCALL mos_getkey
                       M1 Args: function=mos_getkey 
0403CF 3E 00       0001*M1  			LD	A, function
0403D1 5B CF       0002*M1  			RST.LIL	08h
0403D3 C9          0616*        ret
0403D4             0617*    
0403D4             0618*    ; clear a block of memory by writing a prescribed value to each byte in the range
0403D4             0619*    ; inputs: a = value to write, hl = address of first byte, bc = number of bytes
0403D4             0620*    ; outputs: memory block is cleared
0403D4             0621*    ; destroys: hl, bc, de
0403D4             0622*    clear_mem:
0403D4 0B          0623*        dec bc ; we do this because we will increment de before writing the first byte
0403D5 77          0624*        ld (hl),a
0403D6 E5          0625*        push hl
0403D7 D1          0626*        pop de
0403D8 13          0627*        inc de ; target address
0403D9 ED B0       0628*        ldir
0403DB C9          0629*        ret
0403DC             0033         include "arith24.inc"
0403DC             0001*    ;------------------------------------------------------------------------
0403DC             0002*    ;  arith24.asm
0403DC             0003*    ;  24-bit ez80 arithmetic routines
0403DC             0004*    ;  Copyright (c) Shawn Sijnstra 2024
0403DC             0005*    ;  MIT license
0403DC             0006*    ;
0403DC             0007*    ;  This library was created as a tool to help make ez80
0403DC             0008*    ;  24-bit native assembly routines for simple mathematical problems
0403DC             0009*    ;  more widely available.
0403DC             0010*    ;
0403DC             0011*    ;------------------------------------------------------------------------
0403DC             0012*    
0403DC             0013*    ;------------------------------------------------------------------------
0403DC             0014*    ; umul24:	HL = HL*DE (unsigned)
0403DC             0015*    ; Preserves AF, BC, DE
0403DC             0016*    ; Uses a fast multiply routine.
0403DC             0017*    ;------------------------------------------------------------------------
0403DC             0018*    umul24:
0403DC D5          0019*    	push	DE
0403DD C5          0020*    	push	BC
0403DE F5          0021*    	push	AF
0403DF E5          0022*    	push	HL
0403E0 C1          0023*    	pop		BC
0403E1 3E 18       0024*        ld	 	a, 24 ; No. of bits to process
0403E3 21 00 00 00 0025*        ld	 	hl, 0 ; Result
0403E7             0026*    umul24_lp:
0403E7 29          0027*    	add	hl,hl
0403E8 EB          0028*    	ex	de,hl
0403E9 29          0029*    	add	hl,hl
0403EA EB          0030*    	ex	de,hl
0403EB 30 01       0031*    	jr	nc,umul24_nc
0403ED 09          0032*    	add	hl,bc
0403EE             0033*    umul24_nc:
0403EE 3D          0034*    	dec	a
0403EF 20 F6       0035*    	jr	nz,umul24_lp
0403F1 F1          0036*    	pop	af
0403F2 C1          0037*    	pop	bc
0403F3 D1          0038*    	pop	de
0403F4 C9          0039*    	ret
0403F5             0040*    
0403F5             0041*    
0403F5             0042*    ;------------------------------------------------------------------------
0403F5             0043*    ; udiv24
0403F5             0044*    ; Unsigned 24-bit division
0403F5             0045*    ; Divides HLU by DEU. Gives result in DEU (and BC), remainder in HLU.
0403F5             0046*    ;
0403F5             0047*    ; Uses AF BC DE HL
0403F5             0048*    ; Uses Restoring Division algorithm
0403F5             0049*    ;------------------------------------------------------------------------
0403F5             0050*    
0403F5             0051*    udiv24:
0403F5 E5          0052*    	push	hl
0403F6 C1          0053*    	pop		bc	;move dividend to BCU
0403F7 21 00 00 00 0054*    	ld		hl,0	;result
0403FB A7          0055*    	and		a
0403FC ED 52       0056*    	sbc		hl,de	;test for div by 0
0403FE C8          0057*    	ret		z		;it's zero, carry flag is clear
0403FF 19          0058*    	add		hl,de	;HL is 0 again
040400 3E 18       0059*    	ld		a,24	;number of loops through.
040402             0060*    udiv1:
040402 C5          0061*    	push	bc	;complicated way of doing this because of lack of access to top bits
040403 E3          0062*    	ex		(sp),hl
040404 37          0063*    	scf
040405 ED 6A       0064*    	adc	hl,hl
040407 E3          0065*    	ex	(sp),hl
040408 C1          0066*    	pop	bc		;we now have bc = (bc * 2) + 1
040409             0067*    
040409 ED 6A       0068*    	adc	hl,hl
04040B A7          0069*    	and	a		;is this the bug
04040C ED 52       0070*    	sbc	hl,de
04040E 30 02       0071*    	jr	nc,udiv2
040410 19          0072*    	add	hl,de
040411             0073*    ;	dec	c
040411 0B          0074*    	dec	bc
040412             0075*    udiv2:
040412 3D          0076*    	dec	a
040413 20 ED       0077*    	jr	nz,udiv1
040415 37          0078*    	scf		;flag used for div0 error
040416 C5          0079*    	push	bc
040417 D1          0080*    	pop		de	;remainder
040418 C9          0081*    	ret
040419             0082*    
040419             0083*    
040419             0084*    
040419             0085*    ;------------------------------------------------------------------------
040419             0086*    ; neg24
040419             0087*    ; Returns: HLU = 0-HLU
040419             0088*    ; preserves all other registers
040419             0089*    ;------------------------------------------------------------------------
040419             0090*    neg24:
040419 D5          0091*    	push	de
04041A EB          0092*    	ex		de,hl
04041B 21 00 00 00 0093*    	ld		hl,0
04041F B7          0094*    	or		a
040420 ED 52       0095*    	sbc		hl,de
040422 D1          0096*    	pop		de
040423 C9          0097*    	ret
040424             0098*    
040424             0099*    ;------------------------------------------------------------------------
040424             0100*    ; or_hlu_deu: 24 bit bitwise OR
040424             0101*    ; Returns: hlu = hlu OR deu
040424             0102*    ; preserves all other registers
040424             0103*    ;------------------------------------------------------------------------
040424             0104*    or_hlu_deu:
040424 22 AD 04 04 0105*    	ld	(bitbuf1),hl
040428 ED 53 B0 04 0106*    	ld	(bitbuf2),de
       04          
04042D D5          0107*    	push	de	;preserve DEU
04042E C5          0108*    	push	bc	;preserve BCU
04042F 06 03       0109*    	ld		b,3
040431 21 AD 04 04 0110*    	ld	hl,bitbuf1
040435 11 AD 04 04 0111*    	ld	de,bitbuf1
040439             0112*    orloop_24:
040439 1A          0113*    	ld	a,(de)
04043A B6          0114*    	or	(hl)
04043B 12          0115*    	ld	(de),a
04043C 13          0116*    	inc	de
04043D 23          0117*    	inc	hl
04043E 10 F9       0118*    	djnz	orloop_24
040440 2A B0 04 04 0119*    	ld	hl,(bitbuf2)
040444 C1          0120*    	pop		bc	;restore BC
040445 D1          0121*    	pop		de	;restore DE
040446             0122*    
040446             0123*    ;------------------------------------------------------------------------
040446             0124*    ; and_hlu_deu: 24 bit bitwise AND
040446             0125*    ; Returns: hlu = hlu AND deu
040446             0126*    ; preserves all other registers
040446             0127*    ;------------------------------------------------------------------------
040446             0128*    and_hlu_deu:
040446 22 AD 04 04 0129*    	ld	(bitbuf1),hl
04044A ED 53 B0 04 0130*    	ld	(bitbuf2),de
       04          
04044F D5          0131*    	push	de	;preserve DEU
040450 C5          0132*    	push	bc	;preserve BCU
040451 06 03       0133*    	ld		b,3
040453 21 AD 04 04 0134*    	ld	hl,bitbuf1
040457 11 AD 04 04 0135*    	ld	de,bitbuf1
04045B             0136*    andloop_24:
04045B 1A          0137*    	ld	a,(de)
04045C A6          0138*    	and	(hl)
04045D 12          0139*    	ld	(de),a
04045E 13          0140*    	inc	de
04045F 23          0141*    	inc	hl
040460 10 F9       0142*    	djnz	andloop_24
040462 2A B0 04 04 0143*    	ld	hl,(bitbuf2)
040466 C1          0144*    	pop		bc	;restore BC
040467 D1          0145*    	pop		de	;restore DE
040468             0146*    
040468             0147*    ;------------------------------------------------------------------------
040468             0148*    ; xor_hlu_deu: 24 bit bitwise XOR
040468             0149*    ; Returns: hlu = hlu XOR deu
040468             0150*    ; preserves all other registers
040468             0151*    ;------------------------------------------------------------------------
040468             0152*    xor_hlu_deu:
040468 22 AD 04 04 0153*    	ld	(bitbuf1),hl
04046C ED 53 B0 04 0154*    	ld	(bitbuf2),de
       04          
040471 D5          0155*    	push	de	;preserve DEU
040472 C5          0156*    	push	bc	;preserve BCU
040473 06 03       0157*    	ld		b,3
040475 21 AD 04 04 0158*    	ld	hl,bitbuf1
040479 11 AD 04 04 0159*    	ld	de,bitbuf1
04047D             0160*    xorloop_24:
04047D 1A          0161*    	ld	a,(de)
04047E AE          0162*    	xor	(hl)
04047F 12          0163*    	ld	(de),a
040480 13          0164*    	inc	de
040481 23          0165*    	inc	hl
040482 10 F9       0166*    	djnz	xorloop_24
040484 2A B0 04 04 0167*    	ld	hl,(bitbuf2)
040488 C1          0168*    	pop		bc	;restore BC
040489 D1          0169*    	pop		de	;restore DE
04048A             0170*    
04048A             0171*    ;------------------------------------------------------------------------
04048A             0172*    ; shl_hlu: 24 bit shift left hlu by a positions
04048A             0173*    ; Returns: hlu = hlu << a
04048A             0174*    ;		   a = 0
04048A             0175*    ; NOTE: only considers a up to 16 bits.
04048A             0176*    ; preserves all other registers
04048A             0177*    ; modified by Brandon R. Gates to use a instead of de
04048A             0178*    ;------------------------------------------------------------------------
04048A             0179*    shl_hlu:
04048A B7          0180*    	or a
04048B C8          0181*    	ret		z		;we're done
04048C 29          0182*    	add		hl,hl	;shift HLU left
04048D 3D          0183*    	dec a
04048E 18 FA       0184*    	jr		shl_hlu
040490             0185*    
040490             0186*    ;------------------------------------------------------------------------
040490             0187*    ; shr_hlu: 24 bit shift right hlu by a positions
040490             0188*    ; Returns: hlu = hlu >> a
040490             0189*    ;		   a = 0
040490             0190*    ; NOTE: only considers a up to 16 bits.
040490             0191*    ; preserves all other registers
040490             0192*    ; modified by Brandon R. Gates to use a instead of de
040490             0193*    ;------------------------------------------------------------------------
040490             0194*    shr_hlu:
040490 22 AD 04 04 0195*    	ld		(bitbuf1),hl
040494 21 AF 04 04 0196*    	ld		hl,bitbuf1+2
040498             0197*    @shr_loop:
040498 B7          0198*    	or a
040499 28 0D       0199*    	jr		z,@shr_done		;we're done
04049B             0200*    ;carry is clear from or instruction
04049B CB 1E       0201*    	rr		(hl)
04049D 2B          0202*    	dec		hl
04049E CB 1E       0203*    	rr		(hl)
0404A0 2B          0204*    	dec		hl
0404A1 CB 1E       0205*    	rr		(hl)
0404A3 23          0206*    	inc		hl
0404A4 23          0207*    	inc		hl
0404A5 3D          0208*    	dec a
0404A6 18 F0       0209*    	jr		@shr_loop
0404A8             0210*    @shr_done:
0404A8 2A AD 04 04 0211*    	ld		hl,(bitbuf1)	;collect result
0404AC C9          0212*    	ret
0404AD             0213*    
0404AD             0214*    ;------------------------------------------------------------------------
0404AD             0215*    ; Scratch area for calculations
0404AD             0216*    ;------------------------------------------------------------------------
0404AD 00 00 00    0217*    bitbuf1:	dw24	0	;bit manipulation buffer 1
0404B0 00 00 00    0218*    bitbuf2:	dw24	0	;bit manipulation buffer 2
0404B3             0219*    
0404B3             0220*    ; -----------------------------------------------------------------------
0404B3             0221*    ; Functions added by Brandon R. Gates
0404B3             0222*    ; -----------------------------------------------------------------------
0404B3             0223*    
0404B3             0224*    ;------------------------------------------------------------------------
0404B3             0225*    ; shr_hlu_div: Quick division by powers of two based on log2 of A
0404B3             0226*    ;              Determines the LSB of A and shifts HLU accordingly.
0404B3             0227*    ;              HLU = HLU >> LSB(A)
0404B3             0228*    ; Returns: HLU = HLU >> LSB(A)
0404B3             0229*    ; Destroys: af
0404B3             0230*    ;------------------------------------------------------------------------
0404B3             0231*    shr_hlu_log2a:
0404B3 B7          0232*    	or a    ; check for zero
0404B4 C8          0233*    	ret z   ; nothing to shift so we're done
0404B5 C5          0234*    	push 	bc ; preserve
0404B6 06 00       0235*    	ld		b,0 ; clear b
0404B8             0236*    @find_bit:
0404B8 0F          0237*    	rrca ; bit 0 to carry
0404B9 DA C2 04 04 0238*    	jp c,@found_bit
0404BD 04          0239*    	inc b ; next bit
0404BE C3 B8 04 04 0240*    	jp @find_bit
0404C2             0241*    @found_bit:
0404C2 78          0242*    	ld a,b
0404C3 CD 90 04 04 0243*    	call shr_hlu
0404C7 C1          0244*    	pop 	bc ; restore
0404C8 C9          0245*    	ret
0404C9             0246*    ; end shr_hlu_log2a
0404C9             0247*    
0404C9             0248*    ;------------------------------------------------------------------------
0404C9             0249*    ; shl_hlu_log2a: Quick multiplication by powers of two based on log2 of A
0404C9             0250*    ;                Determines the LSB of A and shifts HLU accordingly.
0404C9             0251*    ;                HLU = HLU << LSB(A)
0404C9             0252*    ; Returns: HLU = HLU << LSB(A)
0404C9             0253*    ; Destroys: af
0404C9             0254*    ;------------------------------------------------------------------------
0404C9             0255*    shl_hlu_log2a:
0404C9 B7          0256*    	or a    ; check for zero
0404CA C8          0257*    	ret z   ; nothing to shift so we're done
0404CB C5          0258*    	push 	bc ; preserve
0404CC 06 00       0259*    	ld		b,0 ; clear b
0404CE             0260*    @find_bit:
0404CE 0F          0261*    	rrca ; bit 0 to carry
0404CF DA D8 04 04 0262*    	jp c,@found_bit
0404D3 04          0263*    	inc b ; next bit
0404D4 C3 CE 04 04 0264*    	jp @find_bit
0404D8             0265*    @found_bit:
0404D8 78          0266*    	ld a,b
0404D9 CD 8A 04 04 0267*    	call shl_hlu
0404DD C1          0268*    	pop 	bc ; restore
0404DE C9          0269*    	ret
0404DF             0270*    ; end shl_hlu_log2a
0404DF             0271*    
0404DF             0272*    
0404DF             0273*    ; UHL / UDE --> UDE (signed), remainder UHL (unsigned)
0404DF F5          0274*    push af ; dummy push to make IDE happy
0404E0             0275*    sdiv24:
0404E0             0276*    ; make everything positive and store sign flags
0404E0 CD 0D 05 04 0277*        call hlu_abs
0404E4 F5          0278*        push af
0404E5 EB          0279*        ex de,hl
0404E6 CD 0D 05 04 0280*        call hlu_abs
0404EA EB          0281*        ex de,hl
0404EB F5          0282*        push af
0404EC             0283*    ; do the division
0404EC CD F5 03 04 0284*        call udiv24 ; de = quotient, hl = remainder
0404F0             0285*    ; adjust sign of result
0404F0 F1          0286*        pop af ; sign de
0404F1 FA FE 04 04 0287*        jp m,@de_neg
0404F5 F1          0288*        pop af ; sign hl
0404F6 F0          0289*        ret p ; both positive, nothing to do
0404F7             0290*    @hl_neg:
0404F7 EB          0291*        ex de,hl ; quotient to hl for sign adjustment
0404F8 CD 1D 05 04 0292*        call neg_hlu ; de pos, hl neg, result is negative
0404FC EB          0293*        ex de,hl ; negated quotient to de
0404FD C9          0294*        ret
0404FE             0295*    @de_neg:
0404FE F1          0296*        pop af
0404FF F8          0297*        ret m ; both negative, nothing to do
040500 EB          0298*        ex de,hl ; quotient to hl for sign adjustment
040501 CD 1D 05 04 0299*        call neg_hlu ; result is negative
040505 EB          0300*        ex de,hl ; negated quotient to de
040506 C9          0301*        ret
040507             0034         include "maths.inc"
040507             0001*    ;------------------------------------------------------------------------
040507             0002*    ; Scratch area for calculations
040507             0003*    ;------------------------------------------------------------------------
040507 00 00 00    0004*    scratch1: dw24 0 ;bit manipulation buffer 1
04050A 00 00 00    0005*    scratch2: dw24 0 ;bit manipulation buffer 2
04050D             0006*    
04050D             0007*    ; absolute value of hlu
04050D             0008*    ; returns: abs(hlu), flags set according to the incoming sign of hlu:
04050D             0009*    ;         s1,z0,pv0,n1,c0 if hlu was negative
04050D             0010*    ;         s0,z1,pv0,n1,c0 if hlu was zero
04050D             0011*    ;         s0,z0,pv0,n1,c0 if hlu was positive
04050D             0012*    ; destroys: a
04050D             0013*    hlu_abs:
04050D 19          0014*        add hl,de
04050E B7          0015*        or a
04050F ED 52       0016*        sbc hl,de
040511 FA 16 05 04 0017*        jp m,@is_neg
040515 C9          0018*        ret ; hlu is positive or zero so we're done
040516             0019*    @is_neg:
040516 F5          0020*        push af ; otherwise, save current flags for return
040517 CD 1D 05 04 0021*        call neg_hlu ; negate hlu
04051B F1          0022*        pop af ; get back flags
04051C C9          0023*        ret
04051D             0024*    
04051D             0025*    ; flip the sign of hlu
04051D             0026*    ; inputs: hlu
04051D             0027*    ; returns: 0-hlu, flags set appropriately for the result:
04051D             0028*    ;         s1,z0,pv0,n1,c1 if result is negative
04051D             0029*    ;         s0,z1,pv0,n1,c0 if result is zero
04051D             0030*    ;         s0,z0,pv0,n1,c1 if result is positive
04051D             0031*    ; destroys a
04051D             0032*    neg_hlu:
04051D D5          0033*        push de ; save de
04051E EB          0034*        ex de,hl ; put hl into de
04051F 21 00 00 00 0035*        ld hl,0 ; clear hl
040523 AF          0036*        xor a ; clear carry
040524 ED 52       0037*        sbc hl,de ; 0-hlu = -hlu
040526 D1          0038*        pop de ; get de back
040527 C9          0039*        ret ; easy peasy
040528             0040*    
040528             0041*    ;------------------------------------------------------------------------
040528             0042*    ; divide hlu by 2, inspired by above
040528             0043*    ;------------------------------------------------------------------------
040528             0044*    hlu_div2:
040528 22 07 05 04 0045*        ld (scratch1),hl
04052C 21 09 05 04 0046*        ld hl,scratch1+2
040530 CB 1E       0047*        rr (hl)
040532 2B          0048*        dec hl
040533 CB 1E       0049*        rr (hl)
040535 2B          0050*        dec hl
040536 CB 1E       0051*        rr (hl)
040538 23          0052*        inc hl
040539 23          0053*        inc hl
04053A 2A 07 05 04 0054*        ld hl,(scratch1)
04053E C9          0055*        ret
04053F             0056*    
04053F             0057*    ; this is my little hack to divide by 16
04053F             0058*    hlu_div16:
04053F AF          0059*        xor a
040540 29          0060*        add hl,hl
040541 17          0061*        rla
040542 29          0062*        add hl,hl
040543 17          0063*        rla
040544 29          0064*        add hl,hl
040545 17          0065*        rla
040546 29          0066*        add hl,hl
040547 17          0067*        rla
040548 22 55 05 04 0068*        ld (@scratch),hl
04054C 32 58 05 04 0069*        ld (@scratch+3),a
040550 2A 56 05 04 0070*        ld hl,(@scratch+1)
040554 C9          0071*        ret
040555             0072*    @scratch: ds 4
040559             0073*    
040559             0074*    ; hlu signed division by 256
040559             0075*    ; returns: hlu / 256
040559             0076*    ; destroys: af
040559             0077*    hlu_sdiv256:
       FF FF FF FF 
040559 AF          0078*        xor a ; assume hl is positive
04055A 22 70 05 04 0079*        ld (@buffer),hl
04055E             0080*        SIGN_UHL
                       M1 Args: none
04055E 19          0001*M1      add hl,de ; 1 cycle
04055F B7          0002*M1      or a ; clear flags ; 1 cycle
040560 ED 52       0003*M1      sbc hl,de ; 2 cycles
040562             0004*M1      ; 4 cycles total
040562 F2 67 05 04 0081*        jp p,@hl_pos
040566 3D          0082*        dec a
040567             0083*    @hl_pos:
040567 32 73 05 04 0084*        ld (@buffer+3),a
04056B 2A 71 05 04 0085*        ld hl,(@buffer+1)
04056F C9          0086*        ret
040570             0087*    @buffer: ds 4
040574             0088*    
040574             0089*    ; hlu 1 byte right shift, unsigned
040574             0090*    ; returns: hlu / 256, fractional portion in a
040574             0091*    ; destroys: af
040574             0092*    hlu_udiv256:
       FF FF FF FF 
040574 AF          0093*        xor a
040575 32 86 05 04 0094*        ld (@buffer+3),a
040579 7D          0095*        ld a,l ; save the fractional portion
04057A 22 83 05 04 0096*        ld (@buffer),hl
04057E 2A 84 05 04 0097*        ld hl,(@buffer+1)
040582 C9          0098*        ret
040583             0099*    @buffer: ds 4
040587             0100*    
040587             0101*    ; floor(value,n)
040587             0102*    ; inputs: hl = value to floor, de = n
040587             0103*    ; outputs: hl = value floored to n
040587             0104*    ; destroys: af, hl, bc, de
040587             0105*    hlu_floor:
       FF FF FF FF 
040587 D5          0106*        push de ; save n
040588 CD F5 03 04 0107*        call udiv24 ; de = quotient, hl = remainder
04058C E1          0108*        pop hl ; get n back (was de)
04058D CD DC 03 04 0109*        call umul24 ; hl = n * quotient
040591 C9          0110*        ret
040592             0111*    ; end hlu_floor
040592             0112*    
040592             0113*    ; ceil(value,n)
040592             0114*    ; inputs: hl = value to ceil, de = n
040592             0115*    ; outputs: hl = value ceiled to n
040592             0116*    ; destroys: af, hl, bc, de
040592             0117*    hlu_ceiling:
040592 D5          0118*        push de ; save n
040593 CD F5 03 04 0119*        call udiv24 ; de = quotient, hl = remainder
040597             0120*        SIGN_UHL ; test remaider for zero
                       M1 Args: none
040597 19          0001*M1      add hl,de ; 1 cycle
040598 B7          0002*M1      or a ; clear flags ; 1 cycle
040599 ED 52       0003*M1      sbc hl,de ; 2 cycles
04059B             0004*M1      ; 4 cycles total
04059B CA A0 05 04 0121*        jp z,@F ; if zero, nothing to add
04059F 13          0122*        inc de ; add 1 to quotient for the ceiling
0405A0             0123*    @@:
0405A0 E1          0124*        pop hl ; get n back (was de)
0405A1 CD DC 03 04 0125*        call umul24 ; hl = n * quotient
0405A5 C9          0126*        ret
0405A6             0127*    ; end hlu_ceiling
0405A6             0128*    
0405A6 C9          0129*        ret
0405A7             0130*    
0405A7 00 00 00 00 0131*    add_bcd_arg1: db #00,#00,#00,#00
0405AB 00 00 00 00 0132*    add_bcd_arg2: db #00,#00,#00,#00
0405AF             0133*    
0405AF             0134*    ; set bcd values in a scratch memory address from registers bcde
0405AF             0135*    ; input: hl; scratch address,bcde; 8-place bcd number
0405AF             0136*    ; destroys ; hl
0405AF             0137*    set_bcd:
0405AF 73          0138*        ld (hl),e
0405B0 23          0139*        inc hl
0405B1 72          0140*        ld (hl),d
0405B2 23          0141*        inc hl
0405B3 71          0142*        ld (hl),c
0405B4 23          0143*        inc hl
0405B5 70          0144*        ld (hl),b
0405B6 C9          0145*        ret
0405B7             0146*    
0405B7             0147*    ; load bcd values from a scratch memory address to bcde
0405B7             0148*    ; input: hl; scratch address
0405B7             0149*    ; output: bcde; 8-place bcd number
0405B7             0150*    ; destroys: hl
0405B7             0151*    get_bcd:
0405B7 5E          0152*        ld e,(hl)
0405B8 23          0153*        inc hl
0405B9 56          0154*        ld d,(hl)
0405BA 23          0155*        inc hl
0405BB 4E          0156*        ld c,(hl)
0405BC 23          0157*        inc hl
0405BD 46          0158*        ld b,(hl)
0405BE C9          0159*        ret
0405BF             0160*    
0405BF             0161*    ; BCD addition
0405BF             0162*    ; inputs: (hl) and (de) point to BCD numbers of equal length (divisible by 2)
0405BF             0163*    ;       a is the number of bytes holding each number (number of places/2)
0405BF             0164*    ; outputs: (hl) + (de) --> (hl)
0405BF             0165*    ; destroys: a,b,de,hl
0405BF             0166*    add_bcd:
0405BF 47          0167*        ld b,a ; loop counter
0405C0 AF          0168*        xor a ; reset a, clear carry flag
0405C1             0169*    adcec:
0405C1 1A          0170*        ld a,(de) ; addend to acc
0405C2 8E          0171*        adc a,(hl) ; add (hl) to acc
0405C3 27          0172*        daa ; adjust result to bcd
0405C4 77          0173*        ld (hl),a ; store result
0405C5 23          0174*        inc hl ; advance memory pointers
0405C6 13          0175*        inc de
0405C7 10 F8       0176*        djnz adcec ; loop until b == 0
0405C9 C9          0177*        ret
0405CA             0178*    
0405CA             0179*    ; BCD subtraction
0405CA             0180*    ; inputs: (hl) and (de) point to BCD numbers of equal length (divisible by 2)
0405CA             0181*    ;       a is the number of bytes holding each number (number of places/2)
0405CA             0182*    ; outputs: (hl) - (de) --> (hl)
0405CA             0183*    ; destroys: a,b,de,hl
0405CA             0184*    sub_bcd:
0405CA 47          0185*        ld b,a ; loop counter
0405CB AF          0186*        xor a ; reset a,clear carry flag
0405CC             0187*    subdec:
0405CC 1A          0188*        ld a,(de) ; subtrahend to acc
0405CD 9E          0189*        sbc a,(hl) ; subtract (hl) from acc
0405CE 27          0190*        daa ; adjust result to bcd
0405CF 77          0191*        ld (hl),a ; store result
0405D0 23          0192*        inc hl ; advance memory pointers
0405D1 13          0193*        inc de
0405D2 10 F8       0194*        djnz subdec ; loop until b == 0
0405D4 C9          0195*        ret
0405D5             0196*    
0405D5             0197*    ; http://www.z80.info/pseudo-random.txt
0405D5             0198*    rand_8:
0405D5 C5          0199*        push bc
0405D6 3A E9 05 04 0200*        ld a,(r_seed)
0405DA 4F          0201*        ld c,a
0405DB             0202*    
0405DB 0F          0203*        rrca ; multiply by 32
0405DC 0F          0204*        rrca
0405DD 0F          0205*        rrca
0405DE EE 1F       0206*        xor 0x1f
0405E0             0207*    
0405E0 81          0208*        add a,c
0405E1 DE FF       0209*        sbc a,255 ; carry
0405E3             0210*    
0405E3 32 E9 05 04 0211*        ld (r_seed),a
0405E7 C1          0212*        pop bc
0405E8 C9          0213*        ret
0405E9 50          0214*    r_seed: defb $50
0405EA             0215*    
0405EA             0216*    ; https://www.omnimaga.org/asm-language/ez80-optimized-routines/msg399325/#msg399325
0405EA             0217*    prng24:
0405EA             0218*    ;;Expects ADL mode.
0405EA             0219*    ;;Output: HL
0405EA             0220*    ;;50cc
0405EA             0221*    ;;33 bytes
0405EA             0222*    ;;cycle length: 281,474,959,933,440 (about 2.8 trillion)
0405EA ED 5B 0B 06 0223*        ld de,(seed1)
       04          
0405EF B7          0224*        or a
0405F0 ED 62       0225*        sbc hl,hl
0405F2 19          0226*        add hl,de
0405F3 29          0227*        add hl,hl
0405F4 29          0228*        add hl,hl
0405F5 2C          0229*        inc l
0405F6 19          0230*        add hl,de
0405F7 22 0B 06 04 0231*        ld (seed1),hl
0405FB 2A 0E 06 04 0232*        ld hl,(seed2)
0405FF 29          0233*        add hl,hl
040600 9F          0234*        sbc a,a
040601 E6 1B       0235*        and %00011011
040603 AD          0236*        xor l
040604 6F          0237*        ld l,a
040605 22 0E 06 04 0238*        ld (seed2),hl
040609 19          0239*        add hl,de
04060A C9          0240*        ret
04060B 00 00 00    0241*    seed1: dl 0
04060E 00 00 00    0242*    seed2: dl 0
040611             0243*    
040611             0244*    
040611             0245*    ; https://map.grauw.nl/sources/external/z80bits.html#2.1
040611             0246*    ; h / l -> h, remain a
040611             0247*    ; 2.1 Restoring 8-bit / 8-bit Unsigned
040611             0248*    ; Input: H = Dividend, L = Divisor, A = 0
040611             0249*    ; Output: H = Quotient, A = Remainder, L = Divisor (unchanged)
040611             0250*    udiv8:
040611 AF          0251*        xor a
040612 06 08       0252*        ld b,8
040614             0253*    @loop:
040614 CB 24       0254*        sla h
040616 17          0255*        rla
040617 BD          0256*        cp l
040618 38 02       0257*        jr c,$+4
04061A 95          0258*        sub l
04061B 24          0259*        inc h
04061C 10 F6       0260*        djnz @loop
04061E C9          0261*        ret
04061F             0262*    
04061F             0263*    ; https://www.omnimaga.org/asm-language/(z80)-32-bit-by-16-bits-division-and-32-bit-square-root/msg406903/#msg406903
04061F             0264*    ; This divides HLIX by BC
04061F             0265*    ; The result is stored in HLIX, the remainder in DE
04061F             0266*    ; BC is unmodified
04061F             0267*    ; A is 0
04061F             0268*    udiv3216:
04061F 11 00 00 00 0269*        ld de,0		; 10
040623 3E 20       0270*        ld a,32		; 7
040625             0271*    @loop:
040625 52 DD 29    0272*        add.s ix,ix		; 15
040628 52 ED 6A    0273*        adc.s hl,hl		; 15
04062B EB          0274*        ex de,hl		; 4
04062C 52 ED 6A    0275*        adc.s hl,hl		; 15
04062F B7          0276*        or a			; 4
040630 52 ED 42    0277*        sbc.s hl,bc		; 15
040633 52 DD 23    0278*        inc.s ix		; 10
040636 30 05       0279*        jr nc,@cansub		; 12/7
040638 52 09       0280*        add.s hl,bc		; 11
04063A 52 DD 2B    0281*        dec.s ix		; 10
04063D             0282*    @cansub:
04063D EB          0283*        ex de,hl		; 4
04063E 3D          0284*        dec a		; 4
04063F 20 E4       0285*        jr nz,@loop	; 12/7
040641 C9          0286*        ret			; 10
040642             0287*    ; end udiv3216
040642             0288*    
040642             0289*    ; https://discord.com/channels/1158535358624039014/1282290921815408681/1329274504022720512
040642             0290*    ; calc84maniac's 32-bit by 23-bit division routine
040642             0291*    ; This divides AUIX by UDE (maximum 23 bits)
040642             0292*    ; The result is stored in AUIX, the remainder in UHL
040642             0293*    ; UDE, C are unmodified
040642             0294*    ; B is 0
040642             0295*    udiv3223:
040642 B7          0296*        or a,a         ; 1
040643 ED 62       0297*        sbc hl,hl      ; 2
040645 06 20       0298*        ld b,32        ; 2
040647             0299*    @loop:
040647 DD 29       0300*        add ix,ix      ; 2
040649 8F          0301*        adc a,a        ; 1
04064A ED 6A       0302*        adc hl,hl      ; 2
04064C ED 52       0303*        sbc hl,de      ; 2
04064E DD 23       0304*        inc ix         ; 2
040650 30 03       0305*        jr nc,@cansub  ; 2/4
040652 19          0306*        add hl,de      ; 1
040653 DD 2B       0307*        dec ix         ; 2
040655             0308*    @cansub:
040655 10 F0       0309*        djnz @loop     ; 2/4
040657 C9          0310*        ret            ; 10
040658             0311*    ; end udiv3223
040658             0312*    
040658             0313*    ; calc84maniac https://discord.com/channels/1158535358624039014/1282290921815408681/1330991583369101322
040658             0314*    ; add uhl to signed integer a
040658             0315*    add_uhl_a_signed:
040658 D5          0316*        push de    ; 4 cycles
040659 EB          0317*        ex de, hl  ; 1 cycle  UDE = UHL
04065A 07          0318*        rlca       ; 1 cycle  CF = signbit(A)
04065B ED 62       0319*        sbc hl, hl ; 2 cycles UHL = -signbit(A)
04065D 0F          0320*        rrca       ; 1 cycle  Restore A
04065E 6F          0321*        ld l, a    ; 1 cycle  UHL = signext(A)
04065F 19          0322*        add hl, de ; 1 cycle  UHL = UDE + signext(A)
040660 D1          0323*        pop de     ; 4 cycles
040661             0324*                   ; 15 cycles total
040661 C9          0325*        ret
040662             0326*    ; end hlu_add_a_signed
040662             0035         include "font.inc"
040662             0001*    Lat2_VGA8_8x8: equ 64016
040662             0002*    font_data:
040662             0003*        ; incbin "../assets/fonts/Lat2-VGA8_8x8.font"
040662             0004*        include "../fonts/Lat2-VGA8_8x8.font.inc"
040662             0001**   ; 0 NULL
040662 00          0002**       db %00000000
040663 00          0003**       db %00000000
040664 78          0004**       db %01111000
040665 0C          0005**       db %00001100
040666 7C          0006**       db %01111100
040667 CC          0007**       db %11001100
040668 76          0008**       db %01110110
040669 0F          0009**       db %00001111
04066A             0010**   
04066A             0011**   ; 1 START_OF_HEADING
04066A 3C          0012**       db %00111100
04066B 42          0013**       db %01000010
04066C B9          0014**       db %10111001
04066D A5          0015**       db %10100101
04066E B9          0016**       db %10111001
04066F A5          0017**       db %10100101
040670 42          0018**       db %01000010
040671 3C          0019**       db %00111100
040672             0020**   
040672             0021**   ; 2 START_OF_TEXT
040672 00          0022**       db %00000000
040673 00          0023**       db %00000000
040674 18          0024**       db %00011000
040675 3C          0025**       db %00111100
040676 66          0026**       db %01100110
040677 FF          0027**       db %11111111
040678 00          0028**       db %00000000
040679 00          0029**       db %00000000
04067A             0030**   
04067A             0031**   ; 3 END_OF_TEXT
04067A 7E          0032**       db %01111110
04067B 81          0033**       db %10000001
04067C A5          0034**       db %10100101
04067D 81          0035**       db %10000001
04067E BD          0036**       db %10111101
04067F 99          0037**       db %10011001
040680 81          0038**       db %10000001
040681 7E          0039**       db %01111110
040682             0040**   
040682             0041**   ; 4 END_OF_TRANSMISSION
040682 10          0042**       db %00010000
040683 38          0043**       db %00111000
040684 7C          0044**       db %01111100
040685 FE          0045**       db %11111110
040686 7C          0046**       db %01111100
040687 38          0047**       db %00111000
040688 10          0048**       db %00010000
040689 00          0049**       db %00000000
04068A             0050**   
04068A             0051**   ; 5 ENQUIRY
04068A 3C          0052**       db %00111100
04068B 7E          0053**       db %01111110
04068C DB          0054**       db %11011011
04068D FF          0055**       db %11111111
04068E C3          0056**       db %11000011
04068F 7E          0057**       db %01111110
040690 3C          0058**       db %00111100
040691 00          0059**       db %00000000
040692             0060**   
040692             0061**   ; 6 ACKNOWLEDGE
040692 10          0062**       db %00010000
040693 38          0063**       db %00111000
040694 7C          0064**       db %01111100
040695 FE          0065**       db %11111110
040696 FE          0066**       db %11111110
040697 10          0067**       db %00010000
040698 38          0068**       db %00111000
040699 00          0069**       db %00000000
04069A             0070**   
04069A             0071**   ; 7 BELL
04069A 00          0072**       db %00000000
04069B 00          0073**       db %00000000
04069C 18          0074**       db %00011000
04069D 3C          0075**       db %00111100
04069E 18          0076**       db %00011000
04069F 00          0077**       db %00000000
0406A0 00          0078**       db %00000000
0406A1 00          0079**       db %00000000
0406A2             0080**   
0406A2             0081**   ; 8 BACKSPACE
0406A2 00          0082**       db %00000000
0406A3 3C          0083**       db %00111100
0406A4 18          0084**       db %00011000
0406A5 FF          0085**       db %11111111
0406A6 FF          0086**       db %11111111
0406A7 08          0087**       db %00001000
0406A8 18          0088**       db %00011000
0406A9 00          0089**       db %00000000
0406AA             0090**   
0406AA             0091**   ; 9 HORIZONTAL_TAB
0406AA 00          0092**       db %00000000
0406AB EE          0093**       db %11101110
0406AC FE          0094**       db %11111110
0406AD FE          0095**       db %11111110
0406AE 7C          0096**       db %01111100
0406AF 38          0097**       db %00111000
0406B0 10          0098**       db %00010000
0406B1 00          0099**       db %00000000
0406B2             0100**   
0406B2             0101**   ; 10 LINE_FEED
0406B2 00          0102**       db %00000000
0406B3 3C          0103**       db %00111100
0406B4 42          0104**       db %01000010
0406B5 81          0105**       db %10000001
0406B6 81          0106**       db %10000001
0406B7 42          0107**       db %01000010
0406B8 3C          0108**       db %00111100
0406B9 00          0109**       db %00000000
0406BA             0110**   
0406BA             0111**   ; 11 VERTICAL_TAB
0406BA 1F          0112**       db %00011111
0406BB 07          0113**       db %00000111
0406BC 0D          0114**       db %00001101
0406BD 7C          0115**       db %01111100
0406BE C6          0116**       db %11000110
0406BF C6          0117**       db %11000110
0406C0 7C          0118**       db %01111100
0406C1 00          0119**       db %00000000
0406C2             0120**   
0406C2             0121**   ; 12 FORM_FEED
0406C2 00          0122**       db %00000000
0406C3 7E          0123**       db %01111110
0406C4 C3          0124**       db %11000011
0406C5 C3          0125**       db %11000011
0406C6 7E          0126**       db %01111110
0406C7 18          0127**       db %00011000
0406C8 7E          0128**       db %01111110
0406C9 18          0129**       db %00011000
0406CA             0130**   
0406CA             0131**   ; 13 CARRIAGE_RETURN
0406CA 04          0132**       db %00000100
0406CB 06          0133**       db %00000110
0406CC 07          0134**       db %00000111
0406CD 04          0135**       db %00000100
0406CE 04          0136**       db %00000100
0406CF FC          0137**       db %11111100
0406D0 F8          0138**       db %11111000
0406D1 00          0139**       db %00000000
0406D2             0140**   
0406D2             0141**   ; 14 SHIFT_OUT
0406D2 0C          0142**       db %00001100
0406D3 0A          0143**       db %00001010
0406D4 0D          0144**       db %00001101
0406D5 0B          0145**       db %00001011
0406D6 F9          0146**       db %11111001
0406D7 F9          0147**       db %11111001
0406D8 1F          0148**       db %00011111
0406D9 1F          0149**       db %00011111
0406DA             0150**   
0406DA             0151**   ; 15 SHIFT_IN
0406DA 00          0152**       db %00000000
0406DB 92          0153**       db %10010010
0406DC 7C          0154**       db %01111100
0406DD 44          0155**       db %01000100
0406DE C6          0156**       db %11000110
0406DF 7C          0157**       db %01111100
0406E0 92          0158**       db %10010010
0406E1 00          0159**       db %00000000
0406E2             0160**   
0406E2             0161**   ; 16 DATA_LINK_ESCAPE
0406E2 FF          0162**       db %11111111
0406E3 FF          0163**       db %11111111
0406E4 E7          0164**       db %11100111
0406E5 C3          0165**       db %11000011
0406E6 E7          0166**       db %11100111
0406E7 FF          0167**       db %11111111
0406E8 FF          0168**       db %11111111
0406E9 FF          0169**       db %11111111
0406EA             0170**   
0406EA             0171**   ; 17 DEVICE_CONTROL_1
0406EA FF          0172**       db %11111111
0406EB C3          0173**       db %11000011
0406EC BD          0174**       db %10111101
0406ED 7E          0175**       db %01111110
0406EE 7E          0176**       db %01111110
0406EF BD          0177**       db %10111101
0406F0 C3          0178**       db %11000011
0406F1 FF          0179**       db %11111111
0406F2             0180**   
0406F2             0181**   ; 18 DEVICE_CONTROL_2
0406F2 18          0182**       db %00011000
0406F3 3C          0183**       db %00111100
0406F4 7E          0184**       db %01111110
0406F5 18          0185**       db %00011000
0406F6 18          0186**       db %00011000
0406F7 7E          0187**       db %01111110
0406F8 3C          0188**       db %00111100
0406F9 18          0189**       db %00011000
0406FA             0190**   
0406FA             0191**   ; 19 DEVICE_CONTROL_3
0406FA 66          0192**       db %01100110
0406FB 66          0193**       db %01100110
0406FC 66          0194**       db %01100110
0406FD 66          0195**       db %01100110
0406FE 66          0196**       db %01100110
0406FF 00          0197**       db %00000000
040700 66          0198**       db %01100110
040701 00          0199**       db %00000000
040702             0200**   
040702             0201**   ; 20 DEVICE_CONTROL_4
040702 7F          0202**       db %01111111
040703 DB          0203**       db %11011011
040704 7B          0204**       db %01111011
040705 3B          0205**       db %00111011
040706 1B          0206**       db %00011011
040707 1B          0207**       db %00011011
040708 1B          0208**       db %00011011
040709 00          0209**       db %00000000
04070A             0210**   
04070A             0211**   ; 21 NEGATIVE_ACKNOWLEDGE
04070A 3E          0212**       db %00111110
04070B 61          0213**       db %01100001
04070C 3C          0214**       db %00111100
04070D 66          0215**       db %01100110
04070E 66          0216**       db %01100110
04070F 3C          0217**       db %00111100
040710 86          0218**       db %10000110
040711 7C          0219**       db %01111100
040712             0220**   
040712             0221**   ; 22 SYNCHRONOUS_IDLE
040712 38          0222**       db %00111000
040713 64          0223**       db %01100100
040714 F0          0224**       db %11110000
040715 60          0225**       db %01100000
040716 F0          0226**       db %11110000
040717 64          0227**       db %01100100
040718 38          0228**       db %00111000
040719 00          0229**       db %00000000
04071A             0230**   
04071A             0231**   ; 23 END_OF_TRANSMISSION_BLOCK
04071A 18          0232**       db %00011000
04071B 7E          0233**       db %01111110
04071C 18          0234**       db %00011000
04071D 18          0235**       db %00011000
04071E 7E          0236**       db %01111110
04071F 18          0237**       db %00011000
040720 00          0238**       db %00000000
040721 FF          0239**       db %11111111
040722             0240**   
040722             0241**   ; 24 CANCEL
040722 18          0242**       db %00011000
040723 3C          0243**       db %00111100
040724 7E          0244**       db %01111110
040725 18          0245**       db %00011000
040726 18          0246**       db %00011000
040727 18          0247**       db %00011000
040728 18          0248**       db %00011000
040729 00          0249**       db %00000000
04072A             0250**   
04072A             0251**   ; 25 END_OF_MEDIUM
04072A 18          0252**       db %00011000
04072B 18          0253**       db %00011000
04072C 18          0254**       db %00011000
04072D 18          0255**       db %00011000
04072E 7E          0256**       db %01111110
04072F 3C          0257**       db %00111100
040730 18          0258**       db %00011000
040731 00          0259**       db %00000000
040732             0260**   
040732             0261**   ; 26 SUBSTITUTE
040732 00          0262**       db %00000000
040733 18          0263**       db %00011000
040734 0C          0264**       db %00001100
040735 FE          0265**       db %11111110
040736 0C          0266**       db %00001100
040737 18          0267**       db %00011000
040738 00          0268**       db %00000000
040739 00          0269**       db %00000000
04073A             0270**   
04073A             0271**   ; 27 ESCAPE
04073A 00          0272**       db %00000000
04073B 30          0273**       db %00110000
04073C 60          0274**       db %01100000
04073D FE          0275**       db %11111110
04073E 60          0276**       db %01100000
04073F 30          0277**       db %00110000
040740 00          0278**       db %00000000
040741 00          0279**       db %00000000
040742             0280**   
040742             0281**   ; 28 FILE_SEPARATOR
040742 00          0282**       db %00000000
040743 00          0283**       db %00000000
040744 00          0284**       db %00000000
040745 C0          0285**       db %11000000
040746 C0          0286**       db %11000000
040747 C0          0287**       db %11000000
040748 FF          0288**       db %11111111
040749 00          0289**       db %00000000
04074A             0290**   
04074A             0291**   ; 29 GROUP_SEPARATOR
04074A 00          0292**       db %00000000
04074B 24          0293**       db %00100100
04074C 66          0294**       db %01100110
04074D FF          0295**       db %11111111
04074E 66          0296**       db %01100110
04074F 24          0297**       db %00100100
040750 00          0298**       db %00000000
040751 00          0299**       db %00000000
040752             0300**   
040752             0301**   ; 30 RECORD_SEPARATOR
040752 48          0302**       db %01001000
040753 78          0303**       db %01111000
040754 84          0304**       db %10000100
040755 60          0305**       db %01100000
040756 18          0306**       db %00011000
040757 84          0307**       db %10000100
040758 78          0308**       db %01111000
040759 00          0309**       db %00000000
04075A             0310**   
04075A             0311**   ; 31 UNIT_SEPARATOR
04075A 78          0312**       db %01111000
04075B 00          0313**       db %00000000
04075C 7C          0314**       db %01111100
04075D C0          0315**       db %11000000
04075E 78          0316**       db %01111000
04075F 0C          0317**       db %00001100
040760 F8          0318**       db %11111000
040761 00          0319**       db %00000000
040762             0320**   
040762             0321**   ; 32
040762 00          0322**       db %00000000
040763 00          0323**       db %00000000
040764 00          0324**       db %00000000
040765 00          0325**       db %00000000
040766 00          0326**       db %00000000
040767 00          0327**       db %00000000
040768 00          0328**       db %00000000
040769 00          0329**       db %00000000
04076A             0330**   
04076A             0331**   ; 33 !
04076A 30          0332**       db %00110000
04076B 78          0333**       db %01111000
04076C 78          0334**       db %01111000
04076D 30          0335**       db %00110000
04076E 30          0336**       db %00110000
04076F 00          0337**       db %00000000
040770 30          0338**       db %00110000
040771 00          0339**       db %00000000
040772             0340**   
040772             0341**   ; 34 "
040772 6C          0342**       db %01101100
040773 6C          0343**       db %01101100
040774 00          0344**       db %00000000
040775 00          0345**       db %00000000
040776 00          0346**       db %00000000
040777 00          0347**       db %00000000
040778 00          0348**       db %00000000
040779 00          0349**       db %00000000
04077A             0350**   
04077A             0351**   ; 35 #
04077A 6C          0352**       db %01101100
04077B 6C          0353**       db %01101100
04077C FE          0354**       db %11111110
04077D 6C          0355**       db %01101100
04077E FE          0356**       db %11111110
04077F 6C          0357**       db %01101100
040780 6C          0358**       db %01101100
040781 00          0359**       db %00000000
040782             0360**   
040782             0361**   ; 36 $
040782 10          0362**       db %00010000
040783 7E          0363**       db %01111110
040784 90          0364**       db %10010000
040785 7C          0365**       db %01111100
040786 12          0366**       db %00010010
040787 FC          0367**       db %11111100
040788 10          0368**       db %00010000
040789 00          0369**       db %00000000
04078A             0370**   
04078A             0371**   ; 37 %
04078A 00          0372**       db %00000000
04078B C6          0373**       db %11000110
04078C CC          0374**       db %11001100
04078D 18          0375**       db %00011000
04078E 30          0376**       db %00110000
04078F 66          0377**       db %01100110
040790 C6          0378**       db %11000110
040791 00          0379**       db %00000000
040792             0380**   
040792             0381**   ; 38 &
040792 38          0382**       db %00111000
040793 6C          0383**       db %01101100
040794 38          0384**       db %00111000
040795 76          0385**       db %01110110
040796 DC          0386**       db %11011100
040797 CC          0387**       db %11001100
040798 76          0388**       db %01110110
040799 00          0389**       db %00000000
04079A             0390**   
04079A             0391**   ; 39 '
04079A 30          0392**       db %00110000
04079B 30          0393**       db %00110000
04079C 60          0394**       db %01100000
04079D 00          0395**       db %00000000
04079E 00          0396**       db %00000000
04079F 00          0397**       db %00000000
0407A0 00          0398**       db %00000000
0407A1 00          0399**       db %00000000
0407A2             0400**   
0407A2             0401**   ; 40 (
0407A2 18          0402**       db %00011000
0407A3 30          0403**       db %00110000
0407A4 60          0404**       db %01100000
0407A5 60          0405**       db %01100000
0407A6 60          0406**       db %01100000
0407A7 30          0407**       db %00110000
0407A8 18          0408**       db %00011000
0407A9 00          0409**       db %00000000
0407AA             0410**   
0407AA             0411**   ; 41 )
0407AA 60          0412**       db %01100000
0407AB 30          0413**       db %00110000
0407AC 18          0414**       db %00011000
0407AD 18          0415**       db %00011000
0407AE 18          0416**       db %00011000
0407AF 30          0417**       db %00110000
0407B0 60          0418**       db %01100000
0407B1 00          0419**       db %00000000
0407B2             0420**   
0407B2             0421**   ; 42 *
0407B2 00          0422**       db %00000000
0407B3 66          0423**       db %01100110
0407B4 3C          0424**       db %00111100
0407B5 FF          0425**       db %11111111
0407B6 3C          0426**       db %00111100
0407B7 66          0427**       db %01100110
0407B8 00          0428**       db %00000000
0407B9 00          0429**       db %00000000
0407BA             0430**   
0407BA             0431**   ; 43 +
0407BA 00          0432**       db %00000000
0407BB 30          0433**       db %00110000
0407BC 30          0434**       db %00110000
0407BD FC          0435**       db %11111100
0407BE 30          0436**       db %00110000
0407BF 30          0437**       db %00110000
0407C0 00          0438**       db %00000000
0407C1 00          0439**       db %00000000
0407C2             0440**   
0407C2             0441**   ; 44 ,
0407C2 00          0442**       db %00000000
0407C3 00          0443**       db %00000000
0407C4 00          0444**       db %00000000
0407C5 00          0445**       db %00000000
0407C6 00          0446**       db %00000000
0407C7 30          0447**       db %00110000
0407C8 30          0448**       db %00110000
0407C9 60          0449**       db %01100000
0407CA             0450**   
0407CA             0451**   ; 45 -
0407CA 00          0452**       db %00000000
0407CB 00          0453**       db %00000000
0407CC 00          0454**       db %00000000
0407CD FC          0455**       db %11111100
0407CE 00          0456**       db %00000000
0407CF 00          0457**       db %00000000
0407D0 00          0458**       db %00000000
0407D1 00          0459**       db %00000000
0407D2             0460**   
0407D2             0461**   ; 46 .
0407D2 00          0462**       db %00000000
0407D3 00          0463**       db %00000000
0407D4 00          0464**       db %00000000
0407D5 00          0465**       db %00000000
0407D6 00          0466**       db %00000000
0407D7 30          0467**       db %00110000
0407D8 30          0468**       db %00110000
0407D9 00          0469**       db %00000000
0407DA             0470**   
0407DA             0471**   ; 47 /
0407DA 00          0472**       db %00000000
0407DB 06          0473**       db %00000110
0407DC 0C          0474**       db %00001100
0407DD 18          0475**       db %00011000
0407DE 30          0476**       db %00110000
0407DF 60          0477**       db %01100000
0407E0 C0          0478**       db %11000000
0407E1 00          0479**       db %00000000
0407E2             0480**   
0407E2             0481**   ; 48 0
0407E2 7C          0482**       db %01111100
0407E3 C6          0483**       db %11000110
0407E4 C6          0484**       db %11000110
0407E5 D6          0485**       db %11010110
0407E6 C6          0486**       db %11000110
0407E7 C6          0487**       db %11000110
0407E8 7C          0488**       db %01111100
0407E9 00          0489**       db %00000000
0407EA             0490**   
0407EA             0491**   ; 49 1
0407EA 30          0492**       db %00110000
0407EB 70          0493**       db %01110000
0407EC 30          0494**       db %00110000
0407ED 30          0495**       db %00110000
0407EE 30          0496**       db %00110000
0407EF 30          0497**       db %00110000
0407F0 FC          0498**       db %11111100
0407F1 00          0499**       db %00000000
0407F2             0500**   
0407F2             0501**   ; 50 2
0407F2 78          0502**       db %01111000
0407F3 CC          0503**       db %11001100
0407F4 0C          0504**       db %00001100
0407F5 38          0505**       db %00111000
0407F6 60          0506**       db %01100000
0407F7 CC          0507**       db %11001100
0407F8 FC          0508**       db %11111100
0407F9 00          0509**       db %00000000
0407FA             0510**   
0407FA             0511**   ; 51 3
0407FA 78          0512**       db %01111000
0407FB CC          0513**       db %11001100
0407FC 0C          0514**       db %00001100
0407FD 38          0515**       db %00111000
0407FE 0C          0516**       db %00001100
0407FF CC          0517**       db %11001100
040800 78          0518**       db %01111000
040801 00          0519**       db %00000000
040802             0520**   
040802             0521**   ; 52 4
040802 1C          0522**       db %00011100
040803 3C          0523**       db %00111100
040804 6C          0524**       db %01101100
040805 CC          0525**       db %11001100
040806 FE          0526**       db %11111110
040807 0C          0527**       db %00001100
040808 1E          0528**       db %00011110
040809 00          0529**       db %00000000
04080A             0530**   
04080A             0531**   ; 53 5
04080A FC          0532**       db %11111100
04080B C0          0533**       db %11000000
04080C F8          0534**       db %11111000
04080D 0C          0535**       db %00001100
04080E 0C          0536**       db %00001100
04080F CC          0537**       db %11001100
040810 78          0538**       db %01111000
040811 00          0539**       db %00000000
040812             0540**   
040812             0541**   ; 54 6
040812 38          0542**       db %00111000
040813 60          0543**       db %01100000
040814 C0          0544**       db %11000000
040815 F8          0545**       db %11111000
040816 CC          0546**       db %11001100
040817 CC          0547**       db %11001100
040818 78          0548**       db %01111000
040819 00          0549**       db %00000000
04081A             0550**   
04081A             0551**   ; 55 7
04081A FC          0552**       db %11111100
04081B CC          0553**       db %11001100
04081C 0C          0554**       db %00001100
04081D 18          0555**       db %00011000
04081E 30          0556**       db %00110000
04081F 30          0557**       db %00110000
040820 30          0558**       db %00110000
040821 00          0559**       db %00000000
040822             0560**   
040822             0561**   ; 56 8
040822 78          0562**       db %01111000
040823 CC          0563**       db %11001100
040824 CC          0564**       db %11001100
040825 78          0565**       db %01111000
040826 CC          0566**       db %11001100
040827 CC          0567**       db %11001100
040828 78          0568**       db %01111000
040829 00          0569**       db %00000000
04082A             0570**   
04082A             0571**   ; 57 9
04082A 78          0572**       db %01111000
04082B CC          0573**       db %11001100
04082C CC          0574**       db %11001100
04082D 7C          0575**       db %01111100
04082E 0C          0576**       db %00001100
04082F 18          0577**       db %00011000
040830 70          0578**       db %01110000
040831 00          0579**       db %00000000
040832             0580**   
040832             0581**   ; 58 :
040832 00          0582**       db %00000000
040833 30          0583**       db %00110000
040834 30          0584**       db %00110000
040835 00          0585**       db %00000000
040836 00          0586**       db %00000000
040837 30          0587**       db %00110000
040838 30          0588**       db %00110000
040839 00          0589**       db %00000000
04083A             0590**   
04083A             0591**   ; 59 ;
04083A 00          0592**       db %00000000
04083B 30          0593**       db %00110000
04083C 30          0594**       db %00110000
04083D 00          0595**       db %00000000
04083E 00          0596**       db %00000000
04083F 30          0597**       db %00110000
040840 30          0598**       db %00110000
040841 60          0599**       db %01100000
040842             0600**   
040842             0601**   ; 60 <
040842 18          0602**       db %00011000
040843 30          0603**       db %00110000
040844 60          0604**       db %01100000
040845 C0          0605**       db %11000000
040846 60          0606**       db %01100000
040847 30          0607**       db %00110000
040848 18          0608**       db %00011000
040849 00          0609**       db %00000000
04084A             0610**   
04084A             0611**   ; 61 =
04084A 00          0612**       db %00000000
04084B 00          0613**       db %00000000
04084C FC          0614**       db %11111100
04084D 00          0615**       db %00000000
04084E 00          0616**       db %00000000
04084F FC          0617**       db %11111100
040850 00          0618**       db %00000000
040851 00          0619**       db %00000000
040852             0620**   
040852             0621**   ; 62 >
040852 60          0622**       db %01100000
040853 30          0623**       db %00110000
040854 18          0624**       db %00011000
040855 0C          0625**       db %00001100
040856 18          0626**       db %00011000
040857 30          0627**       db %00110000
040858 60          0628**       db %01100000
040859 00          0629**       db %00000000
04085A             0630**   
04085A             0631**   ; 63 ?
04085A 78          0632**       db %01111000
04085B CC          0633**       db %11001100
04085C 0C          0634**       db %00001100
04085D 18          0635**       db %00011000
04085E 30          0636**       db %00110000
04085F 00          0637**       db %00000000
040860 30          0638**       db %00110000
040861 00          0639**       db %00000000
040862             0640**   
040862             0641**   ; 64 @
040862 7C          0642**       db %01111100
040863 C6          0643**       db %11000110
040864 DE          0644**       db %11011110
040865 DE          0645**       db %11011110
040866 DE          0646**       db %11011110
040867 C0          0647**       db %11000000
040868 78          0648**       db %01111000
040869 00          0649**       db %00000000
04086A             0650**   
04086A             0651**   ; 65 A
04086A 30          0652**       db %00110000
04086B 78          0653**       db %01111000
04086C CC          0654**       db %11001100
04086D CC          0655**       db %11001100
04086E FC          0656**       db %11111100
04086F CC          0657**       db %11001100
040870 CC          0658**       db %11001100
040871 00          0659**       db %00000000
040872             0660**   
040872             0661**   ; 66 B
040872 FC          0662**       db %11111100
040873 66          0663**       db %01100110
040874 66          0664**       db %01100110
040875 7C          0665**       db %01111100
040876 66          0666**       db %01100110
040877 66          0667**       db %01100110
040878 FC          0668**       db %11111100
040879 00          0669**       db %00000000
04087A             0670**   
04087A             0671**   ; 67 C
04087A 3C          0672**       db %00111100
04087B 66          0673**       db %01100110
04087C C0          0674**       db %11000000
04087D C0          0675**       db %11000000
04087E C0          0676**       db %11000000
04087F 66          0677**       db %01100110
040880 3C          0678**       db %00111100
040881 00          0679**       db %00000000
040882             0680**   
040882             0681**   ; 68 D
040882 F8          0682**       db %11111000
040883 6C          0683**       db %01101100
040884 66          0684**       db %01100110
040885 66          0685**       db %01100110
040886 66          0686**       db %01100110
040887 6C          0687**       db %01101100
040888 F8          0688**       db %11111000
040889 00          0689**       db %00000000
04088A             0690**   
04088A             0691**   ; 69 E
04088A FE          0692**       db %11111110
04088B 62          0693**       db %01100010
04088C 68          0694**       db %01101000
04088D 78          0695**       db %01111000
04088E 68          0696**       db %01101000
04088F 62          0697**       db %01100010
040890 FE          0698**       db %11111110
040891 00          0699**       db %00000000
040892             0700**   
040892             0701**   ; 70 F
040892 FE          0702**       db %11111110
040893 62          0703**       db %01100010
040894 68          0704**       db %01101000
040895 78          0705**       db %01111000
040896 68          0706**       db %01101000
040897 60          0707**       db %01100000
040898 F0          0708**       db %11110000
040899 00          0709**       db %00000000
04089A             0710**   
04089A             0711**   ; 71 G
04089A 3C          0712**       db %00111100
04089B 66          0713**       db %01100110
04089C C0          0714**       db %11000000
04089D C0          0715**       db %11000000
04089E CE          0716**       db %11001110
04089F 66          0717**       db %01100110
0408A0 3E          0718**       db %00111110
0408A1 00          0719**       db %00000000
0408A2             0720**   
0408A2             0721**   ; 72 H
0408A2 CC          0722**       db %11001100
0408A3 CC          0723**       db %11001100
0408A4 CC          0724**       db %11001100
0408A5 FC          0725**       db %11111100
0408A6 CC          0726**       db %11001100
0408A7 CC          0727**       db %11001100
0408A8 CC          0728**       db %11001100
0408A9 00          0729**       db %00000000
0408AA             0730**   
0408AA             0731**   ; 73 I
0408AA 78          0732**       db %01111000
0408AB 30          0733**       db %00110000
0408AC 30          0734**       db %00110000
0408AD 30          0735**       db %00110000
0408AE 30          0736**       db %00110000
0408AF 30          0737**       db %00110000
0408B0 78          0738**       db %01111000
0408B1 00          0739**       db %00000000
0408B2             0740**   
0408B2             0741**   ; 74 J
0408B2 1E          0742**       db %00011110
0408B3 0C          0743**       db %00001100
0408B4 0C          0744**       db %00001100
0408B5 0C          0745**       db %00001100
0408B6 CC          0746**       db %11001100
0408B7 CC          0747**       db %11001100
0408B8 78          0748**       db %01111000
0408B9 00          0749**       db %00000000
0408BA             0750**   
0408BA             0751**   ; 75 K
0408BA E6          0752**       db %11100110
0408BB 66          0753**       db %01100110
0408BC 6C          0754**       db %01101100
0408BD 78          0755**       db %01111000
0408BE 6C          0756**       db %01101100
0408BF 66          0757**       db %01100110
0408C0 E6          0758**       db %11100110
0408C1 00          0759**       db %00000000
0408C2             0760**   
0408C2             0761**   ; 76 L
0408C2 F0          0762**       db %11110000
0408C3 60          0763**       db %01100000
0408C4 60          0764**       db %01100000
0408C5 60          0765**       db %01100000
0408C6 62          0766**       db %01100010
0408C7 66          0767**       db %01100110
0408C8 FE          0768**       db %11111110
0408C9 00          0769**       db %00000000
0408CA             0770**   
0408CA             0771**   ; 77 M
0408CA C6          0772**       db %11000110
0408CB EE          0773**       db %11101110
0408CC FE          0774**       db %11111110
0408CD FE          0775**       db %11111110
0408CE D6          0776**       db %11010110
0408CF C6          0777**       db %11000110
0408D0 C6          0778**       db %11000110
0408D1 00          0779**       db %00000000
0408D2             0780**   
0408D2             0781**   ; 78 N
0408D2 C6          0782**       db %11000110
0408D3 E6          0783**       db %11100110
0408D4 F6          0784**       db %11110110
0408D5 DE          0785**       db %11011110
0408D6 CE          0786**       db %11001110
0408D7 C6          0787**       db %11000110
0408D8 C6          0788**       db %11000110
0408D9 00          0789**       db %00000000
0408DA             0790**   
0408DA             0791**   ; 79 O
0408DA 38          0792**       db %00111000
0408DB 6C          0793**       db %01101100
0408DC C6          0794**       db %11000110
0408DD C6          0795**       db %11000110
0408DE C6          0796**       db %11000110
0408DF 6C          0797**       db %01101100
0408E0 38          0798**       db %00111000
0408E1 00          0799**       db %00000000
0408E2             0800**   
0408E2             0801**   ; 80 P
0408E2 FC          0802**       db %11111100
0408E3 66          0803**       db %01100110
0408E4 66          0804**       db %01100110
0408E5 7C          0805**       db %01111100
0408E6 60          0806**       db %01100000
0408E7 60          0807**       db %01100000
0408E8 F0          0808**       db %11110000
0408E9 00          0809**       db %00000000
0408EA             0810**   
0408EA             0811**   ; 81 Q
0408EA 78          0812**       db %01111000
0408EB CC          0813**       db %11001100
0408EC CC          0814**       db %11001100
0408ED CC          0815**       db %11001100
0408EE DC          0816**       db %11011100
0408EF 78          0817**       db %01111000
0408F0 1C          0818**       db %00011100
0408F1 00          0819**       db %00000000
0408F2             0820**   
0408F2             0821**   ; 82 R
0408F2 FC          0822**       db %11111100
0408F3 66          0823**       db %01100110
0408F4 66          0824**       db %01100110
0408F5 7C          0825**       db %01111100
0408F6 6C          0826**       db %01101100
0408F7 66          0827**       db %01100110
0408F8 E6          0828**       db %11100110
0408F9 00          0829**       db %00000000
0408FA             0830**   
0408FA             0831**   ; 83 S
0408FA 78          0832**       db %01111000
0408FB CC          0833**       db %11001100
0408FC E0          0834**       db %11100000
0408FD 70          0835**       db %01110000
0408FE 1C          0836**       db %00011100
0408FF CC          0837**       db %11001100
040900 78          0838**       db %01111000
040901 00          0839**       db %00000000
040902             0840**   
040902             0841**   ; 84 T
040902 FC          0842**       db %11111100
040903 B4          0843**       db %10110100
040904 30          0844**       db %00110000
040905 30          0845**       db %00110000
040906 30          0846**       db %00110000
040907 30          0847**       db %00110000
040908 78          0848**       db %01111000
040909 00          0849**       db %00000000
04090A             0850**   
04090A             0851**   ; 85 U
04090A CC          0852**       db %11001100
04090B CC          0853**       db %11001100
04090C CC          0854**       db %11001100
04090D CC          0855**       db %11001100
04090E CC          0856**       db %11001100
04090F CC          0857**       db %11001100
040910 78          0858**       db %01111000
040911 00          0859**       db %00000000
040912             0860**   
040912             0861**   ; 86 V
040912 CC          0862**       db %11001100
040913 CC          0863**       db %11001100
040914 CC          0864**       db %11001100
040915 CC          0865**       db %11001100
040916 CC          0866**       db %11001100
040917 78          0867**       db %01111000
040918 30          0868**       db %00110000
040919 00          0869**       db %00000000
04091A             0870**   
04091A             0871**   ; 87 W
04091A C6          0872**       db %11000110
04091B C6          0873**       db %11000110
04091C C6          0874**       db %11000110
04091D D6          0875**       db %11010110
04091E FE          0876**       db %11111110
04091F EE          0877**       db %11101110
040920 C6          0878**       db %11000110
040921 00          0879**       db %00000000
040922             0880**   
040922             0881**   ; 88 X
040922 C6          0882**       db %11000110
040923 C6          0883**       db %11000110
040924 6C          0884**       db %01101100
040925 38          0885**       db %00111000
040926 6C          0886**       db %01101100
040927 C6          0887**       db %11000110
040928 C6          0888**       db %11000110
040929 00          0889**       db %00000000
04092A             0890**   
04092A             0891**   ; 89 Y
04092A CC          0892**       db %11001100
04092B CC          0893**       db %11001100
04092C CC          0894**       db %11001100
04092D 78          0895**       db %01111000
04092E 30          0896**       db %00110000
04092F 30          0897**       db %00110000
040930 78          0898**       db %01111000
040931 00          0899**       db %00000000
040932             0900**   
040932             0901**   ; 90 Z
040932 FE          0902**       db %11111110
040933 C6          0903**       db %11000110
040934 0C          0904**       db %00001100
040935 18          0905**       db %00011000
040936 30          0906**       db %00110000
040937 66          0907**       db %01100110
040938 FE          0908**       db %11111110
040939 00          0909**       db %00000000
04093A             0910**   
04093A             0911**   ; 91 [
04093A 78          0912**       db %01111000
04093B 60          0913**       db %01100000
04093C 60          0914**       db %01100000
04093D 60          0915**       db %01100000
04093E 60          0916**       db %01100000
04093F 60          0917**       db %01100000
040940 78          0918**       db %01111000
040941 00          0919**       db %00000000
040942             0920**   
040942             0921**   ; 92 \
040942 00          0922**       db %00000000
040943 C0          0923**       db %11000000
040944 60          0924**       db %01100000
040945 30          0925**       db %00110000
040946 18          0926**       db %00011000
040947 0C          0927**       db %00001100
040948 06          0928**       db %00000110
040949 00          0929**       db %00000000
04094A             0930**   
04094A             0931**   ; 93 ]
04094A 78          0932**       db %01111000
04094B 18          0933**       db %00011000
04094C 18          0934**       db %00011000
04094D 18          0935**       db %00011000
04094E 18          0936**       db %00011000
04094F 18          0937**       db %00011000
040950 78          0938**       db %01111000
040951 00          0939**       db %00000000
040952             0940**   
040952             0941**   ; 94 ^
040952 18          0942**       db %00011000
040953 3C          0943**       db %00111100
040954 66          0944**       db %01100110
040955 00          0945**       db %00000000
040956 00          0946**       db %00000000
040957 00          0947**       db %00000000
040958 00          0948**       db %00000000
040959 00          0949**       db %00000000
04095A             0950**   
04095A             0951**   ; 95 _
04095A 00          0952**       db %00000000
04095B 00          0953**       db %00000000
04095C 00          0954**       db %00000000
04095D 00          0955**       db %00000000
04095E 00          0956**       db %00000000
04095F 00          0957**       db %00000000
040960 00          0958**       db %00000000
040961 FF          0959**       db %11111111
040962             0960**   
040962             0961**   ; 96 `
040962 30          0962**       db %00110000
040963 30          0963**       db %00110000
040964 18          0964**       db %00011000
040965 00          0965**       db %00000000
040966 00          0966**       db %00000000
040967 00          0967**       db %00000000
040968 00          0968**       db %00000000
040969 00          0969**       db %00000000
04096A             0970**   
04096A             0971**   ; 97 a
04096A 00          0972**       db %00000000
04096B 00          0973**       db %00000000
04096C 78          0974**       db %01111000
04096D 0C          0975**       db %00001100
04096E 7C          0976**       db %01111100
04096F CC          0977**       db %11001100
040970 76          0978**       db %01110110
040971 00          0979**       db %00000000
040972             0980**   
040972             0981**   ; 98 b
040972 E0          0982**       db %11100000
040973 60          0983**       db %01100000
040974 60          0984**       db %01100000
040975 7C          0985**       db %01111100
040976 66          0986**       db %01100110
040977 66          0987**       db %01100110
040978 DC          0988**       db %11011100
040979 00          0989**       db %00000000
04097A             0990**   
04097A             0991**   ; 99 c
04097A 00          0992**       db %00000000
04097B 00          0993**       db %00000000
04097C 78          0994**       db %01111000
04097D CC          0995**       db %11001100
04097E C0          0996**       db %11000000
04097F CC          0997**       db %11001100
040980 78          0998**       db %01111000
040981 00          0999**       db %00000000
040982             1000**   
040982             1001**   ; 100 d
040982 1C          1002**       db %00011100
040983 0C          1003**       db %00001100
040984 0C          1004**       db %00001100
040985 7C          1005**       db %01111100
040986 CC          1006**       db %11001100
040987 CC          1007**       db %11001100
040988 76          1008**       db %01110110
040989 00          1009**       db %00000000
04098A             1010**   
04098A             1011**   ; 101 e
04098A 00          1012**       db %00000000
04098B 00          1013**       db %00000000
04098C 78          1014**       db %01111000
04098D CC          1015**       db %11001100
04098E FC          1016**       db %11111100
04098F C0          1017**       db %11000000
040990 78          1018**       db %01111000
040991 00          1019**       db %00000000
040992             1020**   
040992             1021**   ; 102 f
040992 38          1022**       db %00111000
040993 6C          1023**       db %01101100
040994 60          1024**       db %01100000
040995 F0          1025**       db %11110000
040996 60          1026**       db %01100000
040997 60          1027**       db %01100000
040998 F0          1028**       db %11110000
040999 00          1029**       db %00000000
04099A             1030**   
04099A             1031**   ; 103 g
04099A 00          1032**       db %00000000
04099B 00          1033**       db %00000000
04099C 76          1034**       db %01110110
04099D CC          1035**       db %11001100
04099E CC          1036**       db %11001100
04099F 7C          1037**       db %01111100
0409A0 0C          1038**       db %00001100
0409A1 F8          1039**       db %11111000
0409A2             1040**   
0409A2             1041**   ; 104 h
0409A2 E0          1042**       db %11100000
0409A3 60          1043**       db %01100000
0409A4 6C          1044**       db %01101100
0409A5 76          1045**       db %01110110
0409A6 66          1046**       db %01100110
0409A7 66          1047**       db %01100110
0409A8 E6          1048**       db %11100110
0409A9 00          1049**       db %00000000
0409AA             1050**   
0409AA             1051**   ; 105 i
0409AA 30          1052**       db %00110000
0409AB 00          1053**       db %00000000
0409AC 70          1054**       db %01110000
0409AD 30          1055**       db %00110000
0409AE 30          1056**       db %00110000
0409AF 30          1057**       db %00110000
0409B0 78          1058**       db %01111000
0409B1 00          1059**       db %00000000
0409B2             1060**   
0409B2             1061**   ; 106 j
0409B2 0C          1062**       db %00001100
0409B3 00          1063**       db %00000000
0409B4 0C          1064**       db %00001100
0409B5 0C          1065**       db %00001100
0409B6 0C          1066**       db %00001100
0409B7 CC          1067**       db %11001100
0409B8 CC          1068**       db %11001100
0409B9 78          1069**       db %01111000
0409BA             1070**   
0409BA             1071**   ; 107 k
0409BA E0          1072**       db %11100000
0409BB 60          1073**       db %01100000
0409BC 66          1074**       db %01100110
0409BD 6C          1075**       db %01101100
0409BE 78          1076**       db %01111000
0409BF 6C          1077**       db %01101100
0409C0 E6          1078**       db %11100110
0409C1 00          1079**       db %00000000
0409C2             1080**   
0409C2             1081**   ; 108 l
0409C2 E0          1082**       db %11100000
0409C3 60          1083**       db %01100000
0409C4 60          1084**       db %01100000
0409C5 60          1085**       db %01100000
0409C6 60          1086**       db %01100000
0409C7 68          1087**       db %01101000
0409C8 30          1088**       db %00110000
0409C9 00          1089**       db %00000000
0409CA             1090**   
0409CA             1091**   ; 109 m
0409CA 00          1092**       db %00000000
0409CB 00          1093**       db %00000000
0409CC CC          1094**       db %11001100
0409CD FE          1095**       db %11111110
0409CE FE          1096**       db %11111110
0409CF D6          1097**       db %11010110
0409D0 C6          1098**       db %11000110
0409D1 00          1099**       db %00000000
0409D2             1100**   
0409D2             1101**   ; 110 n
0409D2 00          1102**       db %00000000
0409D3 00          1103**       db %00000000
0409D4 F8          1104**       db %11111000
0409D5 CC          1105**       db %11001100
0409D6 CC          1106**       db %11001100
0409D7 CC          1107**       db %11001100
0409D8 CC          1108**       db %11001100
0409D9 00          1109**       db %00000000
0409DA             1110**   
0409DA             1111**   ; 111 o
0409DA 00          1112**       db %00000000
0409DB 00          1113**       db %00000000
0409DC 78          1114**       db %01111000
0409DD CC          1115**       db %11001100
0409DE CC          1116**       db %11001100
0409DF CC          1117**       db %11001100
0409E0 78          1118**       db %01111000
0409E1 00          1119**       db %00000000
0409E2             1120**   
0409E2             1121**   ; 112 p
0409E2 00          1122**       db %00000000
0409E3 00          1123**       db %00000000
0409E4 DC          1124**       db %11011100
0409E5 66          1125**       db %01100110
0409E6 66          1126**       db %01100110
0409E7 7C          1127**       db %01111100
0409E8 60          1128**       db %01100000
0409E9 F0          1129**       db %11110000
0409EA             1130**   
0409EA             1131**   ; 113 q
0409EA 00          1132**       db %00000000
0409EB 00          1133**       db %00000000
0409EC 76          1134**       db %01110110
0409ED CC          1135**       db %11001100
0409EE CC          1136**       db %11001100
0409EF 7C          1137**       db %01111100
0409F0 0C          1138**       db %00001100
0409F1 1E          1139**       db %00011110
0409F2             1140**   
0409F2             1141**   ; 114 r
0409F2 00          1142**       db %00000000
0409F3 00          1143**       db %00000000
0409F4 DC          1144**       db %11011100
0409F5 76          1145**       db %01110110
0409F6 66          1146**       db %01100110
0409F7 60          1147**       db %01100000
0409F8 F0          1148**       db %11110000
0409F9 00          1149**       db %00000000
0409FA             1150**   
0409FA             1151**   ; 115 s
0409FA 00          1152**       db %00000000
0409FB 00          1153**       db %00000000
0409FC 7C          1154**       db %01111100
0409FD C0          1155**       db %11000000
0409FE 78          1156**       db %01111000
0409FF 0C          1157**       db %00001100
040A00 F8          1158**       db %11111000
040A01 00          1159**       db %00000000
040A02             1160**   
040A02             1161**   ; 116 t
040A02 10          1162**       db %00010000
040A03 30          1163**       db %00110000
040A04 7C          1164**       db %01111100
040A05 30          1165**       db %00110000
040A06 30          1166**       db %00110000
040A07 34          1167**       db %00110100
040A08 18          1168**       db %00011000
040A09 00          1169**       db %00000000
040A0A             1170**   
040A0A             1171**   ; 117 u
040A0A 00          1172**       db %00000000
040A0B 00          1173**       db %00000000
040A0C CC          1174**       db %11001100
040A0D CC          1175**       db %11001100
040A0E CC          1176**       db %11001100
040A0F CC          1177**       db %11001100
040A10 76          1178**       db %01110110
040A11 00          1179**       db %00000000
040A12             1180**   
040A12             1181**   ; 118 v
040A12 00          1182**       db %00000000
040A13 00          1183**       db %00000000
040A14 CC          1184**       db %11001100
040A15 CC          1185**       db %11001100
040A16 CC          1186**       db %11001100
040A17 78          1187**       db %01111000
040A18 30          1188**       db %00110000
040A19 00          1189**       db %00000000
040A1A             1190**   
040A1A             1191**   ; 119 w
040A1A 00          1192**       db %00000000
040A1B 00          1193**       db %00000000
040A1C C6          1194**       db %11000110
040A1D D6          1195**       db %11010110
040A1E FE          1196**       db %11111110
040A1F FE          1197**       db %11111110
040A20 6C          1198**       db %01101100
040A21 00          1199**       db %00000000
040A22             1200**   
040A22             1201**   ; 120 x
040A22 00          1202**       db %00000000
040A23 00          1203**       db %00000000
040A24 C6          1204**       db %11000110
040A25 6C          1205**       db %01101100
040A26 38          1206**       db %00111000
040A27 6C          1207**       db %01101100
040A28 C6          1208**       db %11000110
040A29 00          1209**       db %00000000
040A2A             1210**   
040A2A             1211**   ; 121 y
040A2A 00          1212**       db %00000000
040A2B 00          1213**       db %00000000
040A2C CC          1214**       db %11001100
040A2D CC          1215**       db %11001100
040A2E CC          1216**       db %11001100
040A2F 7C          1217**       db %01111100
040A30 0C          1218**       db %00001100
040A31 F8          1219**       db %11111000
040A32             1220**   
040A32             1221**   ; 122 z
040A32 00          1222**       db %00000000
040A33 00          1223**       db %00000000
040A34 FC          1224**       db %11111100
040A35 98          1225**       db %10011000
040A36 30          1226**       db %00110000
040A37 64          1227**       db %01100100
040A38 FC          1228**       db %11111100
040A39 00          1229**       db %00000000
040A3A             1230**   
040A3A             1231**   ; 123 {
040A3A 1C          1232**       db %00011100
040A3B 30          1233**       db %00110000
040A3C 30          1234**       db %00110000
040A3D E0          1235**       db %11100000
040A3E 30          1236**       db %00110000
040A3F 30          1237**       db %00110000
040A40 1C          1238**       db %00011100
040A41 00          1239**       db %00000000
040A42             1240**   
040A42             1241**   ; 124 |
040A42 30          1242**       db %00110000
040A43 30          1243**       db %00110000
040A44 30          1244**       db %00110000
040A45 30          1245**       db %00110000
040A46 30          1246**       db %00110000
040A47 30          1247**       db %00110000
040A48 30          1248**       db %00110000
040A49 00          1249**       db %00000000
040A4A             1250**   
040A4A             1251**   ; 125 }
040A4A E0          1252**       db %11100000
040A4B 30          1253**       db %00110000
040A4C 30          1254**       db %00110000
040A4D 1C          1255**       db %00011100
040A4E 30          1256**       db %00110000
040A4F 30          1257**       db %00110000
040A50 E0          1258**       db %11100000
040A51 00          1259**       db %00000000
040A52             1260**   
040A52             1261**   ; 126 ~
040A52 76          1262**       db %01110110
040A53 DC          1263**       db %11011100
040A54 00          1264**       db %00000000
040A55 00          1265**       db %00000000
040A56 00          1266**       db %00000000
040A57 00          1267**       db %00000000
040A58 00          1268**       db %00000000
040A59 00          1269**       db %00000000
040A5A             1270**   
040A5A             1271**   ; 127 DELETE
040A5A 7C          1272**       db %01111100
040A5B 82          1273**       db %10000010
040A5C 9A          1274**       db %10011010
040A5D A2          1275**       db %10100010
040A5E A2          1276**       db %10100010
040A5F 9A          1277**       db %10011010
040A60 82          1278**       db %10000010
040A61 7C          1279**       db %01111100
040A62             1280**   
040A62             1281**   ; 128 NON_PRINTABLE_128
040A62 3C          1282**       db %00111100
040A63 66          1283**       db %01100110
040A64 C0          1284**       db %11000000
040A65 C0          1285**       db %11000000
040A66 66          1286**       db %01100110
040A67 3C          1287**       db %00111100
040A68 0C          1288**       db %00001100
040A69 78          1289**       db %01111000
040A6A             1290**   
040A6A             1291**   ; 129 NON_PRINTABLE_129
040A6A CC          1292**       db %11001100
040A6B 00          1293**       db %00000000
040A6C CC          1294**       db %11001100
040A6D CC          1295**       db %11001100
040A6E CC          1296**       db %11001100
040A6F CC          1297**       db %11001100
040A70 76          1298**       db %01110110
040A71 00          1299**       db %00000000
040A72             1300**   
040A72             1301**   ; 130 NON_PRINTABLE_130
040A72 0C          1302**       db %00001100
040A73 18          1303**       db %00011000
040A74 78          1304**       db %01111000
040A75 CC          1305**       db %11001100
040A76 FC          1306**       db %11111100
040A77 C0          1307**       db %11000000
040A78 78          1308**       db %01111000
040A79 00          1309**       db %00000000
040A7A             1310**   
040A7A             1311**   ; 131 NON_PRINTABLE_131
040A7A 78          1312**       db %01111000
040A7B 84          1313**       db %10000100
040A7C 78          1314**       db %01111000
040A7D 0C          1315**       db %00001100
040A7E 7C          1316**       db %01111100
040A7F CC          1317**       db %11001100
040A80 76          1318**       db %01110110
040A81 00          1319**       db %00000000
040A82             1320**   
040A82             1321**   ; 132 NON_PRINTABLE_132
040A82 6C          1322**       db %01101100
040A83 00          1323**       db %00000000
040A84 78          1324**       db %01111000
040A85 0C          1325**       db %00001100
040A86 7C          1326**       db %01111100
040A87 CC          1327**       db %11001100
040A88 76          1328**       db %01110110
040A89 00          1329**       db %00000000
040A8A             1330**   
040A8A             1331**   ; 133 NON_PRINTABLE_133
040A8A 60          1332**       db %01100000
040A8B 30          1333**       db %00110000
040A8C 78          1334**       db %01111000
040A8D 0C          1335**       db %00001100
040A8E 7C          1336**       db %01111100
040A8F CC          1337**       db %11001100
040A90 76          1338**       db %01110110
040A91 00          1339**       db %00000000
040A92             1340**   
040A92             1341**   ; 134 NON_PRINTABLE_134
040A92 7C          1342**       db %01111100
040A93 82          1343**       db %10000010
040A94 B2          1344**       db %10110010
040A95 AA          1345**       db %10101010
040A96 B2          1346**       db %10110010
040A97 AA          1347**       db %10101010
040A98 82          1348**       db %10000010
040A99 7C          1349**       db %01111100
040A9A             1350**   
040A9A             1351**   ; 135 NON_PRINTABLE_135
040A9A 00          1352**       db %00000000
040A9B 78          1353**       db %01111000
040A9C CC          1354**       db %11001100
040A9D C0          1355**       db %11000000
040A9E CC          1356**       db %11001100
040A9F 78          1357**       db %01111000
040AA0 18          1358**       db %00011000
040AA1 70          1359**       db %01110000
040AA2             1360**   
040AA2             1361**   ; 136 NON_PRINTABLE_136
040AA2 78          1362**       db %01111000
040AA3 84          1363**       db %10000100
040AA4 78          1364**       db %01111000
040AA5 CC          1365**       db %11001100
040AA6 FC          1366**       db %11111100
040AA7 C0          1367**       db %11000000
040AA8 78          1368**       db %01111000
040AA9 00          1369**       db %00000000
040AAA             1370**   
040AAA             1371**   ; 137 NON_PRINTABLE_137
040AAA CC          1372**       db %11001100
040AAB 00          1373**       db %00000000
040AAC 78          1374**       db %01111000
040AAD CC          1375**       db %11001100
040AAE FC          1376**       db %11111100
040AAF C0          1377**       db %11000000
040AB0 78          1378**       db %01111000
040AB1 00          1379**       db %00000000
040AB2             1380**   
040AB2             1381**   ; 138 NON_PRINTABLE_138
040AB2 60          1382**       db %01100000
040AB3 30          1383**       db %00110000
040AB4 78          1384**       db %01111000
040AB5 CC          1385**       db %11001100
040AB6 FC          1386**       db %11111100
040AB7 C0          1387**       db %11000000
040AB8 78          1388**       db %01111000
040AB9 00          1389**       db %00000000
040ABA             1390**   
040ABA             1391**   ; 139 NON_PRINTABLE_139
040ABA 00          1392**       db %00000000
040ABB D8          1393**       db %11011000
040ABC 00          1394**       db %00000000
040ABD 70          1395**       db %01110000
040ABE 30          1396**       db %00110000
040ABF 30          1397**       db %00110000
040AC0 78          1398**       db %01111000
040AC1 00          1399**       db %00000000
040AC2             1400**   
040AC2             1401**   ; 140 NON_PRINTABLE_140
040AC2 70          1402**       db %01110000
040AC3 D8          1403**       db %11011000
040AC4 00          1404**       db %00000000
040AC5 70          1405**       db %01110000
040AC6 30          1406**       db %00110000
040AC7 30          1407**       db %00110000
040AC8 78          1408**       db %01111000
040AC9 00          1409**       db %00000000
040ACA             1410**   
040ACA             1411**   ; 141 NON_PRINTABLE_141
040ACA 6C          1412**       db %01101100
040ACB FE          1413**       db %11111110
040ACC CC          1414**       db %11001100
040ACD 18          1415**       db %00011000
040ACE 30          1416**       db %00110000
040ACF 66          1417**       db %01100110
040AD0 FE          1418**       db %11111110
040AD1 00          1419**       db %00000000
040AD2             1420**   
040AD2             1421**   ; 142 NON_PRINTABLE_142
040AD2 CC          1422**       db %11001100
040AD3 00          1423**       db %00000000
040AD4 78          1424**       db %01111000
040AD5 CC          1425**       db %11001100
040AD6 FC          1426**       db %11111100
040AD7 CC          1427**       db %11001100
040AD8 CC          1428**       db %11001100
040AD9 00          1429**       db %00000000
040ADA             1430**   
040ADA             1431**   ; 143 NON_PRINTABLE_143
040ADA 78          1432**       db %01111000
040ADB 00          1433**       db %00000000
040ADC FC          1434**       db %11111100
040ADD 98          1435**       db %10011000
040ADE 30          1436**       db %00110000
040ADF 64          1437**       db %01100100
040AE0 FC          1438**       db %11111100
040AE1 00          1439**       db %00000000
040AE2             1440**   
040AE2             1441**   ; 144 NON_PRINTABLE_144
040AE2 0C          1442**       db %00001100
040AE3 18          1443**       db %00011000
040AE4 FE          1444**       db %11111110
040AE5 62          1445**       db %01100010
040AE6 78          1446**       db %01111000
040AE7 62          1447**       db %01100010
040AE8 FE          1448**       db %11111110
040AE9 00          1449**       db %00000000
040AEA             1450**   
040AEA             1451**   ; 145 NON_PRINTABLE_145
040AEA 00          1452**       db %00000000
040AEB 00          1453**       db %00000000
040AEC 7E          1454**       db %01111110
040AED 1B          1455**       db %00011011
040AEE 7E          1456**       db %01111110
040AEF D8          1457**       db %11011000
040AF0 7E          1458**       db %01111110
040AF1 00          1459**       db %00000000
040AF2             1460**   
040AF2             1461**   ; 146 NON_PRINTABLE_146
040AF2 3E          1462**       db %00111110
040AF3 78          1463**       db %01111000
040AF4 D8          1464**       db %11011000
040AF5 FC          1465**       db %11111100
040AF6 D8          1466**       db %11011000
040AF7 D8          1467**       db %11011000
040AF8 DE          1468**       db %11011110
040AF9 00          1469**       db %00000000
040AFA             1470**   
040AFA             1471**   ; 147 NON_PRINTABLE_147
040AFA 78          1472**       db %01111000
040AFB CC          1473**       db %11001100
040AFC 00          1474**       db %00000000
040AFD 78          1475**       db %01111000
040AFE CC          1476**       db %11001100
040AFF CC          1477**       db %11001100
040B00 78          1478**       db %01111000
040B01 00          1479**       db %00000000
040B02             1480**   
040B02             1481**   ; 148 NON_PRINTABLE_148
040B02 00          1482**       db %00000000
040B03 CC          1483**       db %11001100
040B04 00          1484**       db %00000000
040B05 78          1485**       db %01111000
040B06 CC          1486**       db %11001100
040B07 CC          1487**       db %11001100
040B08 78          1488**       db %01111000
040B09 00          1489**       db %00000000
040B0A             1490**   
040B0A             1491**   ; 149 NON_PRINTABLE_149
040B0A 18          1492**       db %00011000
040B0B 30          1493**       db %00110000
040B0C 78          1494**       db %01111000
040B0D CC          1495**       db %11001100
040B0E FC          1496**       db %11111100
040B0F CC          1497**       db %11001100
040B10 CC          1498**       db %11001100
040B11 00          1499**       db %00000000
040B12             1500**   
040B12             1501**   ; 150 NON_PRINTABLE_150
040B12 78          1502**       db %01111000
040B13 CC          1503**       db %11001100
040B14 00          1504**       db %00000000
040B15 CC          1505**       db %11001100
040B16 CC          1506**       db %11001100
040B17 CC          1507**       db %11001100
040B18 76          1508**       db %01110110
040B19 00          1509**       db %00000000
040B1A             1510**   
040B1A             1511**   ; 151 NON_PRINTABLE_151
040B1A 60          1512**       db %01100000
040B1B 30          1513**       db %00110000
040B1C CC          1514**       db %11001100
040B1D CC          1515**       db %11001100
040B1E CC          1516**       db %11001100
040B1F CC          1517**       db %11001100
040B20 76          1518**       db %01110110
040B21 00          1519**       db %00000000
040B22             1520**   
040B22             1521**   ; 152 NON_PRINTABLE_152
040B22 CC          1522**       db %11001100
040B23 00          1523**       db %00000000
040B24 CC          1524**       db %11001100
040B25 CC          1525**       db %11001100
040B26 CC          1526**       db %11001100
040B27 7C          1527**       db %01111100
040B28 0C          1528**       db %00001100
040B29 F8          1529**       db %11111000
040B2A             1530**   
040B2A             1531**   ; 153 NON_PRINTABLE_153
040B2A CC          1532**       db %11001100
040B2B 00          1533**       db %00000000
040B2C 78          1534**       db %01111000
040B2D CC          1535**       db %11001100
040B2E CC          1536**       db %11001100
040B2F CC          1537**       db %11001100
040B30 78          1538**       db %01111000
040B31 00          1539**       db %00000000
040B32             1540**   
040B32             1541**   ; 154 NON_PRINTABLE_154
040B32 CC          1542**       db %11001100
040B33 00          1543**       db %00000000
040B34 CC          1544**       db %11001100
040B35 CC          1545**       db %11001100
040B36 CC          1546**       db %11001100
040B37 CC          1547**       db %11001100
040B38 78          1548**       db %01111000
040B39 00          1549**       db %00000000
040B3A             1550**   
040B3A             1551**   ; 155 NON_PRINTABLE_155
040B3A 30          1552**       db %00110000
040B3B 78          1553**       db %01111000
040B3C CC          1554**       db %11001100
040B3D C0          1555**       db %11000000
040B3E CC          1556**       db %11001100
040B3F 78          1557**       db %01111000
040B40 30          1558**       db %00110000
040B41 00          1559**       db %00000000
040B42             1560**   
040B42             1561**   ; 156 NON_PRINTABLE_156
040B42 38          1562**       db %00111000
040B43 6C          1563**       db %01101100
040B44 64          1564**       db %01100100
040B45 F0          1565**       db %11110000
040B46 60          1566**       db %01100000
040B47 E6          1567**       db %11100110
040B48 FC          1568**       db %11111100
040B49 00          1569**       db %00000000
040B4A             1570**   
040B4A             1571**   ; 157 NON_PRINTABLE_157
040B4A CC          1572**       db %11001100
040B4B CC          1573**       db %11001100
040B4C 78          1574**       db %01111000
040B4D FC          1575**       db %11111100
040B4E 30          1576**       db %00110000
040B4F FC          1577**       db %11111100
040B50 30          1578**       db %00110000
040B51 30          1579**       db %00110000
040B52             1580**   
040B52             1581**   ; 158 NON_PRINTABLE_158
040B52 78          1582**       db %01111000
040B53 84          1583**       db %10000100
040B54 78          1584**       db %01111000
040B55 CC          1585**       db %11001100
040B56 FC          1586**       db %11111100
040B57 CC          1587**       db %11001100
040B58 CC          1588**       db %11001100
040B59 00          1589**       db %00000000
040B5A             1590**   
040B5A             1591**   ; 159 NON_PRINTABLE_159
040B5A 6C          1592**       db %01101100
040B5B 00          1593**       db %00000000
040B5C FE          1594**       db %11111110
040B5D 62          1595**       db %01100010
040B5E 78          1596**       db %01111000
040B5F 62          1597**       db %01100010
040B60 FE          1598**       db %11111110
040B61 00          1599**       db %00000000
040B62             1600**   
040B62             1601**   ; 160 NON_PRINTABLE_160
040B62 18          1602**       db %00011000
040B63 30          1603**       db %00110000
040B64 78          1604**       db %01111000
040B65 0C          1605**       db %00001100
040B66 7C          1606**       db %01111100
040B67 CC          1607**       db %11001100
040B68 76          1608**       db %01110110
040B69 00          1609**       db %00000000
040B6A             1610**   
040B6A             1611**   ; 161 NON_PRINTABLE_161
040B6A 18          1612**       db %00011000
040B6B 30          1613**       db %00110000
040B6C 00          1614**       db %00000000
040B6D 70          1615**       db %01110000
040B6E 30          1616**       db %00110000
040B6F 30          1617**       db %00110000
040B70 78          1618**       db %01111000
040B71 00          1619**       db %00000000
040B72             1620**   
040B72             1621**   ; 162 NON_PRINTABLE_162
040B72 18          1622**       db %00011000
040B73 30          1623**       db %00110000
040B74 00          1624**       db %00000000
040B75 78          1625**       db %01111000
040B76 CC          1626**       db %11001100
040B77 CC          1627**       db %11001100
040B78 78          1628**       db %01111000
040B79 00          1629**       db %00000000
040B7A             1630**   
040B7A             1631**   ; 163 NON_PRINTABLE_163
040B7A 18          1632**       db %00011000
040B7B 30          1633**       db %00110000
040B7C CC          1634**       db %11001100
040B7D CC          1635**       db %11001100
040B7E CC          1636**       db %11001100
040B7F CC          1637**       db %11001100
040B80 76          1638**       db %01110110
040B81 00          1639**       db %00000000
040B82             1640**   
040B82             1641**   ; 164 NON_PRINTABLE_164
040B82 76          1642**       db %01110110
040B83 DC          1643**       db %11011100
040B84 F8          1644**       db %11111000
040B85 CC          1645**       db %11001100
040B86 CC          1646**       db %11001100
040B87 CC          1647**       db %11001100
040B88 CC          1648**       db %11001100
040B89 00          1649**       db %00000000
040B8A             1650**   
040B8A             1651**   ; 165 NON_PRINTABLE_165
040B8A 76          1652**       db %01110110
040B8B DC          1653**       db %11011100
040B8C E6          1654**       db %11100110
040B8D F6          1655**       db %11110110
040B8E DE          1656**       db %11011110
040B8F CE          1657**       db %11001110
040B90 C6          1658**       db %11000110
040B91 00          1659**       db %00000000
040B92             1660**   
040B92             1661**   ; 166 NON_PRINTABLE_166
040B92 3C          1662**       db %00111100
040B93 6C          1663**       db %01101100
040B94 3E          1664**       db %00111110
040B95 00          1665**       db %00000000
040B96 7E          1666**       db %01111110
040B97 00          1667**       db %00000000
040B98 00          1668**       db %00000000
040B99 00          1669**       db %00000000
040B9A             1670**   
040B9A             1671**   ; 167 NON_PRINTABLE_167
040B9A 38          1672**       db %00111000
040B9B 6C          1673**       db %01101100
040B9C 38          1674**       db %00111000
040B9D 00          1675**       db %00000000
040B9E 7C          1676**       db %01111100
040B9F 00          1677**       db %00000000
040BA0 00          1678**       db %00000000
040BA1 00          1679**       db %00000000
040BA2             1680**   
040BA2             1681**   ; 168 NON_PRINTABLE_168
040BA2 00          1682**       db %00000000
040BA3 18          1683**       db %00011000
040BA4 00          1684**       db %00000000
040BA5 18          1685**       db %00011000
040BA6 30          1686**       db %00110000
040BA7 60          1687**       db %01100000
040BA8 66          1688**       db %01100110
040BA9 3C          1689**       db %00111100
040BAA             1690**   
040BAA             1691**   ; 169 NON_PRINTABLE_169
040BAA 18          1692**       db %00011000
040BAB 30          1693**       db %00110000
040BAC 78          1694**       db %01111000
040BAD 30          1695**       db %00110000
040BAE 30          1696**       db %00110000
040BAF 30          1697**       db %00110000
040BB0 78          1698**       db %01111000
040BB1 00          1699**       db %00000000
040BB2             1700**   
040BB2             1701**   ; 170 NON_PRINTABLE_170
040BB2 00          1702**       db %00000000
040BB3 00          1703**       db %00000000
040BB4 00          1704**       db %00000000
040BB5 FC          1705**       db %11111100
040BB6 0C          1706**       db %00001100
040BB7 0C          1707**       db %00001100
040BB8 00          1708**       db %00000000
040BB9 00          1709**       db %00000000
040BBA             1710**   
040BBA             1711**   ; 171 NON_PRINTABLE_171
040BBA 00          1712**       db %00000000
040BBB 00          1713**       db %00000000
040BBC 7E          1714**       db %01111110
040BBD DB          1715**       db %11011011
040BBE DE          1716**       db %11011110
040BBF D8          1717**       db %11011000
040BC0 7E          1718**       db %01111110
040BC1 00          1719**       db %00000000
040BC2             1720**   
040BC2             1721**   ; 172 NON_PRINTABLE_172
040BC2 7E          1722**       db %01111110
040BC3 D8          1723**       db %11011000
040BC4 D8          1724**       db %11011000
040BC5 DC          1725**       db %11011100
040BC6 D8          1726**       db %11011000
040BC7 D8          1727**       db %11011000
040BC8 7E          1728**       db %01111110
040BC9 00          1729**       db %00000000
040BCA             1730**   
040BCA             1731**   ; 173 NON_PRINTABLE_173
040BCA 00          1732**       db %00000000
040BCB 30          1733**       db %00110000
040BCC 00          1734**       db %00000000
040BCD 30          1735**       db %00110000
040BCE 30          1736**       db %00110000
040BCF 78          1737**       db %01111000
040BD0 78          1738**       db %01111000
040BD1 30          1739**       db %00110000
040BD2             1740**   
040BD2             1741**   ; 174 NON_PRINTABLE_174
040BD2 00          1742**       db %00000000
040BD3 33          1743**       db %00110011
040BD4 66          1744**       db %01100110
040BD5 CC          1745**       db %11001100
040BD6 66          1746**       db %01100110
040BD7 33          1747**       db %00110011
040BD8 00          1748**       db %00000000
040BD9 00          1749**       db %00000000
040BDA             1750**   
040BDA             1751**   ; 175 NON_PRINTABLE_175
040BDA 00          1752**       db %00000000
040BDB CC          1753**       db %11001100
040BDC 66          1754**       db %01100110
040BDD 33          1755**       db %00110011
040BDE 66          1756**       db %01100110
040BDF CC          1757**       db %11001100
040BE0 00          1758**       db %00000000
040BE1 00          1759**       db %00000000
040BE2             1760**   
040BE2             1761**   ; 176 NON_PRINTABLE_176
040BE2 22          1762**       db %00100010
040BE3 88          1763**       db %10001000
040BE4 22          1764**       db %00100010
040BE5 88          1765**       db %10001000
040BE6 22          1766**       db %00100010
040BE7 88          1767**       db %10001000
040BE8 22          1768**       db %00100010
040BE9 88          1769**       db %10001000
040BEA             1770**   
040BEA             1771**   ; 177 NON_PRINTABLE_177
040BEA 55          1772**       db %01010101
040BEB AA          1773**       db %10101010
040BEC 55          1774**       db %01010101
040BED AA          1775**       db %10101010
040BEE 55          1776**       db %01010101
040BEF AA          1777**       db %10101010
040BF0 55          1778**       db %01010101
040BF1 AA          1779**       db %10101010
040BF2             1780**   
040BF2             1781**   ; 178 NON_PRINTABLE_178
040BF2 78          1782**       db %01111000
040BF3 CC          1783**       db %11001100
040BF4 78          1784**       db %01111000
040BF5 30          1785**       db %00110000
040BF6 30          1786**       db %00110000
040BF7 30          1787**       db %00110000
040BF8 78          1788**       db %01111000
040BF9 00          1789**       db %00000000
040BFA             1790**   
040BFA             1791**   ; 179 NON_PRINTABLE_179
040BFA 18          1792**       db %00011000
040BFB 18          1793**       db %00011000
040BFC 18          1794**       db %00011000
040BFD 18          1795**       db %00011000
040BFE 18          1796**       db %00011000
040BFF 18          1797**       db %00011000
040C00 18          1798**       db %00011000
040C01 18          1799**       db %00011000
040C02             1800**   
040C02             1801**   ; 180 NON_PRINTABLE_180
040C02 18          1802**       db %00011000
040C03 18          1803**       db %00011000
040C04 18          1804**       db %00011000
040C05 F8          1805**       db %11111000
040C06 18          1806**       db %00011000
040C07 18          1807**       db %00011000
040C08 18          1808**       db %00011000
040C09 18          1809**       db %00011000
040C0A             1810**   
040C0A             1811**   ; 181 NON_PRINTABLE_181
040C0A 18          1812**       db %00011000
040C0B 30          1813**       db %00110000
040C0C 78          1814**       db %01111000
040C0D CC          1815**       db %11001100
040C0E CC          1816**       db %11001100
040C0F CC          1817**       db %11001100
040C10 78          1818**       db %01111000
040C11 00          1819**       db %00000000
040C12             1820**   
040C12             1821**   ; 182 NON_PRINTABLE_182
040C12 78          1822**       db %01111000
040C13 CC          1823**       db %11001100
040C14 78          1824**       db %01111000
040C15 CC          1825**       db %11001100
040C16 CC          1826**       db %11001100
040C17 CC          1827**       db %11001100
040C18 78          1828**       db %01111000
040C19 00          1829**       db %00000000
040C1A             1830**   
040C1A             1831**   ; 183 NON_PRINTABLE_183
040C1A 00          1832**       db %00000000
040C1B 6C          1833**       db %01101100
040C1C 38          1834**       db %00111000
040C1D 38          1835**       db %00111000
040C1E 6C          1836**       db %01101100
040C1F 00          1837**       db %00000000
040C20 00          1838**       db %00000000
040C21 00          1839**       db %00000000
040C22             1840**   
040C22             1841**   ; 184 NON_PRINTABLE_184
040C22 18          1842**       db %00011000
040C23 30          1843**       db %00110000
040C24 CC          1844**       db %11001100
040C25 CC          1845**       db %11001100
040C26 CC          1846**       db %11001100
040C27 CC          1847**       db %11001100
040C28 78          1848**       db %01111000
040C29 00          1849**       db %00000000
040C2A             1850**   
040C2A             1851**   ; 185 NON_PRINTABLE_185
040C2A 18          1852**       db %00011000
040C2B 30          1853**       db %00110000
040C2C CC          1854**       db %11001100
040C2D CC          1855**       db %11001100
040C2E 78          1856**       db %01111000
040C2F 30          1857**       db %00110000
040C30 78          1858**       db %01111000
040C31 00          1859**       db %00000000
040C32             1860**   
040C32             1861**   ; 186 NON_PRINTABLE_186
040C32 18          1862**       db %00011000
040C33 30          1863**       db %00110000
040C34 CC          1864**       db %11001100
040C35 CC          1865**       db %11001100
040C36 CC          1866**       db %11001100
040C37 7C          1867**       db %01111100
040C38 0C          1868**       db %00001100
040C39 F8          1869**       db %11111000
040C3A             1870**   
040C3A             1871**   ; 187 NON_PRINTABLE_187
040C3A 38          1872**       db %00111000
040C3B 6C          1873**       db %01101100
040C3C C6          1874**       db %11000110
040C3D FE          1875**       db %11111110
040C3E C6          1876**       db %11000110
040C3F CE          1877**       db %11001110
040C40 18          1878**       db %00011000
040C41 0E          1879**       db %00001110
040C42             1880**   
040C42             1881**   ; 188 NON_PRINTABLE_188
040C42 6C          1882**       db %01101100
040C43 38          1883**       db %00111000
040C44 7C          1884**       db %01111100
040C45 C6          1885**       db %11000110
040C46 C0          1886**       db %11000000
040C47 C0          1887**       db %11000000
040C48 C6          1888**       db %11000110
040C49 7C          1889**       db %01111100
040C4A             1890**   
040C4A             1891**   ; 189 NON_PRINTABLE_189
040C4A 00          1892**       db %00000000
040C4B CC          1893**       db %11001100
040C4C 78          1894**       db %01111000
040C4D 78          1895**       db %01111000
040C4E CC          1896**       db %11001100
040C4F C0          1897**       db %11000000
040C50 CC          1898**       db %11001100
040C51 78          1899**       db %01111000
040C52             1900**   
040C52             1901**   ; 190 NON_PRINTABLE_190
040C52 F8          1902**       db %11111000
040C53 6C          1903**       db %01101100
040C54 66          1904**       db %01100110
040C55 F6          1905**       db %11110110
040C56 66          1906**       db %01100110
040C57 6C          1907**       db %01101100
040C58 F8          1908**       db %11111000
040C59 00          1909**       db %00000000
040C5A             1910**   
040C5A             1911**   ; 191 NON_PRINTABLE_191
040C5A 00          1912**       db %00000000
040C5B 00          1913**       db %00000000
040C5C 00          1914**       db %00000000
040C5D F8          1915**       db %11111000
040C5E 18          1916**       db %00011000
040C5F 18          1917**       db %00011000
040C60 18          1918**       db %00011000
040C61 18          1919**       db %00011000
040C62             1920**   
040C62             1921**   ; 192 NON_PRINTABLE_192
040C62 18          1922**       db %00011000
040C63 18          1923**       db %00011000
040C64 18          1924**       db %00011000
040C65 1F          1925**       db %00011111
040C66 00          1926**       db %00000000
040C67 00          1927**       db %00000000
040C68 00          1928**       db %00000000
040C69 00          1929**       db %00000000
040C6A             1930**   
040C6A             1931**   ; 193 NON_PRINTABLE_193
040C6A 18          1932**       db %00011000
040C6B 18          1933**       db %00011000
040C6C 18          1934**       db %00011000
040C6D FF          1935**       db %11111111
040C6E 00          1936**       db %00000000
040C6F 00          1937**       db %00000000
040C70 00          1938**       db %00000000
040C71 00          1939**       db %00000000
040C72             1940**   
040C72             1941**   ; 194 NON_PRINTABLE_194
040C72 00          1942**       db %00000000
040C73 00          1943**       db %00000000
040C74 00          1944**       db %00000000
040C75 FF          1945**       db %11111111
040C76 18          1946**       db %00011000
040C77 18          1947**       db %00011000
040C78 18          1948**       db %00011000
040C79 18          1949**       db %00011000
040C7A             1950**   
040C7A             1951**   ; 195 NON_PRINTABLE_195
040C7A 18          1952**       db %00011000
040C7B 18          1953**       db %00011000
040C7C 18          1954**       db %00011000
040C7D 1F          1955**       db %00011111
040C7E 18          1956**       db %00011000
040C7F 18          1957**       db %00011000
040C80 18          1958**       db %00011000
040C81 18          1959**       db %00011000
040C82             1960**   
040C82             1961**   ; 196 NON_PRINTABLE_196
040C82 00          1962**       db %00000000
040C83 00          1963**       db %00000000
040C84 00          1964**       db %00000000
040C85 FF          1965**       db %11111111
040C86 00          1966**       db %00000000
040C87 00          1967**       db %00000000
040C88 00          1968**       db %00000000
040C89 00          1969**       db %00000000
040C8A             1970**   
040C8A             1971**   ; 197 NON_PRINTABLE_197
040C8A 18          1972**       db %00011000
040C8B 18          1973**       db %00011000
040C8C 18          1974**       db %00011000
040C8D FF          1975**       db %11111111
040C8E 18          1976**       db %00011000
040C8F 18          1977**       db %00011000
040C90 18          1978**       db %00011000
040C91 18          1979**       db %00011000
040C92             1980**   
040C92             1981**   ; 198 NON_PRINTABLE_198
040C92 00          1982**       db %00000000
040C93 0C          1983**       db %00001100
040C94 3E          1984**       db %00111110
040C95 0C          1985**       db %00001100
040C96 7C          1986**       db %01111100
040C97 CC          1987**       db %11001100
040C98 CC          1988**       db %11001100
040C99 76          1989**       db %01110110
040C9A             1990**   
040C9A             1991**   ; 199 NON_PRINTABLE_199
040C9A FE          1992**       db %11111110
040C9B 66          1993**       db %01100110
040C9C 60          1994**       db %01100000
040C9D 78          1995**       db %01111000
040C9E 60          1996**       db %01100000
040C9F 66          1997**       db %01100110
040CA0 FE          1998**       db %11111110
040CA1 1C          1999**       db %00011100
040CA2             2000**   
040CA2             2001**   ; 200 NON_PRINTABLE_200
040CA2 00          2002**       db %00000000
040CA3 00          2003**       db %00000000
040CA4 7C          2004**       db %01111100
040CA5 C6          2005**       db %11000110
040CA6 FE          2006**       db %11111110
040CA7 C0          2007**       db %11000000
040CA8 7A          2008**       db %01111010
040CA9 1E          2009**       db %00011110
040CAA             2010**   
040CAA             2011**   ; 201 NON_PRINTABLE_201
040CAA 48          2012**       db %01001000
040CAB 78          2013**       db %01111000
040CAC 84          2014**       db %10000100
040CAD 60          2015**       db %01100000
040CAE 18          2016**       db %00011000
040CAF 84          2017**       db %10000100
040CB0 78          2018**       db %01111000
040CB1 00          2019**       db %00000000
040CB2             2020**   
040CB2             2021**   ; 202 NON_PRINTABLE_202
040CB2 78          2022**       db %01111000
040CB3 00          2023**       db %00000000
040CB4 7C          2024**       db %01111100
040CB5 C0          2025**       db %11000000
040CB6 78          2026**       db %01111000
040CB7 0C          2027**       db %00001100
040CB8 F8          2028**       db %11111000
040CB9 00          2029**       db %00000000
040CBA             2030**   
040CBA             2031**   ; 203 NON_PRINTABLE_203
040CBA 6C          2032**       db %01101100
040CBB FE          2033**       db %11111110
040CBC CC          2034**       db %11001100
040CBD 18          2035**       db %00011000
040CBE 30          2036**       db %00110000
040CBF 66          2037**       db %01100110
040CC0 FE          2038**       db %11111110
040CC1 00          2039**       db %00000000
040CC2             2040**   
040CC2             2041**   ; 204 NON_PRINTABLE_204
040CC2 78          2042**       db %01111000
040CC3 00          2043**       db %00000000
040CC4 FC          2044**       db %11111100
040CC5 98          2045**       db %10011000
040CC6 30          2046**       db %00110000
040CC7 64          2047**       db %01100100
040CC8 FC          2048**       db %11111100
040CC9 00          2049**       db %00000000
040CCA             2050**   
040CCA             2051**   ; 205 NON_PRINTABLE_205
040CCA 6C          2052**       db %01101100
040CCB 38          2053**       db %00111000
040CCC 00          2054**       db %00000000
040CCD 00          2055**       db %00000000
040CCE 00          2056**       db %00000000
040CCF 00          2057**       db %00000000
040CD0 00          2058**       db %00000000
040CD1 00          2059**       db %00000000
040CD2             2060**   
040CD2             2061**   ; 206 NON_PRINTABLE_206
040CD2 18          2062**       db %00011000
040CD3 00          2063**       db %00000000
040CD4 00          2064**       db %00000000
040CD5 00          2065**       db %00000000
040CD6 00          2066**       db %00000000
040CD7 00          2067**       db %00000000
040CD8 00          2068**       db %00000000
040CD9 00          2069**       db %00000000
040CDA             2070**   
040CDA             2071**   ; 207 NON_PRINTABLE_207
040CDA 00          2072**       db %00000000
040CDB 00          2073**       db %00000000
040CDC 00          2074**       db %00000000
040CDD 00          2075**       db %00000000
040CDE 00          2076**       db %00000000
040CDF 00          2077**       db %00000000
040CE0 10          2078**       db %00010000
040CE1 1C          2079**       db %00011100
040CE2             2080**   
040CE2             2081**   ; 208 NON_PRINTABLE_208
040CE2 00          2082**       db %00000000
040CE3 00          2083**       db %00000000
040CE4 00          2084**       db %00000000
040CE5 00          2085**       db %00000000
040CE6 FE          2086**       db %11111110
040CE7 00          2087**       db %00000000
040CE8 00          2088**       db %00000000
040CE9 00          2089**       db %00000000
040CEA             2090**   
040CEA             2091**   ; 209 NON_PRINTABLE_209
040CEA 00          2092**       db %00000000
040CEB 38          2093**       db %00111000
040CEC 30          2094**       db %00110000
040CED 18          2095**       db %00011000
040CEE 00          2096**       db %00000000
040CEF 00          2097**       db %00000000
040CF0 00          2098**       db %00000000
040CF1 00          2099**       db %00000000
040CF2             2100**   
040CF2             2101**   ; 210 NON_PRINTABLE_210
040CF2 00          2102**       db %00000000
040CF3 38          2103**       db %00111000
040CF4 18          2104**       db %00011000
040CF5 70          2105**       db %01110000
040CF6 00          2106**       db %00000000
040CF7 00          2107**       db %00000000
040CF8 00          2108**       db %00000000
040CF9 00          2109**       db %00000000
040CFA             2110**   
040CFA             2111**   ; 211 NON_PRINTABLE_211
040CFA 00          2112**       db %00000000
040CFB 00          2113**       db %00000000
040CFC 00          2114**       db %00000000
040CFD 00          2115**       db %00000000
040CFE 00          2116**       db %00000000
040CFF 38          2117**       db %00111000
040D00 18          2118**       db %00011000
040D01 70          2119**       db %01110000
040D02             2120**   
040D02             2121**   ; 212 NON_PRINTABLE_212
040D02 66          2122**       db %01100110
040D03 CC          2123**       db %11001100
040D04 EE          2124**       db %11101110
040D05 00          2125**       db %00000000
040D06 00          2126**       db %00000000
040D07 00          2127**       db %00000000
040D08 00          2128**       db %00000000
040D09 00          2129**       db %00000000
040D0A             2130**   
040D0A             2131**   ; 213 NON_PRINTABLE_213
040D0A 00          2132**       db %00000000
040D0B EE          2133**       db %11101110
040D0C 66          2134**       db %01100110
040D0D CC          2135**       db %11001100
040D0E 00          2136**       db %00000000
040D0F 00          2137**       db %00000000
040D10 00          2138**       db %00000000
040D11 00          2139**       db %00000000
040D12             2140**   
040D12             2141**   ; 214 NON_PRINTABLE_214
040D12 00          2142**       db %00000000
040D13 00          2143**       db %00000000
040D14 00          2144**       db %00000000
040D15 00          2145**       db %00000000
040D16 00          2146**       db %00000000
040D17 EE          2147**       db %11101110
040D18 66          2148**       db %01100110
040D19 CC          2149**       db %11001100
040D1A             2150**   
040D1A             2151**   ; 215 NON_PRINTABLE_215
040D1A 00          2152**       db %00000000
040D1B 00          2153**       db %00000000
040D1C 18          2154**       db %00011000
040D1D 30          2155**       db %00110000
040D1E 60          2156**       db %01100000
040D1F 30          2157**       db %00110000
040D20 18          2158**       db %00011000
040D21 00          2159**       db %00000000
040D22             2160**   
040D22             2161**   ; 216 NON_PRINTABLE_216
040D22 00          2162**       db %00000000
040D23 00          2163**       db %00000000
040D24 30          2164**       db %00110000
040D25 18          2165**       db %00011000
040D26 0C          2166**       db %00001100
040D27 18          2167**       db %00011000
040D28 30          2168**       db %00110000
040D29 00          2169**       db %00000000
040D2A             2170**   
040D2A             2171**   ; 217 NON_PRINTABLE_217
040D2A 18          2172**       db %00011000
040D2B 18          2173**       db %00011000
040D2C 18          2174**       db %00011000
040D2D F8          2175**       db %11111000
040D2E 00          2176**       db %00000000
040D2F 00          2177**       db %00000000
040D30 00          2178**       db %00000000
040D31 00          2179**       db %00000000
040D32             2180**   
040D32             2181**   ; 218 NON_PRINTABLE_218
040D32 00          2182**       db %00000000
040D33 00          2183**       db %00000000
040D34 00          2184**       db %00000000
040D35 1F          2185**       db %00011111
040D36 18          2186**       db %00011000
040D37 18          2187**       db %00011000
040D38 18          2188**       db %00011000
040D39 18          2189**       db %00011000
040D3A             2190**   
040D3A             2191**   ; 219 NON_PRINTABLE_219
040D3A FF          2192**       db %11111111
040D3B FF          2193**       db %11111111
040D3C FF          2194**       db %11111111
040D3D FF          2195**       db %11111111
040D3E FF          2196**       db %11111111
040D3F FF          2197**       db %11111111
040D40 FF          2198**       db %11111111
040D41 FF          2199**       db %11111111
040D42             2200**   
040D42             2201**   ; 220 NON_PRINTABLE_220
040D42 38          2202**       db %00111000
040D43 64          2203**       db %01100100
040D44 F0          2204**       db %11110000
040D45 60          2205**       db %01100000
040D46 F0          2206**       db %11110000
040D47 64          2207**       db %01100100
040D48 38          2208**       db %00111000
040D49 00          2209**       db %00000000
040D4A             2210**   
040D4A             2211**   ; 221 NON_PRINTABLE_221
040D4A 00          2212**       db %00000000
040D4B 0C          2213**       db %00001100
040D4C FE          2214**       db %11111110
040D4D 18          2215**       db %00011000
040D4E 30          2216**       db %00110000
040D4F FE          2217**       db %11111110
040D50 60          2218**       db %01100000
040D51 00          2219**       db %00000000
040D52             2220**   
040D52             2221**   ; 222 NON_PRINTABLE_222
040D52 60          2222**       db %01100000
040D53 30          2223**       db %00110000
040D54 78          2224**       db %01111000
040D55 CC          2225**       db %11001100
040D56 FC          2226**       db %11111100
040D57 CC          2227**       db %11001100
040D58 CC          2228**       db %11001100
040D59 00          2229**       db %00000000
040D5A             2230**   
040D5A             2231**   ; 223 NON_PRINTABLE_223
040D5A 60          2232**       db %01100000
040D5B 30          2233**       db %00110000
040D5C FE          2234**       db %11111110
040D5D 62          2235**       db %01100010
040D5E 78          2236**       db %01111000
040D5F 62          2237**       db %01100010
040D60 FE          2238**       db %11111110
040D61 00          2239**       db %00000000
040D62             2240**   
040D62             2241**   ; 224 NON_PRINTABLE_224
040D62 38          2242**       db %00111000
040D63 6C          2243**       db %01101100
040D64 FE          2244**       db %11111110
040D65 62          2245**       db %01100010
040D66 78          2246**       db %01111000
040D67 62          2247**       db %01100010
040D68 FE          2248**       db %11111110
040D69 00          2249**       db %00000000
040D6A             2250**   
040D6A             2251**   ; 225 NON_PRINTABLE_225
040D6A 7C          2252**       db %01111100
040D6B C6          2253**       db %11000110
040D6C C6          2254**       db %11000110
040D6D CC          2255**       db %11001100
040D6E C6          2256**       db %11000110
040D6F D6          2257**       db %11010110
040D70 DC          2258**       db %11011100
040D71 80          2259**       db %10000000
040D72             2260**   
040D72             2261**   ; 226 NON_PRINTABLE_226
040D72 CC          2262**       db %11001100
040D73 00          2263**       db %00000000
040D74 78          2264**       db %01111000
040D75 30          2265**       db %00110000
040D76 30          2266**       db %00110000
040D77 30          2267**       db %00110000
040D78 78          2268**       db %01111000
040D79 00          2269**       db %00000000
040D7A             2270**   
040D7A             2271**   ; 227 NON_PRINTABLE_227
040D7A 00          2272**       db %00000000
040D7B C0          2273**       db %11000000
040D7C 7C          2274**       db %01111100
040D7D 6E          2275**       db %01101110
040D7E 6C          2276**       db %01101100
040D7F 6C          2277**       db %01101100
040D80 6C          2278**       db %01101100
040D81 00          2279**       db %00000000
040D82             2280**   
040D82             2281**   ; 228 NON_PRINTABLE_228
040D82 76          2282**       db %01110110
040D83 D8          2283**       db %11011000
040D84 D8          2284**       db %11011000
040D85 DC          2285**       db %11011100
040D86 D8          2286**       db %11011000
040D87 D8          2287**       db %11011000
040D88 76          2288**       db %01110110
040D89 00          2289**       db %00000000
040D8A             2290**   
040D8A             2291**   ; 229 NON_PRINTABLE_229
040D8A 00          2292**       db %00000000
040D8B 00          2293**       db %00000000
040D8C 6E          2294**       db %01101110
040D8D D8          2295**       db %11011000
040D8E DE          2296**       db %11011110
040D8F D8          2297**       db %11011000
040D90 6E          2298**       db %01101110
040D91 00          2299**       db %00000000
040D92             2300**   
040D92             2301**   ; 230 NON_PRINTABLE_230
040D92 00          2302**       db %00000000
040D93 00          2303**       db %00000000
040D94 CC          2304**       db %11001100
040D95 CC          2305**       db %11001100
040D96 CC          2306**       db %11001100
040D97 CC          2307**       db %11001100
040D98 F6          2308**       db %11110110
040D99 C0          2309**       db %11000000
040D9A             2310**   
040D9A             2311**   ; 231 NON_PRINTABLE_231
040D9A 60          2312**       db %01100000
040D9B 30          2313**       db %00110000
040D9C CC          2314**       db %11001100
040D9D CC          2315**       db %11001100
040D9E CC          2316**       db %11001100
040D9F CC          2317**       db %11001100
040DA0 78          2318**       db %01111000
040DA1 00          2319**       db %00000000
040DA2             2320**   
040DA2             2321**   ; 232 NON_PRINTABLE_232
040DA2 78          2322**       db %01111000
040DA3 CC          2323**       db %11001100
040DA4 00          2324**       db %00000000
040DA5 CC          2325**       db %11001100
040DA6 CC          2326**       db %11001100
040DA7 CC          2327**       db %11001100
040DA8 78          2328**       db %01111000
040DA9 00          2329**       db %00000000
040DAA             2330**   
040DAA             2331**   ; 233 NON_PRINTABLE_233
040DAA CC          2332**       db %11001100
040DAB 00          2333**       db %00000000
040DAC CC          2334**       db %11001100
040DAD CC          2335**       db %11001100
040DAE 78          2336**       db %01111000
040DAF 30          2337**       db %00110000
040DB0 78          2338**       db %01111000
040DB1 00          2339**       db %00000000
040DB2             2340**   
040DB2             2341**   ; 234 NON_PRINTABLE_234
040DB2 60          2342**       db %01100000
040DB3 E0          2343**       db %11100000
040DB4 60          2344**       db %01100000
040DB5 60          2345**       db %01100000
040DB6 F0          2346**       db %11110000
040DB7 00          2347**       db %00000000
040DB8 00          2348**       db %00000000
040DB9 00          2349**       db %00000000
040DBA             2350**   
040DBA             2351**   ; 235 NON_PRINTABLE_235
040DBA 70          2352**       db %01110000
040DBB D8          2353**       db %11011000
040DBC 30          2354**       db %00110000
040DBD D8          2355**       db %11011000
040DBE 70          2356**       db %01110000
040DBF 00          2357**       db %00000000
040DC0 00          2358**       db %00000000
040DC1 00          2359**       db %00000000
040DC2             2360**   
040DC2             2361**   ; 236 NON_PRINTABLE_236
040DC2 CC          2362**       db %11001100
040DC3 00          2363**       db %00000000
040DC4 CC          2364**       db %11001100
040DC5 78          2365**       db %01111000
040DC6 30          2366**       db %00110000
040DC7 30          2367**       db %00110000
040DC8 78          2368**       db %01111000
040DC9 00          2369**       db %00000000
040DCA             2370**   
040DCA             2371**   ; 237 NON_PRINTABLE_237
040DCA 06          2372**       db %00000110
040DCB 06          2373**       db %00000110
040DCC 36          2374**       db %00110110
040DCD 66          2375**       db %01100110
040DCE FE          2376**       db %11111110
040DCF 60          2377**       db %01100000
040DD0 30          2378**       db %00110000
040DD1 00          2379**       db %00000000
040DD2             2380**   
040DD2             2381**   ; 238 NON_PRINTABLE_238
040DD2 10          2382**       db %00010000
040DD3 38          2383**       db %00111000
040DD4 7C          2384**       db %01111100
040DD5 FE          2385**       db %11111110
040DD6 7C          2386**       db %01111100
040DD7 38          2387**       db %00111000
040DD8 10          2388**       db %00010000
040DD9 00          2389**       db %00000000
040DDA             2390**   
040DDA             2391**   ; 239 NON_PRINTABLE_239
040DDA A0          2392**       db %10100000
040DDB A0          2393**       db %10100000
040DDC E0          2394**       db %11100000
040DDD AE          2395**       db %10101110
040DDE A4          2396**       db %10100100
040DDF 04          2397**       db %00000100
040DE0 04          2398**       db %00000100
040DE1 04          2399**       db %00000100
040DE2             2400**   
040DE2             2401**   ; 240 NON_PRINTABLE_240
040DE2 80          2402**       db %10000000
040DE3 80          2403**       db %10000000
040DE4 80          2404**       db %10000000
040DE5 8E          2405**       db %10001110
040DE6 E8          2406**       db %11101000
040DE7 0C          2407**       db %00001100
040DE8 08          2408**       db %00001000
040DE9 08          2409**       db %00001000
040DEA             2410**   
040DEA             2411**   ; 241 NON_PRINTABLE_241
040DEA 30          2412**       db %00110000
040DEB 30          2413**       db %00110000
040DEC FC          2414**       db %11111100
040DED 30          2415**       db %00110000
040DEE 30          2416**       db %00110000
040DEF 00          2417**       db %00000000
040DF0 FC          2418**       db %11111100
040DF1 00          2419**       db %00000000
040DF2             2420**   
040DF2             2421**   ; 242 NON_PRINTABLE_242
040DF2 60          2422**       db %01100000
040DF3 30          2423**       db %00110000
040DF4 18          2424**       db %00011000
040DF5 30          2425**       db %00110000
040DF6 60          2426**       db %01100000
040DF7 00          2427**       db %00000000
040DF8 FC          2428**       db %11111100
040DF9 00          2429**       db %00000000
040DFA             2430**   
040DFA             2431**   ; 243 NON_PRINTABLE_243
040DFA 18          2432**       db %00011000
040DFB 30          2433**       db %00110000
040DFC 60          2434**       db %01100000
040DFD 30          2435**       db %00110000
040DFE 18          2436**       db %00011000
040DFF 00          2437**       db %00000000
040E00 FC          2438**       db %11111100
040E01 00          2439**       db %00000000
040E02             2440**   
040E02             2441**   ; 244 NON_PRINTABLE_244
040E02 08          2442**       db %00001000
040E03 14          2443**       db %00010100
040E04 10          2444**       db %00010000
040E05 10          2445**       db %00010000
040E06 10          2446**       db %00010000
040E07 10          2447**       db %00010000
040E08 10          2448**       db %00010000
040E09 10          2449**       db %00010000
040E0A             2450**   
040E0A             2451**   ; 245 NON_PRINTABLE_245
040E0A 10          2452**       db %00010000
040E0B 10          2453**       db %00010000
040E0C 10          2454**       db %00010000
040E0D 10          2455**       db %00010000
040E0E 10          2456**       db %00010000
040E0F 50          2457**       db %01010000
040E10 20          2458**       db %00100000
040E11 00          2459**       db %00000000
040E12             2460**   
040E12             2461**   ; 246 NON_PRINTABLE_246
040E12 00          2462**       db %00000000
040E13 30          2463**       db %00110000
040E14 00          2464**       db %00000000
040E15 FC          2465**       db %11111100
040E16 00          2466**       db %00000000
040E17 30          2467**       db %00110000
040E18 00          2468**       db %00000000
040E19 00          2469**       db %00000000
040E1A             2470**   
040E1A             2471**   ; 247 NON_PRINTABLE_247
040E1A 00          2472**       db %00000000
040E1B 76          2473**       db %01110110
040E1C DC          2474**       db %11011100
040E1D 00          2475**       db %00000000
040E1E 76          2476**       db %01110110
040E1F DC          2477**       db %11011100
040E20 00          2478**       db %00000000
040E21 00          2479**       db %00000000
040E22             2480**   
040E22             2481**   ; 248 NON_PRINTABLE_248
040E22 70          2482**       db %01110000
040E23 D8          2483**       db %11011000
040E24 70          2484**       db %01110000
040E25 00          2485**       db %00000000
040E26 00          2486**       db %00000000
040E27 00          2487**       db %00000000
040E28 00          2488**       db %00000000
040E29 00          2489**       db %00000000
040E2A             2490**   
040E2A             2491**   ; 249 NON_PRINTABLE_249
040E2A 00          2492**       db %00000000
040E2B 00          2493**       db %00000000
040E2C 00          2494**       db %00000000
040E2D 30          2495**       db %00110000
040E2E 30          2496**       db %00110000
040E2F 00          2497**       db %00000000
040E30 00          2498**       db %00000000
040E31 00          2499**       db %00000000
040E32             2500**   
040E32             2501**   ; 250 NON_PRINTABLE_250
040E32 00          2502**       db %00000000
040E33 00          2503**       db %00000000
040E34 00          2504**       db %00000000
040E35 18          2505**       db %00011000
040E36 18          2506**       db %00011000
040E37 00          2507**       db %00000000
040E38 00          2508**       db %00000000
040E39 00          2509**       db %00000000
040E3A             2510**   
040E3A             2511**   ; 251 NON_PRINTABLE_251
040E3A 1F          2512**       db %00011111
040E3B 10          2513**       db %00010000
040E3C 10          2514**       db %00010000
040E3D 90          2515**       db %10010000
040E3E 50          2516**       db %01010000
040E3F 30          2517**       db %00110000
040E40 10          2518**       db %00010000
040E41 00          2519**       db %00000000
040E42             2520**   
040E42             2521**   ; 252 NON_PRINTABLE_252
040E42 A0          2522**       db %10100000
040E43 D0          2523**       db %11010000
040E44 90          2524**       db %10010000
040E45 90          2525**       db %10010000
040E46 90          2526**       db %10010000
040E47 00          2527**       db %00000000
040E48 00          2528**       db %00000000
040E49 00          2529**       db %00000000
040E4A             2530**   
040E4A             2531**   ; 253 NON_PRINTABLE_253
040E4A 70          2532**       db %01110000
040E4B D8          2533**       db %11011000
040E4C 30          2534**       db %00110000
040E4D 60          2535**       db %01100000
040E4E F8          2536**       db %11111000
040E4F 00          2537**       db %00000000
040E50 00          2538**       db %00000000
040E51 00          2539**       db %00000000
040E52             2540**   
040E52             2541**   ; 254 NON_PRINTABLE_254
040E52 00          2542**       db %00000000
040E53 00          2543**       db %00000000
040E54 3C          2544**       db %00111100
040E55 3C          2545**       db %00111100
040E56 3C          2546**       db %00111100
040E57 3C          2547**       db %00111100
040E58 00          2548**       db %00000000
040E59 00          2549**       db %00000000
040E5A             2550**   
040E5A             2551**   ; 255 NON_PRINTABLE_255
040E5A A0          2552**       db %10100000
040E5B A0          2553**       db %10100000
040E5C A0          2554**       db %10100000
040E5D AE          2555**       db %10101110
040E5E 44          2556**       db %01000100
040E5F 04          2557**       db %00000100
040E60 04          2558**       db %00000100
040E61 04          2559**       db %00000100
040E62             2560**   
040E62             0005*        ; incbin "../fonts/Lat2-VGA8_8x8.font"
040E62             0006*    font_data_end:
040E62             0007*    font_load:
040E62             0008*    ; load font into a buffer
040E62 21 10 FA 00 0009*        ld hl,Lat2_VGA8_8x8
040E66 11 62 06 04 0010*        ld de,font_data
040E6A 01 00 08 00 0011*        ld bc,font_data_end-font_data
040E6E CD 8B 1D 04 0012*        call vdu_load_buffer
040E72             0013*    ; create font from buffer
040E72 21 10 FA 00 0014*        ld hl,Lat2_VGA8_8x8
040E76 1E 08       0015*        ld e,8
040E78 16 08       0016*        ld d,8
040E7A 3E 00       0017*        ld a,0 ; flags
040E7C CD 8D 20 04 0018*        call vdu_font_create
040E80             0019*    ; all done
040E80 C9          0020*        ret
040E81             0036         include "fixed168.inc"
040E81             0001*    ; multiply a signed 24-bit number by an unsigned 8-bit number giving a signed 24-bit result
040E81             0002*    ; uses EZ80 MLT instruction for speed
040E81             0003*    ; operation: UHL * A --> UHL
040E81             0004*    ; destroys: AF, HL
040E81             0005*    smul24x8:
040E81             0006*    ; make hl positive and store sign flag
040E81 CD 0D 05 04 0007*        call hlu_abs
040E85 F5          0008*        push af
040E86             0009*    ; do the division
040E86 CD 91 0E 04 0010*        call mul24x8 ; hl = product
040E8A             0011*    ; adjust sign of result
040E8A F1          0012*        pop af ; sign de
040E8B F0          0013*        ret p ; hl was positive, nothing to do
040E8C CD 1D 05 04 0014*        call neg_hlu ; result is negative
040E90 C9          0015*        ret
040E91             0016*    
040E91             0017*    ; unsigned multiplication of a 24-bit and 8-bit number giving a 32-bit result
040E91             0018*    ; uses EZ80 MLT instruction for speed
040E91             0019*    ; operation: UHL * A --> AUHL
040E91             0020*    ; destroys: AF, HL
040E91             0021*    mul24x8:
040E91 D5          0022*        push de ; preserve de
040E92             0023*    ; low byte
040E92 5D          0024*        ld e,l
040E93 57          0025*        ld d,a
040E94 ED 5C       0026*        mlt de
040E96 6B          0027*        ld l,e ; product low byte
040E97 08          0028*        ex af,af' ; save multiplier
040E98 7A          0029*        ld a,d ; carry
040E99 08          0030*        ex af,af' ; save carry, restore multiplier
040E9A             0031*    ; high byte
040E9A 5C          0032*        ld e,h
040E9B 57          0033*        ld d,a
040E9C ED 5C       0034*        mlt de
040E9E 08          0035*        ex af,af' ; save multiplier, restore carry
040E9F 83          0036*        add a,e ; add carry
040EA0 67          0037*        ld h,a ; product middle byte
040EA1 7A          0038*        ld a,d ; carry
040EA2 08          0039*        ex af,af' ; save carry, restore multiplier
040EA3             0040*    ; upper byte
040EA3 22 BE 0E 04 0041*        ld (@scratch),hl ; 7 cycles
040EA7 5F          0042*        ld e,a
040EA8 3A C0 0E 04 0043*        ld a,(@scratch+2)
040EAC 57          0044*        ld d,a
040EAD ED 5C       0045*        mlt de
040EAF 08          0046*        ex af,af' ; restore carry
040EB0 8B          0047*        adc a,e ; add carry
040EB1 32 C0 0E 04 0048*        ld (@scratch+2),a ; 5 cycles
040EB5 2A BE 0E 04 0049*        ld hl,(@scratch) ; 7 cycles
040EB9             0050*    ; highest byte
040EB9 3E 00       0051*        ld a,0 ; preserve carry flag
040EBB 8A          0052*        adc a,d ; product highest byte
040EBC D1          0053*        pop de ; restore de
040EBD C9          0054*        ret
040EBE             0055*    @scratch: ds 3
040EC1             0056*    
       FF FF FF 
040EC1 00 00 00 00 0057*    mul24out: blkb 6,0
       00 00       
040EC7             0058*    
040EC7             0059*    ; unsigned multiplication of two 24-bit numbers giving a 48-bit result
040EC7             0060*    ; operation: UHL * UDE --> mul24out
040EC7             0061*    mul24:
040EC7 DD E5       0062*        push ix ; preserve
040EC9             0063*    ; point to output buffer and clear it
040EC9 DD 21 C1 0E 0064*        ld ix,mul24out
       04          
040ECE C5          0065*        push bc
040ECF 01 00 00 00 0066*        ld bc,0
040ED3 DD 0F 00    0067*        ld (ix),bc
040ED6 DD 0F 03    0068*        ld (ix+3),bc
040ED9 C1          0069*        pop bc
040EDA             0070*    ; STEP 1: UHL * E
040EDA 7B          0071*        ld a,e
040EDB E5          0072*        push hl
040EDC CD 91 0E 04 0073*        call mul24x8
040EE0 DD 2F 00    0074*        ld (ix+0),hl
040EE3 DD 77 03    0075*        ld (ix+3),a
040EE6             0076*    ; STEP 2: UHL * D
040EE6 E1          0077*        pop hl
040EE7 E5          0078*        push hl
040EE8 7A          0079*        ld a,d
040EE9 CD 91 0E 04 0080*        call mul24x8
040EED CD 06 0F 04 0081*        call @accumulate
040EF1             0082*    ; STEP 3: UHL * DEU
040EF1 E1          0083*        pop hl
040EF2 ED 53 36 0F 0084*        ld (@de),de
       04          
040EF7 3A 38 0F 04 0085*        ld a,(@de+2)
040EFB CD 91 0E 04 0086*        call mul24x8
040EFF CD 06 0F 04 0087*        call @accumulate
040F03             0088*    ; all done
040F03 DD E1       0089*        pop ix ; restore
040F05 C9          0090*        ret
040F06             0091*    @accumulate:
040F06 DD 23       0092*        inc ix
040F08             0093*    ; highest byte of product to carry
040F08 DD 77 03    0094*        ld (ix+3),a
040F0B             0095*    ; low byte of product
040F0B 7D          0096*        ld a,l
040F0C DD 86 00    0097*        add a,(ix+0)
040F0F DD 77 00    0098*        ld (ix+0),a
040F12             0099*    ; high byte of product
040F12 7C          0100*        ld a,h
040F13 DD 8E 01    0101*        adc a,(ix+1)
040F16 DD 77 01    0102*        ld (ix+1),a
040F19             0103*    ; uppper byte of product
040F19 22 33 0F 04 0104*        ld (@hl),hl
040F1D 3A 35 0F 04 0105*        ld a,(@hl+2)
040F21 DD 8E 02    0106*        adc a,(ix+2)
040F24 DD 77 02    0107*        ld (ix+2),a
040F27             0108*    ; carry
040F27 3E 00       0109*        ld a,0 ; preserve flags
040F29 DD 8E 03    0110*        adc a,(ix+3)
040F2C DD 77 03    0111*        ld (ix+3),a
040F2F C9          0112*        ret
040F30             0113*    
040F30 00 00 00    0114*    @ix: dl 0
040F33 00 00 00    0115*    @hl: dl 0
040F36 00 00 00    0116*    @de: dl 0
040F39             0117*    
040F39             0118*    ; ; UHL * UDE --> UHL (unsigned)
040F39             0119*    ; umul24:
040F39             0120*    ;     call mul24
040F39             0121*    ;     ld hl,(mul24out)
040F39             0122*    ;     ret
040F39             0123*    
040F39             0124*    ; UH.L = UH.L*UD.E (unsigned)
040F39             0125*    umul168:
040F39 CD C7 0E 04 0126*        call mul24
040F3D 2A C2 0E 04 0127*        ld hl,(mul24out+1)
040F41 C9          0128*        ret
040F42             0129*    
040F42             0130*    ; UH.L * UD.E --> UH.L (signed)
040F42             0131*    smul168:
040F42             0132*    ; make everything positive and store sign flags
040F42 CD 0D 05 04 0133*        call hlu_abs
040F46 F5          0134*        push af
040F47 EB          0135*        ex de,hl
040F48 CD 0D 05 04 0136*        call hlu_abs
040F4C EB          0137*        ex de,hl
040F4D F5          0138*        push af
040F4E             0139*    ; do the division
040F4E CD 39 0F 04 0140*        call umul168 ; hl = product
040F52             0141*    ; adjust sign of result
040F52 F1          0142*        pop af ; sign de
040F53 FA 5E 0F 04 0143*        jp m,@de_neg
040F57 F1          0144*        pop af ; sign hl
040F58 F0          0145*        ret p ; both positive, nothing to do
040F59             0146*    @hl_neg:
040F59 CD 1D 05 04 0147*        call neg_hlu ; de pos, hl neg, result is negative
040F5D C9          0148*        ret
040F5E             0149*    @de_neg:
040F5E F1          0150*        pop af
040F5F F8          0151*        ret m ; both negative, nothing to do
040F60 CD 1D 05 04 0152*        call neg_hlu ; result is negative
040F64 C9          0153*        ret
040F65             0154*    
040F65             0155*    ; UH.L / UD.E --> UD.E rem UHL (unsigned)
040F65             0156*    ; perform unsigned division of 16.8 fixed place values
040F65             0157*    ; with an unsigned 16.8 fixed place result and 24-bit remainder
040F65             0158*    udiv168:
040F65             0159*    ; back up divisor
040F65 ED 53 9C 0F 0160*        ld (@ude),de
       04          
040F6A             0161*    ; get the 16-bit integer part of the quotient
040F6A CD F5 03 04 0162*        call udiv24 ; de = quotient, hl = remainder
040F6E             0163*    ; load quotient to upper three bytes of output
040F6E ED 53 A3 0F 0164*        ld (div168_out+1),de
       04          
040F73             0165*    @div256:
040F73             0166*    ; multiply remainder by 256
040F73             0167*        hlu_mul256
                       M1 Args: none
040F73 29          0001*M1      add hl,hl ; * 2
040F74 29          0002*M1      add hl,hl ; * 4
040F75 29          0003*M1      add hl,hl ; * 8
040F76 29          0004*M1      add hl,hl ; * 16
040F77 29          0005*M1      add hl,hl ; * 32
040F78 29          0006*M1      add hl,hl ; * 64
040F79 29          0007*M1      add hl,hl ; * 128
040F7A 29          0008*M1      add hl,hl ; * 256
040F7B             0168*    ; skip fractional computation if remainder is zero
040F7B             0169*        SIGN_UHL
                       M1 Args: none
040F7B 19          0001*M1      add hl,de ; 1 cycle
040F7C B7          0002*M1      or a ; clear flags ; 1 cycle
040F7D ED 52       0003*M1      sbc hl,de ; 2 cycles
040F7F             0004*M1      ; 4 cycles total
040F7F 20 03       0170*        jr nz,@div_frac
040F81 AF          0171*        xor a
040F82 18 0A       0172*        jr @write_frac
040F84             0173*    ; now divide the shifted remainder by the divisor
040F84             0174*    @div_frac:
040F84 ED 5B 9C 0F 0175*        ld de,(@ude) ; get back divisor
       04          
040F89 CD F5 03 04 0176*        call udiv24 ; de = quotient, hl = remainder
040F8D             0177*    ; load low byte of quotient to low byte of output
040F8D 7B          0178*        ld a,e
040F8E             0179*    @write_frac:
040F8E 32 A2 0F 04 0180*        ld (div168_out),a
040F92             0181*    ; load de with return value
040F92 ED 5B A2 0F 0182*        ld de,(div168_out)
       04          
040F97             0183*    ; load a with any overflow
040F97 3A A5 0F 04 0184*        ld a,(div168_out+3)
040F9B C9          0185*        ret ; ud.e is the 16.8 result
040F9C             0186*    @ude: ds 6
040FA2             0187*    div168_out: ds 4 ; the extra byte is for overflow
040FA6             0188*    
040FA6             0189*    ; UH.L / UD.E --> UD.E (signed) rem UHL (unsigned)
040FA6             0190*    ; perform signed division of 16.8 fixed place values
040FA6             0191*    ; with a signed 16.8 fixed place result and unsigned 24-bit remainder
040FA6             0192*    sdiv168:
040FA6             0193*    ; make everything positive and store sign flags
       FF FF FF FF 
       FF FF FF FF 
       FF FF 
040FA6 CD 0D 05 04 0194*        call hlu_abs
040FAA F5          0195*        push af
040FAB EB          0196*        ex de,hl
040FAC CD 0D 05 04 0197*        call hlu_abs
040FB0 EB          0198*        ex de,hl
040FB1 F5          0199*        push af
040FB2             0200*    ; do the division
040FB2 CD 65 0F 04 0201*        call udiv168 ; de = quotient, hl = remainder
040FB6             0202*    ; adjust sign of result
040FB6 F1          0203*        pop af ; sign de
040FB7 FA C4 0F 04 0204*        jp m,@de_neg
040FBB F1          0205*        pop af ; sign hl
040FBC F0          0206*        ret p ; both positive, nothing to do
040FBD             0207*    @hl_neg:
040FBD EB          0208*        ex de,hl ; hl = quotient, de = remainder
040FBE CD 1D 05 04 0209*        call neg_hlu ; de pos, hl neg, result is negative
040FC2 EB          0210*        ex de,hl ; de = negated quotient, hl = remainder
040FC3 C9          0211*        ret
040FC4             0212*    @de_neg:
040FC4 F1          0213*        pop af
040FC5 F8          0214*        ret m ; both negative, nothing to do
040FC6 EB          0215*        ex de,hl ; hl = quotient, de = remainder
040FC7 CD 1D 05 04 0216*        call neg_hlu ; result is negative
040FCB EB          0217*        ex de,hl ; de = negated quotient, hl = remainder
040FCC C9          0218*        ret
040FCD             0219*    
040FCD             0220*    ; convert signed angles from a 360 to 256 degree circle
040FCD             0221*    ; inputs: uh.l is the angle360 in 16.8 fixed format
040FCD             0222*    ; outputs: uh.l is the angle256 in 16.8 fixed format
040FCD             0223*    ; destroys: TODO
040FCD             0224*    deg_360_to_256:
040FCD D5          0225*        push de ; preserve de
040FCE             0226*    ; make angle positive and store sign flag
040FCE CD 0D 05 04 0227*        call hlu_abs
040FD2 F5          0228*        push af
040FD3             0229*    ; multiply by coversion factor of 256/360
040FD3 11 B6 00 00 0230*        ld de,0x0000B6 ; 0.711
040FD7 CD 39 0F 04 0231*        call umul168 ; uh.l = uh.l * 0.711
040FDB             0232*    ; restore sign flag and adjust output accordingly
040FDB F1          0233*        pop af
040FDC F2 E4 0F 04 0234*        jp p,@pos ; positive number
040FE0 CD 1D 05 04 0235*        call neg_hlu
040FE4             0236*    @pos:
040FE4             0237*    ; restore de and return uh.l as the result
040FE4 D1          0238*        pop de
040FE5 C9          0239*        ret
040FE6             0240*    
040FE6             0241*    ; convert signed angles from a 256 to 360 degree circle
040FE6             0242*    ; inputs: uh.l is the angle256 in 16.8 fixed format
040FE6             0243*    ; outputs: uh.l is the angle360 in 16.8 fixed format
040FE6             0244*    ; destroys: TODO
040FE6             0245*    deg_256_to_360:
040FE6 D5          0246*        push de ; preserve de
040FE7             0247*    ; make angle positive and store sign flag
040FE7 CD 0D 05 04 0248*        call hlu_abs
040FEB F5          0249*        push af
040FEC             0250*    ; multiply by coversion factor of 360/256
040FEC 11 68 01 00 0251*        ld de,0x000168 ; 1.406
040FF0 CD 39 0F 04 0252*        call umul168 ; uh.l = uh.l * 1.406
040FF4             0253*    ; restore sign flag and adjust output accordingly
040FF4 F1          0254*        pop af
040FF5 F2 FD 0F 04 0255*        jp p,@pos ; positive number
040FF9 CD 1D 05 04 0256*        call neg_hlu
040FFD             0257*    @pos:
040FFD             0258*    ; restore de and return uh.l as the result
040FFD D1          0259*        pop de
040FFE C9          0260*        ret
040FFF             0261*    
040FFF             0262*    ; fixed 16.8 routine
040FFF             0263*    ; cos(uh.l) --> uh.l
040FFF             0264*    ; destroys: f, hl
040FFF             0265*    cos168:
040FFF D5          0266*        push de ; preserve de
041000             0267*    ; for cos we simply increment the angle by 90 degrees
041000             0268*    ; or 0x004000 in 16.8 degrees256
041000             0269*    ; which makes it a sin problem
041000 11 00 40 00 0270*        ld de,0x004000
041004 19          0271*        add hl,de ; modulo 256 happens below
041005 D1          0272*        pop de ; restore de
041006             0273*    ; fall through to sin168
041006             0274*    
041006             0275*    ; ---------------------
041006             0276*    ; fixed 16.8 routine
041006             0277*    ; sin(uh.l) --> uh.l
041006             0278*    ; destroys: f, hl
041006             0279*    sin168:
041006 D5          0280*        push de
041007             0281*    ; handle negative angles appropriately
041007 CD 0D 05 04 0282*        call hlu_abs
04100B F2 14 10 04 0283*        jp p,@F
04100F 11 00 00 FF 0284*        ld de,-256*256
041013 19          0285*        add hl,de
041014             0286*    @@:
041014 2E 03       0287*        ld l,3 ; multiply by 3 to get our lookup index
041016 ED 6C       0288*        mlt hl
041018 11 CC 12 04 0289*        ld de,sin_lut_168 ; grab the lut address
04101C 19          0290*        add hl,de ; bump hl by the index
04101D ED 27       0291*        ld hl,(hl) ; don't try this on a z80!
04101F D1          0292*        pop de
041020 C9          0293*        ret
041021             0294*    
041021             0295*    ; 16.8 fixed inputs / outputs
041021             0296*    ; takes: uh.l as angle in degrees 256
041021             0297*    ;        ud.e as radius
041021             0298*    ; returns ub.c as dx, ud.e as dy, uh.l as radius
041021             0299*    ;        displacements from origin (0,0)
041021             0300*    ; destroys: everything except indexes
041021             0301*    polar_to_cartesian:
041021             0302*    ; back up input parameters
041021 22 50 10 04 0303*        ld (@angle), hl
041025 ED 53 53 10 0304*        ld (@radius), de
       04          
04102A             0305*    ; compute dx = sin(uh.l) * ud.e
04102A CD 06 10 04 0306*        call sin168 ; uh.l = sin(uh.l)
04102E ED 5B 53 10 0307*        ld de,(@radius)
       04          
041033 CD 42 0F 04 0308*        call smul168 ; uh.l = dx
041037 E5          0309*        push hl
041038             0310*    ; compute dy = -cos(uh.l) * ud.e
041038 2A 50 10 04 0311*        ld hl,(@angle)
04103C CD FF 0F 04 0312*        call cos168 ; uh.l = cos(uh.l)
041040 ED 5B 53 10 0313*        ld de,(@radius)
       04          
041045 CD 42 0F 04 0314*        call smul168 ; uh.l = dy
041049 CD 1D 05 04 0315*        call neg_hlu ; invert dy for screen coords convention
04104D EB          0316*        ex de,hl ; de = dy for output
04104E C1          0317*        pop bc ; bc = dx for output
04104F             0318*    ; and out
04104F C9          0319*        ret
041050             0320*    @angle: ds 3
041053             0321*    @radius: ds 3
041056             0322*    
041056             0323*    ; 16.8 fixed inputs / outputs
041056             0324*    ; inputs: ub.c as dx, ud.e as dy
041056             0325*    ;        displacements from origin (0,0)
041056             0326*    ; returns: uh.l as angle in degrees 256
041056             0327*    ;        ud.e as radius
041056             0328*    ; destroys: everything except indexes
041056             0329*    cartesian_to_polar:
       FF FF FF FF 
       FF FF 
041056 ED 43 AF 10 0330*        ld (dx168),bc ; dx argument for distance168
       04          
04105B ED 53 B5 10 0331*        ld (dy168),de ; dy argument for distance168
       04          
041060             0332*    ; compute radius
041060 CD BB 10 04 0333*        call distance168 ; uh.l = radius
041064 E5          0334*        push hl ; save radius
041065             0335*    ; compute angle
041065 ED 4B AF 10 0336*        ld bc,(dx168) ; dx argument for atan2_168fast
       04          
04106A ED 5B B5 10 0337*        ld de,(dy168) ; dy argument for atan2_168fast
       04          
04106F CD 1B 11 04 0338*        call atan2_168fast ; uh.l = angle
041073             0339*    ; return result
041073 D1          0340*        pop de ; de = radius (was hl)
041074 C9          0341*        ret
041075             0342*    ; end cartesian_to_polar
041075             0343*    
041075             0344*    ; 16.8 fixed inputs / outputs
041075             0345*    ; inputs: ub.c as dx, ud.e as dy
041075             0346*    ;        displacements from origin (0,0)
041075             0347*    ; returns: uh.l as angle in degrees 256
041075             0348*    ;        ud.e as radius
041075             0349*    ; destroys: everything except indexes
041075             0350*    ; note: uses distance168sm which is more accurate for small deltas
041075             0351*    cartesian_to_polar_sm:
041075 ED 43 AF 10 0352*        ld (dx168),bc ; dx argument for distance168
       04          
04107A ED 53 B5 10 0353*        ld (dy168),de ; dy argument for distance168
       04          
04107F             0354*    ; compute radius
04107F CD F6 10 04 0355*        call distance168sm ; uh.l = radius
041083 E5          0356*        push hl ; save radius
041084             0357*    ; compute angle
041084 ED 4B AF 10 0358*        ld bc,(dx168) ; dx argument for atan2_168fast
       04          
041089 ED 5B B5 10 0359*        ld de,(dy168) ; dy argument for atan2_168fast
       04          
04108E CD 1B 11 04 0360*        call atan2_168fast ; uh.l = angle
041092             0361*    ; return result
041092 D1          0362*        pop de ; de = radius (was hl)
041093 C9          0363*        ret
041094             0364*    ; end cartesian_to_polar
041094             0365*    
041094             0366*    ; inputs: ub.c and ud.e are x0 and y0 in 16.8 fixed format
041094             0367*    ;         ui.x and ui.y are x1 and y1 in 16.8 fixed format
041094             0368*    ; output: ub.c and ud.e are dx and dy in 16.8 fixed format
041094             0369*    ;         also populates scratch locations dx168 and dy168
041094             0370*    ; destroys: a,hl,bc,de
041094             0371*    dxy168:
041094             0372*    ; compute dx = x1-x0
041094 AF          0373*        xor a ; clear carry
041095 DD E5       0374*        push ix ; move ix to hl via the stack
041097 E1          0375*        pop hl ; hl = x1
041098 ED 42       0376*        sbc hl,bc ; hl = dx
04109A 22 AF 10 04 0377*        ld (dx168),hl ; dx to scratch
04109E             0378*    ; compute dy = y1-y0
04109E AF          0379*        xor a ; clear carry
04109F FD E5       0380*        push iy ; move iy to hl via the stack
0410A1 E1          0381*        pop hl ; hl = y1
0410A2 ED 52       0382*        sbc hl,de ; hl = dy
0410A4 22 B5 10 04 0383*        ld (dy168),hl ; dy to scratch
0410A8             0384*    ; populate output registers and return
0410A8 EB          0385*        ex de,hl ; ud.e = dy
0410A9 ED 4B AF 10 0386*        ld bc,(dx168) ; ub.c = dx
       04          
0410AE C9          0387*        ret
0410AF 00 00 00 00 0388*    dx168: blkb 6,0
       00 00       
0410B5 00 00 00 00 0389*    dy168: blkb 6,0
       00 00       
0410BB             0390*    
0410BB             0391*    ; compute the euclidian distance between two cartesian coordinates
0410BB             0392*    ; using the formula d = sqrt(dx^2+dy^2)
0410BB             0393*    ; inputs: dx168 and dy168 are dx and dy in 16.8 fixed format
0410BB             0394*    ; output; uh.l is the 16.8 fixed format distance
0410BB             0395*    ;         also populates scratch locations dx168 and dy168
0410BB             0396*    ; destroys: a,hl,bc,de
0410BB             0397*    ; NOTE: rounds both deltas down to the nearest integer to avoid overflow when squaring,
0410BB             0398*    ;       thus the result will always be an integer, albeit in 16.8 format
0410BB             0399*    distance168:
0410BB             0400*    ; compute dy^2
0410BB 2A B5 10 04 0401*        ld hl,(dy168)
0410BF CD 0D 05 04 0402*        call hlu_abs
0410C3             0403*        ; call hlu_udiv256 ; make integer to avoid overflow
0410C3             0404*        SRL_UHL ; make integer to avoid overflow
                       M1 Args: none
0410C3 3B          0001*M1      dec sp ; 1 cycle
0410C4 E5          0002*M1      push hl ; 4 cycles
0410C5 33          0003*M1      inc sp ; 1 cycle
0410C6 E1          0004*M1      pop hl ; 4 cycles
0410C7 23          0005*M1      inc hl ; 1 cycle
0410C8 52 2B       0006*M1      dec.s hl ; 2 cycles <-- the .s sets hlu to zero (undocumented)
0410CA             0007*M1      ; 13 cycles total
0410CA E5          0405*        push hl
0410CB D1          0406*        pop de
0410CC CD DC 03 04 0407*        call umul24 ; hl = dy^2
0410D0 E5          0408*        push hl ; save dy^2
0410D1             0409*    ; compute dx^2
0410D1 2A AF 10 04 0410*        ld hl,(dx168)
0410D5 CD 0D 05 04 0411*        call hlu_abs
0410D9             0412*        ; call hlu_udiv256 ; make integer to avoid overflow
0410D9             0413*        SRL_UHL ; make integer to avoid overflow
                       M1 Args: none
0410D9 3B          0001*M1      dec sp ; 1 cycle
0410DA E5          0002*M1      push hl ; 4 cycles
0410DB 33          0003*M1      inc sp ; 1 cycle
0410DC E1          0004*M1      pop hl ; 4 cycles
0410DD 23          0005*M1      inc hl ; 1 cycle
0410DE 52 2B       0006*M1      dec.s hl ; 2 cycles <-- the .s sets hlu to zero (undocumented)
0410E0             0007*M1      ; 13 cycles total
0410E0 E5          0414*        push hl
0410E1 D1          0415*        pop de
0410E2 CD DC 03 04 0416*        call umul24 ; hl = dx^2
0410E6             0417*    ; add dx^2 and dy^2
0410E6 D1          0418*        pop de ; de = dy^2 (was hl)
0410E7 19          0419*        add hl,de ; hl = dx^2 + dy^2
0410E8             0420*    ; compute the square root
0410E8 CD E6 11 04 0421*        call sqrt24 ; de = sqrt(dx^2 + dy^2)
0410EC EB          0422*        ex de,hl ; hl = distance
0410ED             0423*        hlu_mul256 ; convert back to 16.8 fixed
                       M1 Args: none
0410ED 29          0001*M1      add hl,hl ; * 2
0410EE 29          0002*M1      add hl,hl ; * 4
0410EF 29          0003*M1      add hl,hl ; * 8
0410F0 29          0004*M1      add hl,hl ; * 16
0410F1 29          0005*M1      add hl,hl ; * 32
0410F2 29          0006*M1      add hl,hl ; * 64
0410F3 29          0007*M1      add hl,hl ; * 128
0410F4 29          0008*M1      add hl,hl ; * 256
0410F5 C9          0424*        ret
0410F6             0425*    
0410F6             0426*    ; compute the euclidian distance between two cartesian coordinates
0410F6             0427*    ; using the formula d = sqrt(dx^2+dy^2)
0410F6             0428*    ; inputs: dx168 and dy168 are dx and dy in 16.8 fixed format
0410F6             0429*    ; output; uh.l is the 16.8 fixed format distance
0410F6             0430*    ;         also populates scratch locations dx168 and dy168
0410F6             0431*    ; destroys: a,hl,bc,de
0410F6             0432*    ; NOTE: sm means 'small' because it doesn't round down the deltas
0410F6             0433*    ;       making it more accurate for small deltas,
0410F6             0434*    ;       but will overflow if used for screen-sized deltas
0410F6             0435*    distance168sm:
0410F6             0436*    ; compute dy^2
0410F6 2A B5 10 04 0437*        ld hl,(dy168)
0410FA CD 0D 05 04 0438*        call hlu_abs
0410FE E5          0439*        push hl
0410FF D1          0440*        pop de
041100 CD DC 03 04 0441*        call umul24 ; hl = dy^2
041104 E5          0442*        push hl ; save dy^2
041105             0443*    ; compute dx^2
041105 2A AF 10 04 0444*        ld hl,(dx168)
041109 CD 0D 05 04 0445*        call hlu_abs
04110D E5          0446*        push hl
04110E D1          0447*        pop de
04110F CD DC 03 04 0448*        call umul24 ; hl = dx^2
041113             0449*    ; add dx^2 and dy^2
041113 D1          0450*        pop de ; de = dy^2 (was hl)
041114 19          0451*        add hl,de ; hl = dx^2 + dy^2
041115             0452*    ; compute the square root
041115 CD E6 11 04 0453*        call sqrt24 ; de = sqrt(dx^2 + dy^2)
041119 EB          0454*        ex de,hl ; hl = distance
04111A C9          0455*        ret
04111B             0456*    
04111B             0457*    ; atan2_(ub.c,ud.e) --> uh.l
04111B             0458*    ; inputs: ub.c and ud.e are dx and dy in 16.8 fixed format
04111B             0459*    ;   whether inputs are integers or fractional doesn't matter
04111B             0460*    ;   so long as the sign bit of the upper byte is correct
04111B             0461*    ; output: uh.l is the 16.8 fixed angle in degrees 256
04111B             0462*    ; angles are COMPASS HEADINGS based on
04111B             0463*    ; screen coordinate conventions,where the y axis is flipped
04111B             0464*    ; #E0 224      0       32 #20
04111B             0465*    ;        -x,-y | +x,-y
04111B             0466*    ; #C0 192------+------ 64 #40
04111B             0467*    ;        -x,+y | +x,+y
04111B             0468*    ; #A0 160   128 #80   96 #60
04111B             0469*    atan2_168fast:
04111B             0470*    ; get signs and make everything positive
04111B             0471*    ; get abs(x) and store its original sign
04111B C5          0472*        push bc
04111C E1          0473*        pop hl
04111D CD 0D 05 04 0474*        call hlu_abs ; if x was negative this also sets the sign flag
041121 E5          0475*        push hl ; store abs(x)
041122 C1          0476*        pop bc ; bc = abs(x)
041123 F5          0477*        push af ; store sign of x
041124             0478*    ; get abs(y) and store its original sign
041124 EB          0479*        ex de,hl ; hl = y
041125 CD 0D 05 04 0480*        call hlu_abs ; if y was negative this also sets the sign flag
041129 EB          0481*        ex de,hl ; de = abs(y)
04112A F5          0482*        push af ; store sign of y
04112B             0483*    ; if abs(bc) < abs(de),then we do bc/de,otherwise de/bc
04112B             0484*    ; this ensures that our lookup value is between 0 and 1 inclusive
04112B AF          0485*        xor a ; clear the carry flag
04112C D5          0486*        push de
04112D E1          0487*        pop hl
04112E ED 42       0488*        sbc hl,bc
041130 F5          0489*        push af ; save sign of de - bc
041131 F2 3A 11 04 0490*        jp p,@1 ; bc <= de, so we skip ahead
041135             0491*    ; otherwise we swap bc and de
041135 C5          0492*        push bc
041136 E1          0493*        pop hl
041137 EB          0494*        ex de,hl
041138 E5          0495*        push hl
041139 C1          0496*        pop bc
04113A             0497*    @1:
04113A             0498*    ; now we're ready to snag our preliminary result
04113A C5          0499*        push bc
04113B E1          0500*        pop hl
04113C CD AA 11 04 0501*        call atan_168fast ; uh.l comes back with prelim result
041140             0502*    ; now we adjust uh.l based on sign of de - bc
041140 F1          0503*        pop af
041141 F2 4D 11 04 0504*        jp p,@2 ; bc <= de,so we skip ahead
041145 EB          0505*        ex de,hl
041146 21 00 40 00 0506*        ld hl,64*256 ; subtract from 64 (90) degrees
04114A AF          0507*        xor a ; clear the carry flag
04114B ED 52       0508*        sbc hl,de
04114D             0509*    @2:
04114D             0510*    ; adjust the result based on quadrant
04114D             0511*    ; #E0 224      0       32 #20
04114D             0512*    ;        -x,-y | +x,-y
04114D             0513*    ; #C0 192------+------ 64 #40
04114D             0514*    ;        -x,+y | +x,+y
04114D             0515*    ; #A0 160   128 #80   96 #60
04114D F1          0516*        pop af ; sign of y
04114E CA 8B 11 04 0517*        jp z,@y_zero
041152 F2 6B 11 04 0518*        jp p,@y_pos
041156             0519*    ; y neg,check x
041156 F1          0520*        pop af ; sign of x
041157 CA 65 11 04 0521*        jp z,@y_neg_x_zero
04115B F2 6A 11 04 0522*        jp p,@y_neg_x_pos
04115F             0523*    ; y neg,x neg
04115F             0524*    ; angle is 128 to 256 (270 to 360)
04115F             0525*    ; negating the intermediate does the trick
04115F CD 1D 05 04 0526*        call neg_hlu
041163 18 31       0527*        jr @zero_hlu
041165             0528*    
041165             0529*    @y_neg_x_zero:
041165             0530*    ; y neg,x zero
041165             0531*    ; angle is 0
041165 21 00 00 00 0532*        ld hl,0
041169 C9          0533*        ret
04116A             0534*    @y_neg_x_pos:
04116A             0535*    ; y neg,x pos
04116A             0536*    ; angle is 0 to 64 (0 to 90)
04116A             0537*    ; so we're good
04116A C9          0538*        ret
04116B             0539*    
04116B             0540*    @y_pos:
04116B F1          0541*        pop af ; sign of x
04116C CA 7B 11 04 0542*        jp z,@y_pos_x_zero
041170 F2 80 11 04 0543*        jp p,@y_pos_x_pos
041174             0544*    ; y pos,x neg
041174             0545*    ; angle is 128 to 192 (180-270)
041174             0546*    ; so we add 128 to intermediate
041174 11 00 80 00 0547*        ld de,128*256
041178 19          0548*        add hl,de
041179 18 1B       0549*        jr @zero_hlu
04117B             0550*    @y_pos_x_zero:
04117B             0551*    ; y pos,x zero
04117B             0552*    ; angle is 128 (180)
04117B 21 00 80 00 0553*        ld hl,128*256
04117F C9          0554*        ret
041180             0555*    @y_pos_x_pos:
041180             0556*    ; y pos,x pos
041180             0557*    ; angle is 64 to 128 (90 to 180)
041180             0558*    ; neg the intermediate and add 180 degrees
041180 CD 1D 05 04 0559*        call neg_hlu
041184 11 00 80 00 0560*        ld de,128*256
041188 19          0561*        add hl,de
041189 18 0B       0562*        jr @zero_hlu
04118B             0563*    
04118B             0564*    @y_zero:
04118B F1          0565*        pop af ; sign of x
04118C FA 91 11 04 0566*        jp m,@y_zero_x_neg
041190             0567*    ; y zero,x pos
041190             0568*    ; angle is 64 (90),nothing to do
041190 C9          0569*        ret
041191             0570*    @y_zero_x_neg:
041191             0571*    ; y zero ,x neg
041191             0572*    ; angle is 192 (270)
041191 21 00 C0 00 0573*        ld hl,192*256
041195 C9          0574*        ret
041196             0575*    @zero_hlu:
041196 AF          0576*        xor a
041197 22 A4 11 04 0577*        ld (@scratch),hl
04119B 32 A6 11 04 0578*        ld (@scratch+2),a
04119F 2A A4 11 04 0579*        ld hl,(@scratch)
0411A3 C9          0580*        ret
0411A4             0581*    @scratch: ds 6
0411AA             0582*    
0411AA             0583*    ; inputs: ub.c and ud.e are dx and dy in 16.8 fixed format
0411AA             0584*    ; output: uh.l is the 16.8 fixed format angle in degrees 256
0411AA             0585*    ; destroys: a,hl,bc,de
0411AA             0586*    ; note: only works for angles from 0 to 32 (45) degrees
0411AA             0587*    ;   use atan2_168fast (which calls this proc) to handle the full 256 (360) degrees
0411AA             0588*    atan_168fast:
0411AA             0589*    ; because we use compass headings instead of geometric angles
0411AA             0590*    ; we compute dx/dy which is 1/tan(theta) in the maths world
0411AA             0591*    ; we can do faster unsigned division here because we know dx and dy are positive
       FF FF FF FF 
       FF FF 
0411AA CD 65 0F 04 0592*        call udiv168 ; ud.e = dx/dy
0411AE EB          0593*        ex de,hl ; uh.l = dx/dy
0411AF             0594*    ; test uh.l for 0
0411AF 19          0595*        add hl,de
0411B0 B7          0596*        or a
0411B1 ED 52       0597*        sbc hl,de
0411B3 28 22       0598*        jr z,@is_zero
0411B5             0599*    ; test uh.l for 1
0411B5 AF          0600*        xor a ; clear carry
0411B6 EB          0601*        ex de,hl
0411B7 21 00 01 00 0602*        ld hl,1*256 ; 1 in 16.8 fixed format
0411BB ED 52       0603*        sbc hl,de
0411BD 28 13       0604*        jr z,@is_45
0411BF EB          0605*        ex de,hl
0411C0             0606*    ; no special cases so we move on
0411C0             0607*    ; l contains the fractional portion of tan(uh.l)
0411C0             0608*    ; we multiply it by three to get our lookup table index
0411C0 26 03       0609*        ld h,3
0411C2 ED 6C       0610*        mlt hl ; index into lut
0411C4 11 00 00 00 0611*        ld de,0 ; clear deu
0411C8 54          0612*        ld d,h ; copy hl to de
0411C9 5D          0613*        ld e,l ; de contains our index
0411CA 21 CF 15 04 0614*        ld hl,atan_lut_168 ; grab the lut address
0411CE 19          0615*        add hl,de ; bump hl by the index
0411CF ED 27       0616*        ld hl,(hl) ; don't try this on a z80!
0411D1 C9          0617*        ret ; and out
0411D2             0618*    @is_45:
0411D2 21 00 20 00 0619*        ld hl,32*256
0411D6 C9          0620*        ret
0411D7             0621*    ; for the case tan(0)
0411D7             0622*    @is_zero:
0411D7 21 00 00 00 0623*        ld hl,0*256
0411DB C9          0624*        ret
0411DC             0625*    
0411DC             0626*    ; Expects  ADL mode
0411DC             0627*    ; Inputs:  UH.L
0411DC             0628*    ; Outputs: UH.L is the 16.8 square root
0411DC             0629*    ;          UDE is the integer difference inputHL-DE^2
0411DC             0630*    sqrt168:
0411DC CD E6 11 04 0631*        call sqrt24
0411E0 EB          0632*        ex de,hl
0411E1 29          0633*        add hl,hl
0411E2 29          0634*        add hl,hl
0411E3 29          0635*        add hl,hl
0411E4 29          0636*        add hl,hl
0411E5 C9          0637*        ret
0411E6             0638*    
0411E6             0639*    ; credit: xeda112358
0411E6             0640*    ; https://www.cemetech.net/forum/viewtopic.php?t=11178&postdays=0&postorder=asc&start=0
0411E6             0641*    sqrt24:
0411E6             0642*    ; Expects ADL mode
0411E6             0643*    ; Inputs: HL
0411E6             0644*    ; Outputs: DE is the integer square root
0411E6             0645*    ;  HL is the difference inputHL-DE^2
0411E6             0646*    ;  c flag reset
0411E6 01 00 00 00 0647*        ld bc,0 ; clear bcu
0411EA 11 00 00 00 0648*        ld de,0 ; clear deu
0411EE AF          0649*        xor a
0411EF 45          0650*        ld b,l
0411F0 C5          0651*        push bc
0411F1 47          0652*        ld b,a
0411F2 6F          0653*        ld l,a
0411F3             0654*    ; Iteration 1
0411F3 29          0655*        add hl,hl
0411F4 CB 11       0656*        rl c
0411F6 29          0657*        add hl,hl
0411F7 CB 11       0658*        rl c
0411F9 91          0659*        sub c
0411FA 30 04       0660*        jr nc,$+6
0411FC 1C          0661*        inc e
0411FD 1C          0662*        inc e
0411FE 2F          0663*        cpl
0411FF 4F          0664*        ld c,a
041200             0665*    ; Iteration 2
041200 29          0666*        add hl,hl
041201 CB 11       0667*        rl c
041203 29          0668*        add hl,hl
041204 CB 11       0669*        rl c
041206 CB 13       0670*        rl e
041208 7B          0671*        ld a,e
041209 91          0672*        sub c
04120A 30 04       0673*        jr nc,$+6
04120C 1C          0674*        inc e
04120D 1C          0675*        inc e
04120E 2F          0676*        cpl
04120F 4F          0677*        ld c,a
041210             0678*    ; Iteration 3
041210 29          0679*        add hl,hl
041211 CB 11       0680*        rl c
041213 29          0681*        add hl,hl
041214 CB 11       0682*        rl c
041216 CB 13       0683*        rl e
041218 7B          0684*        ld a,e
041219 91          0685*        sub c
04121A 30 04       0686*        jr nc,$+6
04121C 1C          0687*        inc e
04121D 1C          0688*        inc e
04121E 2F          0689*        cpl
04121F 4F          0690*        ld c,a
041220             0691*    ; Iteration 4
041220 29          0692*        add hl,hl
041221 CB 11       0693*        rl c
041223 29          0694*        add hl,hl
041224 CB 11       0695*        rl c
041226 CB 13       0696*        rl e
041228 7B          0697*        ld a,e
041229 91          0698*        sub c
04122A 30 04       0699*        jr nc,$+6
04122C 1C          0700*        inc e
04122D 1C          0701*        inc e
04122E 2F          0702*        cpl
04122F 4F          0703*        ld c,a
041230             0704*    ; Iteration 5
041230 29          0705*        add hl,hl
041231 CB 11       0706*        rl c
041233 29          0707*        add hl,hl
041234 CB 11       0708*        rl c
041236 CB 13       0709*        rl e
041238 7B          0710*        ld a,e
041239 91          0711*        sub c
04123A 30 04       0712*        jr nc,$+6
04123C 1C          0713*        inc e
04123D 1C          0714*        inc e
04123E 2F          0715*        cpl
04123F 4F          0716*        ld c,a
041240             0717*    ; Iteration 6
041240 29          0718*        add hl,hl
041241 CB 11       0719*        rl c
041243 29          0720*        add hl,hl
041244 CB 11       0721*        rl c
041246 CB 13       0722*        rl e
041248 7B          0723*        ld a,e
041249 91          0724*        sub c
04124A 30 04       0725*        jr nc,$+6
04124C 1C          0726*        inc e
04124D 1C          0727*        inc e
04124E 2F          0728*        cpl
04124F 4F          0729*        ld c,a
041250             0730*    ; Iteration 7
041250 29          0731*        add hl,hl
041251 CB 11       0732*        rl c
041253 29          0733*        add hl,hl
041254 CB 11       0734*        rl c
041256 CB 10       0735*        rl b
041258 EB          0736*        ex de,hl
041259 29          0737*        add hl,hl
04125A E5          0738*        push hl
04125B ED 42       0739*        sbc hl,bc
04125D 30 06       0740*        jr nc,$+8
04125F 7C          0741*        ld a,h
041260 2F          0742*        cpl
041261 47          0743*        ld b,a
041262 7D          0744*        ld a,l
041263 2F          0745*        cpl
041264 4F          0746*        ld c,a
041265 E1          0747*        pop hl
041266 30 02       0748*        jr nc,$+4
041268 23          0749*        inc hl
041269 23          0750*        inc hl
04126A EB          0751*        ex de,hl
04126B             0752*    ; Iteration 8
04126B 29          0753*        add hl,hl
04126C 69          0754*        ld l,c
04126D 60          0755*        ld h,b
04126E ED 6A       0756*        adc hl,hl
041270 ED 6A       0757*        adc hl,hl
041272 EB          0758*        ex de,hl
041273 29          0759*        add hl,hl
041274 ED 52       0760*        sbc hl,de
041276 19          0761*        add hl,de
041277 EB          0762*        ex de,hl
041278 30 04       0763*        jr nc,$+6
04127A ED 52       0764*        sbc hl,de
04127C 13          0765*        inc de
04127D 13          0766*        inc de
04127E             0767*    ; Iteration 9
04127E F1          0768*        pop af
04127F 17          0769*        rla
041280 ED 6A       0770*        adc hl,hl
041282 17          0771*        rla
041283 ED 6A       0772*        adc hl,hl
041285 EB          0773*        ex de,hl
041286 29          0774*        add hl,hl
041287 ED 52       0775*        sbc hl,de
041289 19          0776*        add hl,de
04128A EB          0777*        ex de,hl
04128B 30 04       0778*        jr nc,$+6
04128D ED 52       0779*        sbc hl,de
04128F 13          0780*        inc de
041290 13          0781*        inc de
041291             0782*    ; Iteration 10
041291 17          0783*        rla
041292 ED 6A       0784*        adc hl,hl
041294 17          0785*        rla
041295 ED 6A       0786*        adc hl,hl
041297 EB          0787*        ex de,hl
041298 29          0788*        add hl,hl
041299 ED 52       0789*        sbc hl,de
04129B 19          0790*        add hl,de
04129C EB          0791*        ex de,hl
04129D 30 04       0792*        jr nc,$+6
04129F ED 52       0793*        sbc hl,de
0412A1 13          0794*        inc de
0412A2 13          0795*        inc de
0412A3             0796*    ; Iteration 11
0412A3 17          0797*        rla
0412A4 ED 6A       0798*        adc hl,hl
0412A6 17          0799*        rla
0412A7 ED 6A       0800*        adc hl,hl
0412A9 EB          0801*        ex de,hl
0412AA 29          0802*        add hl,hl
0412AB ED 52       0803*        sbc hl,de
0412AD 19          0804*        add hl,de
0412AE EB          0805*        ex de,hl
0412AF 30 04       0806*        jr nc,$+6
0412B1 ED 52       0807*        sbc hl,de
0412B3 13          0808*        inc de
0412B4 13          0809*        inc de
0412B5             0810*    ; Iteration 12
0412B5 17          0811*        rla
0412B6 ED 6A       0812*        adc hl,hl
0412B8 17          0813*        rla
0412B9 ED 6A       0814*        adc hl,hl
0412BB EB          0815*        ex de,hl
0412BC 29          0816*        add hl,hl
0412BD ED 52       0817*        sbc hl,de
0412BF 19          0818*        add hl,de
0412C0 EB          0819*        ex de,hl
0412C1 30 04       0820*        jr nc,$+6
0412C3 ED 52       0821*        sbc hl,de
0412C5 13          0822*        inc de
0412C6 13          0823*        inc de
0412C7 CB 1A       0824*        rr d
0412C9 CB 1B       0825*        rr e
0412CB C9          0826*        ret
0412CC             0827*    
0412CC             0828*    sin_lut_168:
0412CC 00 00 00    0829*        dl 0x000000 ; 0.000 00, 0.000
0412CF 06 00 00    0830*        dl 0x000006 ; 1.406 01, 0.025
0412D2 0C 00 00    0831*        dl 0x00000C ; 2.813 02, 0.049
0412D5 12 00 00    0832*        dl 0x000012 ; 4.219 03, 0.074
0412D8 19 00 00    0833*        dl 0x000019 ; 5.625 04, 0.098
0412DB 1F 00 00    0834*        dl 0x00001F ; 7.031 05, 0.122
0412DE 25 00 00    0835*        dl 0x000025 ; 8.438 06, 0.147
0412E1 2B 00 00    0836*        dl 0x00002B ; 9.844 07, 0.171
0412E4 31 00 00    0837*        dl 0x000031 ; 11.250 08, 0.195
0412E7 38 00 00    0838*        dl 0x000038 ; 12.656 09, 0.219
0412EA 3E 00 00    0839*        dl 0x00003E ; 14.063 0A, 0.243
0412ED 44 00 00    0840*        dl 0x000044 ; 15.469 0B, 0.267
0412F0 4A 00 00    0841*        dl 0x00004A ; 16.875 0C, 0.290
0412F3 50 00 00    0842*        dl 0x000050 ; 18.281 0D, 0.314
0412F6 56 00 00    0843*        dl 0x000056 ; 19.688 0E, 0.337
0412F9 5C 00 00    0844*        dl 0x00005C ; 21.094 0F, 0.360
0412FC 61 00 00    0845*        dl 0x000061 ; 22.500 10, 0.383
0412FF 67 00 00    0846*        dl 0x000067 ; 23.906 11, 0.405
041302 6D 00 00    0847*        dl 0x00006D ; 25.313 12, 0.428
041305 73 00 00    0848*        dl 0x000073 ; 26.719 13, 0.450
041308 78 00 00    0849*        dl 0x000078 ; 28.125 14, 0.471
04130B 7E 00 00    0850*        dl 0x00007E ; 29.531 15, 0.493
04130E 83 00 00    0851*        dl 0x000083 ; 30.938 16, 0.514
041311 88 00 00    0852*        dl 0x000088 ; 32.344 17, 0.535
041314 8E 00 00    0853*        dl 0x00008E ; 33.750 18, 0.556
041317 93 00 00    0854*        dl 0x000093 ; 35.156 19, 0.576
04131A 98 00 00    0855*        dl 0x000098 ; 36.563 1A, 0.596
04131D 9D 00 00    0856*        dl 0x00009D ; 37.969 1B, 0.615
041320 A2 00 00    0857*        dl 0x0000A2 ; 39.375 1C, 0.634
041323 A7 00 00    0858*        dl 0x0000A7 ; 40.781 1D, 0.653
041326 AB 00 00    0859*        dl 0x0000AB ; 42.188 1E, 0.672
041329 B0 00 00    0860*        dl 0x0000B0 ; 43.594 1F, 0.690
04132C B5 00 00    0861*        dl 0x0000B5 ; 45.000 20, 0.707
04132F B9 00 00    0862*        dl 0x0000B9 ; 46.406 21, 0.724
041332 BD 00 00    0863*        dl 0x0000BD ; 47.813 22, 0.741
041335 C1 00 00    0864*        dl 0x0000C1 ; 49.219 23, 0.757
041338 C5 00 00    0865*        dl 0x0000C5 ; 50.625 24, 0.773
04133B C9 00 00    0866*        dl 0x0000C9 ; 52.031 25, 0.788
04133E CD 00 00    0867*        dl 0x0000CD ; 53.438 26, 0.803
041341 D1 00 00    0868*        dl 0x0000D1 ; 54.844 27, 0.818
041344 D4 00 00    0869*        dl 0x0000D4 ; 56.250 28, 0.831
041347 D8 00 00    0870*        dl 0x0000D8 ; 57.656 29, 0.845
04134A DB 00 00    0871*        dl 0x0000DB ; 59.063 2A, 0.858
04134D DE 00 00    0872*        dl 0x0000DE ; 60.469 2B, 0.870
041350 E1 00 00    0873*        dl 0x0000E1 ; 61.875 2C, 0.882
041353 E4 00 00    0874*        dl 0x0000E4 ; 63.281 2D, 0.893
041356 E7 00 00    0875*        dl 0x0000E7 ; 64.688 2E, 0.904
041359 EA 00 00    0876*        dl 0x0000EA ; 66.094 2F, 0.914
04135C EC 00 00    0877*        dl 0x0000EC ; 67.500 30, 0.924
04135F EE 00 00    0878*        dl 0x0000EE ; 68.906 31, 0.933
041362 F1 00 00    0879*        dl 0x0000F1 ; 70.313 32, 0.942
041365 F3 00 00    0880*        dl 0x0000F3 ; 71.719 33, 0.950
041368 F4 00 00    0881*        dl 0x0000F4 ; 73.125 34, 0.957
04136B F6 00 00    0882*        dl 0x0000F6 ; 74.531 35, 0.964
04136E F8 00 00    0883*        dl 0x0000F8 ; 75.938 36, 0.970
041371 F9 00 00    0884*        dl 0x0000F9 ; 77.344 37, 0.976
041374 FB 00 00    0885*        dl 0x0000FB ; 78.750 38, 0.981
041377 FC 00 00    0886*        dl 0x0000FC ; 80.156 39, 0.985
04137A FD 00 00    0887*        dl 0x0000FD ; 81.563 3A, 0.989
04137D FE 00 00    0888*        dl 0x0000FE ; 82.969 3B, 0.992
041380 FE 00 00    0889*        dl 0x0000FE ; 84.375 3C, 0.995
041383 FF 00 00    0890*        dl 0x0000FF ; 85.781 3D, 0.997
041386 FF 00 00    0891*        dl 0x0000FF ; 87.188 3E, 0.999
041389 FF 00 00    0892*        dl 0x0000FF ; 88.594 3F, 1.000
04138C 00 01 00    0893*        dl 0x000100 ; 90.000 40, 1.000
04138F FF 00 00    0894*        dl 0x0000FF ; 91.406 41, 1.000
041392 FF 00 00    0895*        dl 0x0000FF ; 92.813 42, 0.999
041395 FF 00 00    0896*        dl 0x0000FF ; 94.219 43, 0.997
041398 FE 00 00    0897*        dl 0x0000FE ; 95.625 44, 0.995
04139B FE 00 00    0898*        dl 0x0000FE ; 97.031 45, 0.992
04139E FD 00 00    0899*        dl 0x0000FD ; 98.438 46, 0.989
0413A1 FC 00 00    0900*        dl 0x0000FC ; 99.844 47, 0.985
0413A4 FB 00 00    0901*        dl 0x0000FB ; 101.250 48, 0.981
0413A7 F9 00 00    0902*        dl 0x0000F9 ; 102.656 49, 0.976
0413AA F8 00 00    0903*        dl 0x0000F8 ; 104.063 4A, 0.970
0413AD F6 00 00    0904*        dl 0x0000F6 ; 105.469 4B, 0.964
0413B0 F4 00 00    0905*        dl 0x0000F4 ; 106.875 4C, 0.957
0413B3 F3 00 00    0906*        dl 0x0000F3 ; 108.281 4D, 0.950
0413B6 F1 00 00    0907*        dl 0x0000F1 ; 109.688 4E, 0.942
0413B9 EE 00 00    0908*        dl 0x0000EE ; 111.094 4F, 0.933
0413BC EC 00 00    0909*        dl 0x0000EC ; 112.500 50, 0.924
0413BF EA 00 00    0910*        dl 0x0000EA ; 113.906 51, 0.914
0413C2 E7 00 00    0911*        dl 0x0000E7 ; 115.313 52, 0.904
0413C5 E4 00 00    0912*        dl 0x0000E4 ; 116.719 53, 0.893
0413C8 E1 00 00    0913*        dl 0x0000E1 ; 118.125 54, 0.882
0413CB DE 00 00    0914*        dl 0x0000DE ; 119.531 55, 0.870
0413CE DB 00 00    0915*        dl 0x0000DB ; 120.938 56, 0.858
0413D1 D8 00 00    0916*        dl 0x0000D8 ; 122.344 57, 0.845
0413D4 D4 00 00    0917*        dl 0x0000D4 ; 123.750 58, 0.831
0413D7 D1 00 00    0918*        dl 0x0000D1 ; 125.156 59, 0.818
0413DA CD 00 00    0919*        dl 0x0000CD ; 126.563 5A, 0.803
0413DD C9 00 00    0920*        dl 0x0000C9 ; 127.969 5B, 0.788
0413E0 C5 00 00    0921*        dl 0x0000C5 ; 129.375 5C, 0.773
0413E3 C1 00 00    0922*        dl 0x0000C1 ; 130.781 5D, 0.757
0413E6 BD 00 00    0923*        dl 0x0000BD ; 132.188 5E, 0.741
0413E9 B9 00 00    0924*        dl 0x0000B9 ; 133.594 5F, 0.724
0413EC B5 00 00    0925*        dl 0x0000B5 ; 135.000 60, 0.707
0413EF B0 00 00    0926*        dl 0x0000B0 ; 136.406 61, 0.690
0413F2 AB 00 00    0927*        dl 0x0000AB ; 137.813 62, 0.672
0413F5 A7 00 00    0928*        dl 0x0000A7 ; 139.219 63, 0.653
0413F8 A2 00 00    0929*        dl 0x0000A2 ; 140.625 64, 0.634
0413FB 9D 00 00    0930*        dl 0x00009D ; 142.031 65, 0.615
0413FE 98 00 00    0931*        dl 0x000098 ; 143.438 66, 0.596
041401 93 00 00    0932*        dl 0x000093 ; 144.844 67, 0.576
041404 8E 00 00    0933*        dl 0x00008E ; 146.250 68, 0.556
041407 88 00 00    0934*        dl 0x000088 ; 147.656 69, 0.535
04140A 83 00 00    0935*        dl 0x000083 ; 149.063 6A, 0.514
04140D 7E 00 00    0936*        dl 0x00007E ; 150.469 6B, 0.493
041410 78 00 00    0937*        dl 0x000078 ; 151.875 6C, 0.471
041413 73 00 00    0938*        dl 0x000073 ; 153.281 6D, 0.450
041416 6D 00 00    0939*        dl 0x00006D ; 154.688 6E, 0.428
041419 67 00 00    0940*        dl 0x000067 ; 156.094 6F, 0.405
04141C 61 00 00    0941*        dl 0x000061 ; 157.500 70, 0.383
04141F 5C 00 00    0942*        dl 0x00005C ; 158.906 71, 0.360
041422 56 00 00    0943*        dl 0x000056 ; 160.313 72, 0.337
041425 50 00 00    0944*        dl 0x000050 ; 161.719 73, 0.314
041428 4A 00 00    0945*        dl 0x00004A ; 163.125 74, 0.290
04142B 44 00 00    0946*        dl 0x000044 ; 164.531 75, 0.267
04142E 3E 00 00    0947*        dl 0x00003E ; 165.938 76, 0.243
041431 38 00 00    0948*        dl 0x000038 ; 167.344 77, 0.219
041434 31 00 00    0949*        dl 0x000031 ; 168.750 78, 0.195
041437 2B 00 00    0950*        dl 0x00002B ; 170.156 79, 0.171
04143A 25 00 00    0951*        dl 0x000025 ; 171.563 7A, 0.147
04143D 1F 00 00    0952*        dl 0x00001F ; 172.969 7B, 0.122
041440 19 00 00    0953*        dl 0x000019 ; 174.375 7C, 0.098
041443 12 00 00    0954*        dl 0x000012 ; 175.781 7D, 0.074
041446 0C 00 00    0955*        dl 0x00000C ; 177.188 7E, 0.049
041449 06 00 00    0956*        dl 0x000006 ; 178.594 7F, 0.025
04144C 00 00 00    0957*        dl 0x000000 ; 180.000 80, 0.000
04144F FA FF FF    0958*        dl 0xFFFFFA ; 181.406 81, -0.025
041452 F4 FF FF    0959*        dl 0xFFFFF4 ; 182.813 82, -0.049
041455 EE FF FF    0960*        dl 0xFFFFEE ; 184.219 83, -0.074
041458 E7 FF FF    0961*        dl 0xFFFFE7 ; 185.625 84, -0.098
04145B E1 FF FF    0962*        dl 0xFFFFE1 ; 187.031 85, -0.122
04145E DB FF FF    0963*        dl 0xFFFFDB ; 188.438 86, -0.147
041461 D5 FF FF    0964*        dl 0xFFFFD5 ; 189.844 87, -0.171
041464 CF FF FF    0965*        dl 0xFFFFCF ; 191.250 88, -0.195
041467 C8 FF FF    0966*        dl 0xFFFFC8 ; 192.656 89, -0.219
04146A C2 FF FF    0967*        dl 0xFFFFC2 ; 194.063 8A, -0.243
04146D BC FF FF    0968*        dl 0xFFFFBC ; 195.469 8B, -0.267
041470 B6 FF FF    0969*        dl 0xFFFFB6 ; 196.875 8C, -0.290
041473 B0 FF FF    0970*        dl 0xFFFFB0 ; 198.281 8D, -0.314
041476 AA FF FF    0971*        dl 0xFFFFAA ; 199.688 8E, -0.337
041479 A4 FF FF    0972*        dl 0xFFFFA4 ; 201.094 8F, -0.360
04147C 9F FF FF    0973*        dl 0xFFFF9F ; 202.500 90, -0.383
04147F 99 FF FF    0974*        dl 0xFFFF99 ; 203.906 91, -0.405
041482 93 FF FF    0975*        dl 0xFFFF93 ; 205.313 92, -0.428
041485 8D FF FF    0976*        dl 0xFFFF8D ; 206.719 93, -0.450
041488 88 FF FF    0977*        dl 0xFFFF88 ; 208.125 94, -0.471
04148B 82 FF FF    0978*        dl 0xFFFF82 ; 209.531 95, -0.493
04148E 7D FF FF    0979*        dl 0xFFFF7D ; 210.938 96, -0.514
041491 78 FF FF    0980*        dl 0xFFFF78 ; 212.344 97, -0.535
041494 72 FF FF    0981*        dl 0xFFFF72 ; 213.750 98, -0.556
041497 6D FF FF    0982*        dl 0xFFFF6D ; 215.156 99, -0.576
04149A 68 FF FF    0983*        dl 0xFFFF68 ; 216.563 9A, -0.596
04149D 63 FF FF    0984*        dl 0xFFFF63 ; 217.969 9B, -0.615
0414A0 5E FF FF    0985*        dl 0xFFFF5E ; 219.375 9C, -0.634
0414A3 59 FF FF    0986*        dl 0xFFFF59 ; 220.781 9D, -0.653
0414A6 55 FF FF    0987*        dl 0xFFFF55 ; 222.188 9E, -0.672
0414A9 50 FF FF    0988*        dl 0xFFFF50 ; 223.594 9F, -0.690
0414AC 4B FF FF    0989*        dl 0xFFFF4B ; 225.000 A0, -0.707
0414AF 47 FF FF    0990*        dl 0xFFFF47 ; 226.406 A1, -0.724
0414B2 43 FF FF    0991*        dl 0xFFFF43 ; 227.813 A2, -0.741
0414B5 3F FF FF    0992*        dl 0xFFFF3F ; 229.219 A3, -0.757
0414B8 3B FF FF    0993*        dl 0xFFFF3B ; 230.625 A4, -0.773
0414BB 37 FF FF    0994*        dl 0xFFFF37 ; 232.031 A5, -0.788
0414BE 33 FF FF    0995*        dl 0xFFFF33 ; 233.438 A6, -0.803
0414C1 2F FF FF    0996*        dl 0xFFFF2F ; 234.844 A7, -0.818
0414C4 2C FF FF    0997*        dl 0xFFFF2C ; 236.250 A8, -0.831
0414C7 28 FF FF    0998*        dl 0xFFFF28 ; 237.656 A9, -0.845
0414CA 25 FF FF    0999*        dl 0xFFFF25 ; 239.063 AA, -0.858
0414CD 22 FF FF    1000*        dl 0xFFFF22 ; 240.469 AB, -0.870
0414D0 1F FF FF    1001*        dl 0xFFFF1F ; 241.875 AC, -0.882
0414D3 1C FF FF    1002*        dl 0xFFFF1C ; 243.281 AD, -0.893
0414D6 19 FF FF    1003*        dl 0xFFFF19 ; 244.688 AE, -0.904
0414D9 16 FF FF    1004*        dl 0xFFFF16 ; 246.094 AF, -0.914
0414DC 14 FF FF    1005*        dl 0xFFFF14 ; 247.500 B0, -0.924
0414DF 12 FF FF    1006*        dl 0xFFFF12 ; 248.906 B1, -0.933
0414E2 0F FF FF    1007*        dl 0xFFFF0F ; 250.313 B2, -0.942
0414E5 0D FF FF    1008*        dl 0xFFFF0D ; 251.719 B3, -0.950
0414E8 0C FF FF    1009*        dl 0xFFFF0C ; 253.125 B4, -0.957
0414EB 0A FF FF    1010*        dl 0xFFFF0A ; 254.531 B5, -0.964
0414EE 08 FF FF    1011*        dl 0xFFFF08 ; 255.938 B6, -0.970
0414F1 07 FF FF    1012*        dl 0xFFFF07 ; 257.344 B7, -0.976
0414F4 05 FF FF    1013*        dl 0xFFFF05 ; 258.750 B8, -0.981
0414F7 04 FF FF    1014*        dl 0xFFFF04 ; 260.156 B9, -0.985
0414FA 03 FF FF    1015*        dl 0xFFFF03 ; 261.563 BA, -0.989
0414FD 02 FF FF    1016*        dl 0xFFFF02 ; 262.969 BB, -0.992
041500 02 FF FF    1017*        dl 0xFFFF02 ; 264.375 BC, -0.995
041503 01 FF FF    1018*        dl 0xFFFF01 ; 265.781 BD, -0.997
041506 01 FF FF    1019*        dl 0xFFFF01 ; 267.188 BE, -0.999
041509 01 FF FF    1020*        dl 0xFFFF01 ; 268.594 BF, -1.000
04150C 00 FF FF    1021*        dl 0xFFFF00 ; 270.000 C0, -1.000
04150F 01 FF FF    1022*        dl 0xFFFF01 ; 271.406 C1, -1.000
041512 01 FF FF    1023*        dl 0xFFFF01 ; 272.813 C2, -0.999
041515 01 FF FF    1024*        dl 0xFFFF01 ; 274.219 C3, -0.997
041518 02 FF FF    1025*        dl 0xFFFF02 ; 275.625 C4, -0.995
04151B 02 FF FF    1026*        dl 0xFFFF02 ; 277.031 C5, -0.992
04151E 03 FF FF    1027*        dl 0xFFFF03 ; 278.438 C6, -0.989
041521 04 FF FF    1028*        dl 0xFFFF04 ; 279.844 C7, -0.985
041524 05 FF FF    1029*        dl 0xFFFF05 ; 281.250 C8, -0.981
041527 07 FF FF    1030*        dl 0xFFFF07 ; 282.656 C9, -0.976
04152A 08 FF FF    1031*        dl 0xFFFF08 ; 284.063 CA, -0.970
04152D 0A FF FF    1032*        dl 0xFFFF0A ; 285.469 CB, -0.964
041530 0C FF FF    1033*        dl 0xFFFF0C ; 286.875 CC, -0.957
041533 0D FF FF    1034*        dl 0xFFFF0D ; 288.281 CD, -0.950
041536 0F FF FF    1035*        dl 0xFFFF0F ; 289.688 CE, -0.942
041539 12 FF FF    1036*        dl 0xFFFF12 ; 291.094 CF, -0.933
04153C 14 FF FF    1037*        dl 0xFFFF14 ; 292.500 D0, -0.924
04153F 16 FF FF    1038*        dl 0xFFFF16 ; 293.906 D1, -0.914
041542 19 FF FF    1039*        dl 0xFFFF19 ; 295.313 D2, -0.904
041545 1C FF FF    1040*        dl 0xFFFF1C ; 296.719 D3, -0.893
041548 1F FF FF    1041*        dl 0xFFFF1F ; 298.125 D4, -0.882
04154B 22 FF FF    1042*        dl 0xFFFF22 ; 299.531 D5, -0.870
04154E 25 FF FF    1043*        dl 0xFFFF25 ; 300.938 D6, -0.858
041551 28 FF FF    1044*        dl 0xFFFF28 ; 302.344 D7, -0.845
041554 2C FF FF    1045*        dl 0xFFFF2C ; 303.750 D8, -0.831
041557 2F FF FF    1046*        dl 0xFFFF2F ; 305.156 D9, -0.818
04155A 33 FF FF    1047*        dl 0xFFFF33 ; 306.563 DA, -0.803
04155D 37 FF FF    1048*        dl 0xFFFF37 ; 307.969 DB, -0.788
041560 3B FF FF    1049*        dl 0xFFFF3B ; 309.375 DC, -0.773
041563 3F FF FF    1050*        dl 0xFFFF3F ; 310.781 DD, -0.757
041566 43 FF FF    1051*        dl 0xFFFF43 ; 312.188 DE, -0.741
041569 47 FF FF    1052*        dl 0xFFFF47 ; 313.594 DF, -0.724
04156C 4B FF FF    1053*        dl 0xFFFF4B ; 315.000 E0, -0.707
04156F 50 FF FF    1054*        dl 0xFFFF50 ; 316.406 E1, -0.690
041572 55 FF FF    1055*        dl 0xFFFF55 ; 317.813 E2, -0.672
041575 59 FF FF    1056*        dl 0xFFFF59 ; 319.219 E3, -0.653
041578 5E FF FF    1057*        dl 0xFFFF5E ; 320.625 E4, -0.634
04157B 63 FF FF    1058*        dl 0xFFFF63 ; 322.031 E5, -0.615
04157E 68 FF FF    1059*        dl 0xFFFF68 ; 323.438 E6, -0.596
041581 6D FF FF    1060*        dl 0xFFFF6D ; 324.844 E7, -0.576
041584 72 FF FF    1061*        dl 0xFFFF72 ; 326.250 E8, -0.556
041587 78 FF FF    1062*        dl 0xFFFF78 ; 327.656 E9, -0.535
04158A 7D FF FF    1063*        dl 0xFFFF7D ; 329.063 EA, -0.514
04158D 82 FF FF    1064*        dl 0xFFFF82 ; 330.469 EB, -0.493
041590 88 FF FF    1065*        dl 0xFFFF88 ; 331.875 EC, -0.471
041593 8D FF FF    1066*        dl 0xFFFF8D ; 333.281 ED, -0.450
041596 93 FF FF    1067*        dl 0xFFFF93 ; 334.688 EE, -0.428
041599 99 FF FF    1068*        dl 0xFFFF99 ; 336.094 EF, -0.405
04159C 9F FF FF    1069*        dl 0xFFFF9F ; 337.500 F0, -0.383
04159F A4 FF FF    1070*        dl 0xFFFFA4 ; 338.906 F1, -0.360
0415A2 AA FF FF    1071*        dl 0xFFFFAA ; 340.313 F2, -0.337
0415A5 B0 FF FF    1072*        dl 0xFFFFB0 ; 341.719 F3, -0.314
0415A8 B6 FF FF    1073*        dl 0xFFFFB6 ; 343.125 F4, -0.290
0415AB BC FF FF    1074*        dl 0xFFFFBC ; 344.531 F5, -0.267
0415AE C2 FF FF    1075*        dl 0xFFFFC2 ; 345.938 F6, -0.243
0415B1 C8 FF FF    1076*        dl 0xFFFFC8 ; 347.344 F7, -0.219
0415B4 CF FF FF    1077*        dl 0xFFFFCF ; 348.750 F8, -0.195
0415B7 D5 FF FF    1078*        dl 0xFFFFD5 ; 350.156 F9, -0.171
0415BA DB FF FF    1079*        dl 0xFFFFDB ; 351.563 FA, -0.147
0415BD E1 FF FF    1080*        dl 0xFFFFE1 ; 352.969 FB, -0.122
0415C0 E7 FF FF    1081*        dl 0xFFFFE7 ; 354.375 FC, -0.098
0415C3 EE FF FF    1082*        dl 0xFFFFEE ; 355.781 FD, -0.074
0415C6 F4 FF FF    1083*        dl 0xFFFFF4 ; 357.188 FE, -0.049
0415C9 FA FF FF    1084*        dl 0xFFFFFA ; 358.594 FF, -0.025
0415CC 00 00 00    1085*        dl 0x000000 ; 0.000 00, 0.000 for interpolation
0415CF             1086*    
0415CF             1087*    atan_lut_168:
0415CF 00 00 00    1088*        dl 0x000000 ; 000000, 0.000
0415D2 28 00 00    1089*        dl 0x000028 ; 000001, 0.224
0415D5 51 00 00    1090*        dl 0x000051 ; 000002, 0.448
0415D8 7A 00 00    1091*        dl 0x00007A ; 000003, 0.671
0415DB A2 00 00    1092*        dl 0x0000A2 ; 000004, 0.895
0415DE CB 00 00    1093*        dl 0x0000CB ; 000005, 1.119
0415E1 F4 00 00    1094*        dl 0x0000F4 ; 000006, 1.343
0415E4 1D 01 00    1095*        dl 0x00011D ; 000007, 1.566
0415E7 45 01 00    1096*        dl 0x000145 ; 000008, 1.790
0415EA 6E 01 00    1097*        dl 0x00016E ; 000009, 2.013
0415ED 97 01 00    1098*        dl 0x000197 ; 00000A, 2.237
0415F0 BF 01 00    1099*        dl 0x0001BF ; 00000B, 2.460
0415F3 E8 01 00    1100*        dl 0x0001E8 ; 00000C, 2.684
0415F6 11 02 00    1101*        dl 0x000211 ; 00000D, 2.907
0415F9 39 02 00    1102*        dl 0x000239 ; 00000E, 3.130
0415FC 62 02 00    1103*        dl 0x000262 ; 00000F, 3.353
0415FF 8B 02 00    1104*        dl 0x00028B ; 000010, 3.576
041602 B3 02 00    1105*        dl 0x0002B3 ; 000011, 3.799
041605 DC 02 00    1106*        dl 0x0002DC ; 000012, 4.022
041608 04 03 00    1107*        dl 0x000304 ; 000013, 4.245
04160B 2D 03 00    1108*        dl 0x00032D ; 000014, 4.467
04160E 55 03 00    1109*        dl 0x000355 ; 000015, 4.690
041611 7E 03 00    1110*        dl 0x00037E ; 000016, 4.912
041614 A6 03 00    1111*        dl 0x0003A6 ; 000017, 5.134
041617 CE 03 00    1112*        dl 0x0003CE ; 000018, 5.356
04161A F7 03 00    1113*        dl 0x0003F7 ; 000019, 5.578
04161D 1F 04 00    1114*        dl 0x00041F ; 00001A, 5.799
041620 48 04 00    1115*        dl 0x000448 ; 00001B, 6.021
041623 70 04 00    1116*        dl 0x000470 ; 00001C, 6.242
041626 98 04 00    1117*        dl 0x000498 ; 00001D, 6.463
041629 C0 04 00    1118*        dl 0x0004C0 ; 00001E, 6.684
04162C E8 04 00    1119*        dl 0x0004E8 ; 00001F, 6.905
04162F 11 05 00    1120*        dl 0x000511 ; 000020, 7.125
041632 39 05 00    1121*        dl 0x000539 ; 000021, 7.345
041635 61 05 00    1122*        dl 0x000561 ; 000022, 7.565
041638 89 05 00    1123*        dl 0x000589 ; 000023, 7.785
04163B B1 05 00    1124*        dl 0x0005B1 ; 000024, 8.005
04163E D9 05 00    1125*        dl 0x0005D9 ; 000025, 8.224
041641 01 06 00    1126*        dl 0x000601 ; 000026, 8.443
041644 28 06 00    1127*        dl 0x000628 ; 000027, 8.662
041647 50 06 00    1128*        dl 0x000650 ; 000028, 8.881
04164A 78 06 00    1129*        dl 0x000678 ; 000029, 9.099
04164D A0 06 00    1130*        dl 0x0006A0 ; 00002A, 9.317
041650 C7 06 00    1131*        dl 0x0006C7 ; 00002B, 9.535
041653 EF 06 00    1132*        dl 0x0006EF ; 00002C, 9.752
041656 16 07 00    1133*        dl 0x000716 ; 00002D, 9.970
041659 3E 07 00    1134*        dl 0x00073E ; 00002E, 10.187
04165C 65 07 00    1135*        dl 0x000765 ; 00002F, 10.403
04165F 8D 07 00    1136*        dl 0x00078D ; 000030, 10.620
041662 B4 07 00    1137*        dl 0x0007B4 ; 000031, 10.836
041665 DB 07 00    1138*        dl 0x0007DB ; 000032, 11.051
041668 03 08 00    1139*        dl 0x000803 ; 000033, 11.267
04166B 2A 08 00    1140*        dl 0x00082A ; 000034, 11.482
04166E 51 08 00    1141*        dl 0x000851 ; 000035, 11.697
041671 78 08 00    1142*        dl 0x000878 ; 000036, 11.911
041674 9F 08 00    1143*        dl 0x00089F ; 000037, 12.125
041677 C6 08 00    1144*        dl 0x0008C6 ; 000038, 12.339
04167A ED 08 00    1145*        dl 0x0008ED ; 000039, 12.553
04167D 13 09 00    1146*        dl 0x000913 ; 00003A, 12.766
041680 3A 09 00    1147*        dl 0x00093A ; 00003B, 12.978
041683 61 09 00    1148*        dl 0x000961 ; 00003C, 13.191
041686 87 09 00    1149*        dl 0x000987 ; 00003D, 13.403
041689 AE 09 00    1150*        dl 0x0009AE ; 00003E, 13.614
04168C D4 09 00    1151*        dl 0x0009D4 ; 00003F, 13.825
04168F FB 09 00    1152*        dl 0x0009FB ; 000040, 14.036
041692 21 0A 00    1153*        dl 0x000A21 ; 000041, 14.247
041695 47 0A 00    1154*        dl 0x000A47 ; 000042, 14.457
041698 6D 0A 00    1155*        dl 0x000A6D ; 000043, 14.666
04169B 94 0A 00    1156*        dl 0x000A94 ; 000044, 14.876
04169E BA 0A 00    1157*        dl 0x000ABA ; 000045, 15.085
0416A1 E0 0A 00    1158*        dl 0x000AE0 ; 000046, 15.293
0416A4 05 0B 00    1159*        dl 0x000B05 ; 000047, 15.501
0416A7 2B 0B 00    1160*        dl 0x000B2B ; 000048, 15.709
0416AA 51 0B 00    1161*        dl 0x000B51 ; 000049, 15.916
0416AD 77 0B 00    1162*        dl 0x000B77 ; 00004A, 16.123
0416B0 9C 0B 00    1163*        dl 0x000B9C ; 00004B, 16.329
0416B3 C2 0B 00    1164*        dl 0x000BC2 ; 00004C, 16.535
0416B6 E7 0B 00    1165*        dl 0x000BE7 ; 00004D, 16.740
0416B9 0C 0C 00    1166*        dl 0x000C0C ; 00004E, 16.945
0416BC 32 0C 00    1167*        dl 0x000C32 ; 00004F, 17.150
0416BF 57 0C 00    1168*        dl 0x000C57 ; 000050, 17.354
0416C2 7C 0C 00    1169*        dl 0x000C7C ; 000051, 17.558
0416C5 A1 0C 00    1170*        dl 0x000CA1 ; 000052, 17.761
0416C8 C6 0C 00    1171*        dl 0x000CC6 ; 000053, 17.964
0416CB EB 0C 00    1172*        dl 0x000CEB ; 000054, 18.166
0416CE 0F 0D 00    1173*        dl 0x000D0F ; 000055, 18.368
0416D1 34 0D 00    1174*        dl 0x000D34 ; 000056, 18.569
0416D4 58 0D 00    1175*        dl 0x000D58 ; 000057, 18.770
0416D7 7D 0D 00    1176*        dl 0x000D7D ; 000058, 18.970
0416DA A1 0D 00    1177*        dl 0x000DA1 ; 000059, 19.170
0416DD C6 0D 00    1178*        dl 0x000DC6 ; 00005A, 19.370
0416E0 EA 0D 00    1179*        dl 0x000DEA ; 00005B, 19.569
0416E3 0E 0E 00    1180*        dl 0x000E0E ; 00005C, 19.767
0416E6 32 0E 00    1181*        dl 0x000E32 ; 00005D, 19.965
0416E9 56 0E 00    1182*        dl 0x000E56 ; 00005E, 20.163
0416EC 7A 0E 00    1183*        dl 0x000E7A ; 00005F, 20.360
0416EF 9E 0E 00    1184*        dl 0x000E9E ; 000060, 20.556
0416F2 C1 0E 00    1185*        dl 0x000EC1 ; 000061, 20.752
0416F5 E5 0E 00    1186*        dl 0x000EE5 ; 000062, 20.947
0416F8 08 0F 00    1187*        dl 0x000F08 ; 000063, 21.142
0416FB 2C 0F 00    1188*        dl 0x000F2C ; 000064, 21.337
0416FE 4F 0F 00    1189*        dl 0x000F4F ; 000065, 21.531
041701 72 0F 00    1190*        dl 0x000F72 ; 000066, 21.724
041704 95 0F 00    1191*        dl 0x000F95 ; 000067, 21.917
041707 B8 0F 00    1192*        dl 0x000FB8 ; 000068, 22.109
04170A DB 0F 00    1193*        dl 0x000FDB ; 000069, 22.301
04170D FE 0F 00    1194*        dl 0x000FFE ; 00006A, 22.493
041710 21 10 00    1195*        dl 0x001021 ; 00006B, 22.683
041713 44 10 00    1196*        dl 0x001044 ; 00006C, 22.874
041716 66 10 00    1197*        dl 0x001066 ; 00006D, 23.063
041719 89 10 00    1198*        dl 0x001089 ; 00006E, 23.253
04171C AB 10 00    1199*        dl 0x0010AB ; 00006F, 23.441
04171F CD 10 00    1200*        dl 0x0010CD ; 000070, 23.629
041722 EF 10 00    1201*        dl 0x0010EF ; 000071, 23.817
041725 11 11 00    1202*        dl 0x001111 ; 000072, 24.004
041728 33 11 00    1203*        dl 0x001133 ; 000073, 24.191
04172B 55 11 00    1204*        dl 0x001155 ; 000074, 24.376
04172E 77 11 00    1205*        dl 0x001177 ; 000075, 24.562
041731 99 11 00    1206*        dl 0x001199 ; 000076, 24.747
041734 BA 11 00    1207*        dl 0x0011BA ; 000077, 24.931
041737 DC 11 00    1208*        dl 0x0011DC ; 000078, 25.115
04173A FD 11 00    1209*        dl 0x0011FD ; 000079, 25.298
04173D 1E 12 00    1210*        dl 0x00121E ; 00007A, 25.481
041740 3F 12 00    1211*        dl 0x00123F ; 00007B, 25.663
041743 60 12 00    1212*        dl 0x001260 ; 00007C, 25.844
041746 81 12 00    1213*        dl 0x001281 ; 00007D, 26.025
041749 A2 12 00    1214*        dl 0x0012A2 ; 00007E, 26.206
04174C C3 12 00    1215*        dl 0x0012C3 ; 00007F, 26.386
04174F E4 12 00    1216*        dl 0x0012E4 ; 000080, 26.565
041752 04 13 00    1217*        dl 0x001304 ; 000081, 26.744
041755 25 13 00    1218*        dl 0x001325 ; 000082, 26.922
041758 45 13 00    1219*        dl 0x001345 ; 000083, 27.100
04175B 65 13 00    1220*        dl 0x001365 ; 000084, 27.277
04175E 85 13 00    1221*        dl 0x001385 ; 000085, 27.453
041761 A5 13 00    1222*        dl 0x0013A5 ; 000086, 27.629
041764 C5 13 00    1223*        dl 0x0013C5 ; 000087, 27.805
041767 E5 13 00    1224*        dl 0x0013E5 ; 000088, 27.979
04176A 05 14 00    1225*        dl 0x001405 ; 000089, 28.154
04176D 24 14 00    1226*        dl 0x001424 ; 00008A, 28.327
041770 44 14 00    1227*        dl 0x001444 ; 00008B, 28.501
041773 63 14 00    1228*        dl 0x001463 ; 00008C, 28.673
041776 83 14 00    1229*        dl 0x001483 ; 00008D, 28.845
041779 A2 14 00    1230*        dl 0x0014A2 ; 00008E, 29.017
04177C C1 14 00    1231*        dl 0x0014C1 ; 00008F, 29.187
04177F E0 14 00    1232*        dl 0x0014E0 ; 000090, 29.358
041782 FF 14 00    1233*        dl 0x0014FF ; 000091, 29.527
041785 1E 15 00    1234*        dl 0x00151E ; 000092, 29.697
041788 3C 15 00    1235*        dl 0x00153C ; 000093, 29.865
04178B 5B 15 00    1236*        dl 0x00155B ; 000094, 30.033
04178E 79 15 00    1237*        dl 0x001579 ; 000095, 30.201
041791 98 15 00    1238*        dl 0x001598 ; 000096, 30.368
041794 B6 15 00    1239*        dl 0x0015B6 ; 000097, 30.534
041797 D4 15 00    1240*        dl 0x0015D4 ; 000098, 30.700
04179A F2 15 00    1241*        dl 0x0015F2 ; 000099, 30.865
04179D 10 16 00    1242*        dl 0x001610 ; 00009A, 31.030
0417A0 2E 16 00    1243*        dl 0x00162E ; 00009B, 31.194
0417A3 4C 16 00    1244*        dl 0x00164C ; 00009C, 31.357
0417A6 6A 16 00    1245*        dl 0x00166A ; 00009D, 31.520
0417A9 87 16 00    1246*        dl 0x001687 ; 00009E, 31.682
0417AC A5 16 00    1247*        dl 0x0016A5 ; 00009F, 31.844
0417AF C2 16 00    1248*        dl 0x0016C2 ; 0000A0, 32.005
0417B2 DF 16 00    1249*        dl 0x0016DF ; 0000A1, 32.166
0417B5 FC 16 00    1250*        dl 0x0016FC ; 0000A2, 32.326
0417B8 19 17 00    1251*        dl 0x001719 ; 0000A3, 32.486
0417BB 36 17 00    1252*        dl 0x001736 ; 0000A4, 32.645
0417BE 53 17 00    1253*        dl 0x001753 ; 0000A5, 32.803
0417C1 70 17 00    1254*        dl 0x001770 ; 0000A6, 32.961
0417C4 8C 17 00    1255*        dl 0x00178C ; 0000A7, 33.118
0417C7 A9 17 00    1256*        dl 0x0017A9 ; 0000A8, 33.275
0417CA C5 17 00    1257*        dl 0x0017C5 ; 0000A9, 33.431
0417CD E2 17 00    1258*        dl 0x0017E2 ; 0000AA, 33.587
0417D0 FE 17 00    1259*        dl 0x0017FE ; 0000AB, 33.742
0417D3 1A 18 00    1260*        dl 0x00181A ; 0000AC, 33.896
0417D6 36 18 00    1261*        dl 0x001836 ; 0000AD, 34.050
0417D9 52 18 00    1262*        dl 0x001852 ; 0000AE, 34.203
0417DC 6E 18 00    1263*        dl 0x00186E ; 0000AF, 34.356
0417DF 8A 18 00    1264*        dl 0x00188A ; 0000B0, 34.509
0417E2 A5 18 00    1265*        dl 0x0018A5 ; 0000B1, 34.660
0417E5 C1 18 00    1266*        dl 0x0018C1 ; 0000B2, 34.811
0417E8 DC 18 00    1267*        dl 0x0018DC ; 0000B3, 34.962
0417EB F7 18 00    1268*        dl 0x0018F7 ; 0000B4, 35.112
0417EE 13 19 00    1269*        dl 0x001913 ; 0000B5, 35.262
0417F1 2E 19 00    1270*        dl 0x00192E ; 0000B6, 35.410
0417F4 49 19 00    1271*        dl 0x001949 ; 0000B7, 35.559
0417F7 64 19 00    1272*        dl 0x001964 ; 0000B8, 35.707
0417FA 7F 19 00    1273*        dl 0x00197F ; 0000B9, 35.854
0417FD 99 19 00    1274*        dl 0x001999 ; 0000BA, 36.001
041800 B4 19 00    1275*        dl 0x0019B4 ; 0000BB, 36.147
041803 CE 19 00    1276*        dl 0x0019CE ; 0000BC, 36.293
041806 E9 19 00    1277*        dl 0x0019E9 ; 0000BD, 36.438
041809 03 1A 00    1278*        dl 0x001A03 ; 0000BE, 36.582
04180C 1D 1A 00    1279*        dl 0x001A1D ; 0000BF, 36.726
04180F 37 1A 00    1280*        dl 0x001A37 ; 0000C0, 36.870
041812 51 1A 00    1281*        dl 0x001A51 ; 0000C1, 37.013
041815 6B 1A 00    1282*        dl 0x001A6B ; 0000C2, 37.155
041818 85 1A 00    1283*        dl 0x001A85 ; 0000C3, 37.297
04181B 9F 1A 00    1284*        dl 0x001A9F ; 0000C4, 37.439
04181E B9 1A 00    1285*        dl 0x001AB9 ; 0000C5, 37.579
041821 D2 1A 00    1286*        dl 0x001AD2 ; 0000C6, 37.720
041824 EC 1A 00    1287*        dl 0x001AEC ; 0000C7, 37.859
041827 05 1B 00    1288*        dl 0x001B05 ; 0000C8, 37.999
04182A 1E 1B 00    1289*        dl 0x001B1E ; 0000C9, 38.137
04182D 37 1B 00    1290*        dl 0x001B37 ; 0000CA, 38.276
041830 50 1B 00    1291*        dl 0x001B50 ; 0000CB, 38.413
041833 69 1B 00    1292*        dl 0x001B69 ; 0000CC, 38.550
041836 82 1B 00    1293*        dl 0x001B82 ; 0000CD, 38.687
041839 9B 1B 00    1294*        dl 0x001B9B ; 0000CE, 38.823
04183C B4 1B 00    1295*        dl 0x001BB4 ; 0000CF, 38.959
04183F CC 1B 00    1296*        dl 0x001BCC ; 0000D0, 39.094
041842 E5 1B 00    1297*        dl 0x001BE5 ; 0000D1, 39.228
041845 FD 1B 00    1298*        dl 0x001BFD ; 0000D2, 39.362
041848 16 1C 00    1299*        dl 0x001C16 ; 0000D3, 39.496
04184B 2E 1C 00    1300*        dl 0x001C2E ; 0000D4, 39.629
04184E 46 1C 00    1301*        dl 0x001C46 ; 0000D5, 39.762
041851 5E 1C 00    1302*        dl 0x001C5E ; 0000D6, 39.894
041854 76 1C 00    1303*        dl 0x001C76 ; 0000D7, 40.025
041857 8E 1C 00    1304*        dl 0x001C8E ; 0000D8, 40.156
04185A A5 1C 00    1305*        dl 0x001CA5 ; 0000D9, 40.286
04185D BD 1C 00    1306*        dl 0x001CBD ; 0000DA, 40.416
041860 D5 1C 00    1307*        dl 0x001CD5 ; 0000DB, 40.546
041863 EC 1C 00    1308*        dl 0x001CEC ; 0000DC, 40.675
041866 04 1D 00    1309*        dl 0x001D04 ; 0000DD, 40.803
041869 1B 1D 00    1310*        dl 0x001D1B ; 0000DE, 40.931
04186C 32 1D 00    1311*        dl 0x001D32 ; 0000DF, 41.059
04186F 49 1D 00    1312*        dl 0x001D49 ; 0000E0, 41.186
041872 60 1D 00    1313*        dl 0x001D60 ; 0000E1, 41.312
041875 77 1D 00    1314*        dl 0x001D77 ; 0000E2, 41.438
041878 8E 1D 00    1315*        dl 0x001D8E ; 0000E3, 41.564
04187B A5 1D 00    1316*        dl 0x001DA5 ; 0000E4, 41.689
04187E BB 1D 00    1317*        dl 0x001DBB ; 0000E5, 41.814
041881 D2 1D 00    1318*        dl 0x001DD2 ; 0000E6, 41.938
041884 E9 1D 00    1319*        dl 0x001DE9 ; 0000E7, 42.061
041887 FF 1D 00    1320*        dl 0x001DFF ; 0000E8, 42.184
04188A 15 1E 00    1321*        dl 0x001E15 ; 0000E9, 42.307
04188D 2C 1E 00    1322*        dl 0x001E2C ; 0000EA, 42.429
041890 42 1E 00    1323*        dl 0x001E42 ; 0000EB, 42.551
041893 58 1E 00    1324*        dl 0x001E58 ; 0000EC, 42.672
041896 6E 1E 00    1325*        dl 0x001E6E ; 0000ED, 42.793
041899 84 1E 00    1326*        dl 0x001E84 ; 0000EE, 42.913
04189C 99 1E 00    1327*        dl 0x001E99 ; 0000EF, 43.033
04189F AF 1E 00    1328*        dl 0x001EAF ; 0000F0, 43.152
0418A2 C5 1E 00    1329*        dl 0x001EC5 ; 0000F1, 43.271
0418A5 DA 1E 00    1330*        dl 0x001EDA ; 0000F2, 43.390
0418A8 F0 1E 00    1331*        dl 0x001EF0 ; 0000F3, 43.508
0418AB 05 1F 00    1332*        dl 0x001F05 ; 0000F4, 43.625
0418AE 1B 1F 00    1333*        dl 0x001F1B ; 0000F5, 43.742
0418B1 30 1F 00    1334*        dl 0x001F30 ; 0000F6, 43.859
0418B4 45 1F 00    1335*        dl 0x001F45 ; 0000F7, 43.975
0418B7 5A 1F 00    1336*        dl 0x001F5A ; 0000F8, 44.091
0418BA 6F 1F 00    1337*        dl 0x001F6F ; 0000F9, 44.206
0418BD 84 1F 00    1338*        dl 0x001F84 ; 0000FA, 44.321
0418C0 99 1F 00    1339*        dl 0x001F99 ; 0000FB, 44.435
0418C3 AD 1F 00    1340*        dl 0x001FAD ; 0000FC, 44.549
0418C6 C2 1F 00    1341*        dl 0x001FC2 ; 0000FD, 44.662
0418C9 D7 1F 00    1342*        dl 0x001FD7 ; 0000FE, 44.775
0418CC EB 1F 00    1343*        dl 0x001FEB ; 0000FF, 44.888
0418CF 00 20 00    1344*        dl 0x002000 ; 000100, 45.000 only needed for interpolation
0418D2             0037         include "time.inc"
0418D2             0001*    ; Convert seconds to HH:MM:SS format.
0418D2             0002*    ; inputs: hl = seconds
0418D2             0003*    ; outputs: hl = pointer to zero-terminated string representation of HH:MM:SS
0418D2             0004*    ; destroys: a,bc,de
0418D2             0005*    seconds_to_hhmmss:
0418D2             0006*    ; Divide the total seconds into hours, minutes, and seconds.
0418D2             0007*    ; Hours = Total seconds ÷ 3600.
0418D2 11 10 0E 00 0008*        ld de,3600
0418D6 CD F5 03 04 0009*        call udiv24 ; de = hours, hl = remaining seconds
0418DA E5          0010*        push hl ; save remainder
0418DB EB          0011*        ex de,hl ; hl = hours
0418DC 11 35 19 04 0012*        ld de,@bin2asc
0418E0 CD 9D 01 04 0013*        call u8_to_ascii ; answer in @bin2asc
0418E4 3A 37 19 04 0014*        ld a,(@bin2asc+2)
0418E8 32 3F 19 04 0015*        ld (hhmmss+0),a
0418EC 3A 38 19 04 0016*        ld a,(@bin2asc+3)
0418F0 32 40 19 04 0017*        ld (hhmmss+1),a
0418F4             0018*    ; Minutes = Remaining seconds ÷ 60.
0418F4 E1          0019*        pop hl ; restore remainder
0418F5 11 3C 00 00 0020*        ld de,60
0418F9 CD F5 03 04 0021*        call udiv24 ; de = minutes, hl = remaining seconds
0418FD E5          0022*        push hl ; save remainder
0418FE EB          0023*        ex de,hl ; hl = minutes
0418FF 11 35 19 04 0024*        ld de,@bin2asc
041903 CD 9D 01 04 0025*        call u8_to_ascii ; answer in @bin2asc
041907 3A 37 19 04 0026*        ld a,(@bin2asc+2)
04190B 32 42 19 04 0027*        ld (hhmmss+3),a
04190F 3A 38 19 04 0028*        ld a,(@bin2asc+3)
041913 32 43 19 04 0029*        ld (hhmmss+4),a
041917             0030*    ; Seconds = Remaining seconds.
041917 E1          0031*        pop hl ; restore remainder
041918 11 35 19 04 0032*        ld de,@bin2asc
04191C CD 9D 01 04 0033*        call u8_to_ascii ; answer in @bin2asc
041920 3A 37 19 04 0034*        ld a,(@bin2asc+2)
041924 32 45 19 04 0035*        ld (hhmmss+6),a
041928 3A 38 19 04 0036*        ld a,(@bin2asc+3)
04192C 32 46 19 04 0037*        ld (hhmmss+7),a
041930 21 3F 19 04 0038*        ld hl,hhmmss
041934 C9          0039*        ret
041935 00 00 00 00 0040*    @bin2asc: blkw 5,0 ; scratch space for binary to ascii decimal conversion
       00 00 00 00 
       00 00       
04193F 30 30 3A 30 0041*    hhmmss: asciz "00:00:00" ; buffer for output string
       30 3A 30 30 
       00          
041948             0042*    ; end seconds_to_hhmmss
041948             0038         include "timer.inc"
041948             0001*    ; Table 32. Timer Control Registers
041948             0002*    TMR0_CTL: equ 80h
041948             0003*    TMR1_CTL: equ 83h
041948             0004*    TMR2_CTL: equ 86h
041948             0005*    TMR3_CTL: equ 89h
041948             0006*    TMR4_CTL: equ 8Ch
041948             0007*    TMR5_CTL: equ 8Fh
041948             0008*    
041948             0009*    ; each timer register takes three bytes:
041948             0010*    ;   0: control register
041948             0011*    ;   1: low byte of timer reset value
041948             0012*    ;   2: high byte of timer reset value
041948             0013*    ; note that the value is only 8-bits,so we use in0/out0 i/o calls,
041948             0014*    ; which correctly force the high and upper bytes of the address bus to zero
041948             0015*    
041948             0016*    TMR_REG_CTL: equ 0
041948             0017*    TMR_RES_LOW: equ 1
041948             0018*    TMR_RES_HIGH: equ 2
041948             0019*    
041948             0020*    ; Timer Control Register Bit Definitions
041948             0021*    PRT_IRQ_0:    equ %00000000 ; The timer does not reach its end-of-count value.
041948             0022*                                ; This bit is reset to 0 every time the TMRx_CTL register is read.
041948             0023*    PRT_IRQ_1:    equ %10000000 ; The timer reaches its end-of-count value. If IRQ_EN is set to 1,
041948             0024*                                ; an interrupt signal is sent to the CPU. This bit remains 1 until
041948             0025*                                ; the TMRx_CTL register is read.
041948             0026*    
041948             0027*    IRQ_EN_0:     equ %00000000 ; Timer interrupt requests are disabled.
041948             0028*    IRQ_EN_1:     equ %01000000 ; Timer interrupt requests are enabled.
041948             0029*    
041948             0030*    PRT_MODE_0:   equ %00000000 ; The timer operates in SINGLE PASS mode. PRT_EN (bit 0) is reset to
041948             0031*                                ;  0,and counting stops when the end-of-count value is reached.
041948             0032*    PRT_MODE_1:   equ %00010000 ; The timer operates in CONTINUOUS mode. The timer reload value is
041948             0033*                                ; written to the counter when the end-of-count value is reached.
041948             0034*    
041948             0035*    ; CLK_DIV is a 2-bit mask that sets the timer input source clock divider
041948             0036*    CLK_DIV_256:  equ %00001100 ;
041948             0037*    CLK_DIV_64:   equ %00001000 ;
041948             0038*    CLK_DIV_16:   equ %00000100 ;
041948             0039*    CLK_DIV_4:    equ %00000000 ;
041948             0040*    
041948             0041*    RST_EN_0:     equ %00000000 ; The reload and restart function is disabled.
041948             0042*    RST_EN_1:     equ %00000010 ; The reload and restart function is enabled.
041948             0043*                                ; When a 1 is written to this bit,the values in the reload registers
041948             0044*                                ;  are loaded into the downcounter when the timer restarts. The
041948             0045*                                ; programmer must ensure that this bit is set to 1 each time
041948             0046*                                ; SINGLE-PASS mode is used.
041948             0047*    
041948             0048*    ; disable/enable the programmable reload timer
041948             0049*    PRT_EN_0:     equ %00000000 ;
041948             0050*    PRT_EN_1:     equ %00000001 ;
041948             0051*    
041948             0052*    ; Table 37. Timer Input Source Select Register
041948             0053*    ; Each of the 4 timers are allocated two bits of the 8-bit register
041948             0054*    ; in little-endian order,with TMR0 using bits 0 and 1,TMR1 using bits 2 and 3,etc.
041948             0055*    ;   00: System clock / CLK_DIV
041948             0056*    ;   01: RTC / CLK_DIV
041948             0057*    ;   NOTE: these are the values given in the manual,but it may be a typo
041948             0058*    ;   10: GPIO port B pin 1.
041948             0059*    ;   11: GPIO port B pin 1.
041948             0060*    TMR_ISS:   equ 92h ; register address
041948             0061*    
041948             0062*    ; Table 51. Real-Time Clock Control Register
041948             0063*    RTC_CTRL: equ EDh ; register address
041948             0064*    
041948             0065*    ; alarm interrupt disable/enable
041948             0066*    RTC_ALARM_0:    equ %00000000
041948             0067*    RTC_ALARM_1:    equ %10000000
041948             0068*    
041948             0069*    ; interrupt on alarm disable/enable
041948             0070*    RTC_INT_ENT_0:  equ %00000000
041948             0071*    RTC_INT_ENT_1:  equ %01000000
041948             0072*    
041948             0073*    RTC_BCD_EN_0:   equ %00000000   ; RTC count and alarm registers are binary
041948             0074*    RTC_BCD_EN_1:   equ %00100000   ; RTC count and alarm registers are BCD
041948             0075*    
041948             0076*    RTC_CLK_SEL_0:  equ %00000000   ; RTC clock source is crystal oscillator output (32768 Hz).
041948             0077*                                    ; On-chip 32768 Hz oscillator is enabled.
041948             0078*    RTC_CLK_SEL_1:  equ %00010000   ; RTC clock source is power line frequency input as set by FREQ_SEL.
041948             0079*                                    ; On-chip 32768 Hz oscillator is disabled.
041948             0080*    
041948             0081*    RTC_FREQ_SEL_0: equ %00000000   ; 60 Hz power line frequency.
041948             0082*    RTC_FREQ_SEL_1: equ %00001000   ; 50 Hz power line frequency.
041948             0083*    
041948             0084*    RTC_SLP_WAKE_0: equ %00000000   ; RTC does not generate a sleep-mode recovery reset.
041948             0085*    RTC_SLP_WAKE_1: equ %00000010   ; RTC generates a sleep-mode recovery reset.
041948             0086*    
041948             0087*    RTC_UNLOCK_0:   equ %00000000   ; RTC count registers are locked to prevent Write access.
041948             0088*                                    ; RTC counter is enabled.
041948             0089*    RTC_UNLOCK_1:   equ %00000001   ; RTC count registers are unlocked to allow Write access.
041948             0090*                                    ; RTC counter is disabled.
041948             0091*    
041948             0092*    ; prt_reload_emulator: equ 11234 ; 1/102.4 seconds on emulator with 16 clock divider
041948             0093*    
041948             0094*    prt_reload_emulator: equ 11519 ; 1 centisecond on emulator with 16 clock divider
041948             0095*    prt_reload_hardware: equ 11532 ; 1 centisecond on hardware with 16 clock divider
041948 00 00 00    0096*    prt_reload: dl 0x000000
04194B             0097*    
04194B             0098*    ; returns: a = 0 if running on hardware,1 if running on emulator
04194B             0099*    ;          de = number PRT interrupts during test interval
04194B             0100*    prt_calibrate:
04194B CD 5A 1C 04 0101*        call vdu_vblank
04194F             0102*    ; set a MOS timer
04194F 21 78 00 00 0103*        ld hl,120*1 ; 1 second
041953 FD 21 D3 1A 0104*        ld iy,tmr_test
       04          
041958 CD B1 1A 04 0105*        call tmr_set
04195C             0106*    ; set a PRT timer
04195C             0107*        ; ld hl,prt_reload_hardware
04195C             0108*        ; ld hl,prt_reload_emulator
04195C 21 05 2D 00 0109*        ld hl,prt_reload_emulator + prt_reload_hardware / 2
041960 22 48 19 04 0110*        ld (prt_reload),hl
041964 CD EC 19 04 0111*        call prt_set
041968             0112*    @loop:
041968             0113*    ; check time remaining on MOS timer
041968 CD BF 1A 04 0114*        call tmr_get
04196C CA 76 19 04 0115*        jp z,@done ; time expired,so quit
041970 FA 76 19 04 0116*        jp m,@done ; time past expiration (negative),so quit
041974 18 F2       0117*        jr @loop
041976             0118*    @done:
041976 ED 5B 3A 1A 0119*        ld de,(prt_irq_counter)
       04          
04197B 01 0C 2D 00 0120*        ld bc,prt_reload_hardware ; default value for running on hardware
04197F ED 43 48 19 0121*        ld (prt_reload),bc
       04          
041984 21 64 00 00 0122*        ld hl,100 ; halfway between 101 for real hardware and 99 for emulator
041988 AF          0123*        xor a ; clear carry,zero is default value for running on hardware
041989 32 AB 19 04 0124*        ld (is_emulator),a
04198D ED 52       0125*        sbc hl,de
04198F 21 AC 19 04 0126*        ld hl,on_hardware ; default message for running on hardware
041993 CA 4B 19 04 0127*        jp z,prt_calibrate ; zero result is indeterminate so we try again
041997 F8          0128*        ret m ; negative result means we're on hardware
041998 3C          0129*        inc a ; we're on emulator
041999 32 AB 19 04 0130*        ld (is_emulator),a
04199D 01 FF 2C 00 0131*        ld bc,prt_reload_emulator
0419A1 ED 43 48 19 0132*        ld (prt_reload),bc
       04          
0419A6 21 C2 19 04 0133*        ld hl,on_emulator
0419AA C9          0134*        ret
0419AB 00          0135*    is_emulator: db 0
0419AC 52 75 6E 6E 0136*    on_hardware: defb "Running on hardware\r\n",0
       69 6E 67 20 
       6F 6E 20 68 
       61 72 64 77 
       61 72 65 0D 
       0A 00       
0419C2 52 75 6E 6E 0137*    on_emulator: defb "Running on emulator\r\n",0
       69 6E 67 20 
       6F 6E 20 65 
       6D 75 6C 61 
       74 6F 72 0D 
       0A 00       
0419D8             0138*    
0419D8 43 61 6C 69 0139*    calibrating_timer: defb "Calibrating timer\r\n",0
       62 72 61 74 
       69 6E 67 20 
       74 69 6D 65 
       72 0D 0A 00 
0419EC             0140*    
0419EC             0141*    ; set PRT timer
0419EC             0142*    prt_set:
0419EC 21 00 00 00 0143*        ld hl,0
0419F0 22 3A 1A 04 0144*        ld (prt_irq_counter),hl
0419F4 2A 48 19 04 0145*        ld hl,(prt_reload)
0419F8 ED 29 84    0146*        out0 (TMR1_CTL+TMR_RES_LOW),l
0419FB ED 21 85    0147*    	out0 (TMR1_CTL+TMR_RES_HIGH),h
0419FE             0148*    ; disable timer
0419FE 3E 06       0149*        ld a,PRT_IRQ_0 | IRQ_EN_0 | PRT_MODE_0 | CLK_DIV_16 | RST_EN_1 | PRT_EN_0
041A00 ED 39 83    0150*    	out0 (TMR1_CTL+TMR_REG_CTL),a
041A03             0151*    ; enable timer,with interrupt and CONTINUOUS mode,clock divider 16
041A03 3E 57       0152*        ld a,PRT_IRQ_0 | IRQ_EN_1 | PRT_MODE_1 | CLK_DIV_16 | RST_EN_1 | PRT_EN_1
041A05 ED 39 83    0153*    	out0 (TMR1_CTL+TMR_REG_CTL),a
041A08 C9          0154*        ret
041A09             0155*    
041A09             0156*    ; ===============================================
041A09             0157*    ; PRT Timer Interrupt Handling
041A09             0158*    ; https://github.com/tomm/agon-cpu-emulator/blob/main/sdcard/regression_suite/timerirq.asm
041A09             0159*    ; -----------------------------------------------
041A09             0160*    prt_irq_init:
041A09             0161*        ; set up interrupt vector table 2
041A09 21 00 00 00 0162*    	ld hl,0
041A0D 3A 0C 01 00 0163*    	ld a,($10c)
041A11 6F          0164*    	ld l,a
041A12 3A 0D 01 00 0165*    	ld a,($10d)
041A16 67          0166*    	ld h,a
041A17             0167*    
041A17             0168*    	; skip over CALL ($c3)
041A17 23          0169*    	inc hl
041A18             0170*    	; load address of jump into vector table 2 (in ram)
041A18 ED 27       0171*    	ld hl,(hl)
041A1A             0172*    
041A1A             0173*    	; write CALL prt_irq_handler to vector table 2
041A1A 3E C3       0174*    	ld a,$c3
041A1C 77          0175*    	ld (hl),a
041A1D 23          0176*    	inc hl
041A1E 11 25 1A 04 0177*    	ld de,prt_irq_handler
041A22 ED 1F       0178*    	ld (hl),de
041A24             0179*    
041A24 C9          0180*        ret
041A25             0181*    
041A25             0182*    prt_irq_handler:
041A25 F3          0183*    	di
041A26 F5          0184*    	push af
041A27 E5          0185*        push hl
041A28 ED 38 83    0186*    	in0 a,(TMR1_CTL+TMR_REG_CTL)
041A2B 2A 3A 1A 04 0187*    	ld hl,(prt_irq_counter)
041A2F 23          0188*    	inc hl
041A30 22 3A 1A 04 0189*    	ld (prt_irq_counter),hl
041A34 E1          0190*        pop hl
041A35 F1          0191*    	pop af
041A36 FB          0192*    	ei
041A37 5B ED 4D    0193*    	reti.l
041A3A             0194*    
041A3A             0195*    prt_irq_counter:
041A3A 00 00 00    0196*    	.dl 0
041A3D             0197*    prt_irq_counter_saved:
041A3D 00 00 00    0198*        .dl 0
041A40             0199*    
041A40             0200*    prt_loop_reset:
041A40 E5          0201*        push hl
041A41 21 00 00 00 0202*    	ld hl,0
041A45 22 3A 1A 04 0203*    	ld (prt_irq_counter),hl
041A49 22 AB 1A 04 0204*        ld (prt_loop_counter),hl
041A4D 22 AE 1A 04 0205*        ld (prt_loops),hl
041A51 CD EC 19 04 0206*        call prt_set
041A55 E1          0207*        pop hl
041A56 C9          0208*        ret
041A57             0209*    
041A57             0210*    prt_loop_start:
041A57 E5          0211*        push hl
041A58 21 00 00 00 0212*    	ld hl,0
041A5C 22 3A 1A 04 0213*    	ld (prt_irq_counter),hl
041A60 E1          0214*        pop hl
041A61 C9          0215*        ret
041A62             0216*    
041A62             0217*    prt_loop_stop:
041A62 E5          0218*        push hl
041A63 D5          0219*        push de
041A64 2A 3A 1A 04 0220*        ld hl,(prt_irq_counter)
041A68 ED 5B AB 1A 0221*        ld de,(prt_loop_counter)
       04          
041A6D 19          0222*        add hl,de
041A6E 22 AB 1A 04 0223*        ld (prt_loop_counter),hl
041A72 21 00 00 00 0224*        ld hl,0
041A76 22 3A 1A 04 0225*        ld (prt_irq_counter),hl
041A7A 2A AE 1A 04 0226*        ld hl,(prt_loops)
041A7E 23          0227*        inc hl
041A7F 22 AE 1A 04 0228*        ld (prt_loops),hl
041A83 D1          0229*        pop de
041A84 E1          0230*        pop hl
041A85 C9          0231*        ret
041A86             0232*    
041A86             0233*    ; inputs: bc = y,x text coordinates to print
041A86             0234*    prt_loop_print:
041A86 F5          0235*        push af
041A87 E5          0236*        push hl
041A88 C5          0237*        push bc
041A89 D5          0238*        push de
041A8A DD E5       0239*        push ix
041A8C FD E5       0240*        push iy
041A8E CD BE 1B 04 0241*        call vdu_move_cursor
041A92             0242*    
041A92 2A AB 1A 04 0243*        ld hl,(prt_loop_counter)
041A96 CD CC 00 04 0244*        call printDec
041A9A             0245*    
041A9A 2A AE 1A 04 0246*        ld hl,(prt_loops)
041A9E CD CC 00 04 0247*        call printDec
041AA2             0248*    
041AA2 FD E1       0249*        pop iy
041AA4 DD E1       0250*        pop ix
041AA6 D1          0251*        pop de
041AA7 C1          0252*        pop bc
041AA8 E1          0253*        pop hl
041AA9 F1          0254*        pop af
041AAA C9          0255*        ret
041AAB             0256*    
041AAB             0257*    prt_loop_counter:
041AAB 00 00 00    0258*        .dl 0
041AAE             0259*    prt_loops:
041AAE 00 00 00    0260*        .dl 0
041AB1             0261*    
041AB1             0262*    ; ===============================================
041AB1             0263*    ; Timer functions
041AB1             0264*    ; -----------------------------------------------
041AB1             0265*    ; set a countdown timer
041AB1             0266*    ; inputs: hl = time to set in 1/120ths of a second; iy = pointer to 3-byte buffer holding start time,iy+3 = pointer to 3-byte buffer holding timer set value
041AB1             0267*    ; returns: hl = current time
041AB1             0268*    tmr_set:
041AB1 FD 2F 03    0269*        ld (iy+3),hl            ; set time remaining
041AB4             0270*        MOSCALL mos_sysvars     ; ix points to syvars table
                       M1 Args: function=mos_sysvars 
041AB4 3E 08       0001*M1  			LD	A, function
041AB6 5B CF       0002*M1  			RST.LIL	08h
041AB8 DD 27 00    0271*        ld hl,(ix+sysvar_time)  ; get current time
041ABB FD 2F 00    0272*        ld (iy+0),hl            ; set start time
041ABE C9          0273*        ret
041ABF             0274*    
041ABF             0275*    ; gets time remaining on a countdown timer
041ABF             0276*    ; inputs: iy = pointer to 3-byte buffer holding start time,iy+3 = pointer to 3-byte buffer holding timer set value
041ABF             0277*    ; returns: hl pos = time remaining in 1/120ths of a second,hl neg = time past expiration
041ABF             0278*    ;          sign flags: pos = time not expired,zero or neg = time expired
041ABF             0279*    tmr_get:
041ABF             0280*        MOSCALL mos_sysvars     ; ix points to syvars table
                       M1 Args: function=mos_sysvars 
041ABF 3E 08       0001*M1  			LD	A, function
041AC1 5B CF       0002*M1  			RST.LIL	08h
041AC3 DD 17 00    0281*        ld de,(ix+sysvar_time)  ; get current time
041AC6 FD 27 00    0282*        ld hl,(iy+0)            ; get start time
041AC9 AF          0283*        xor a                   ; clear carry
041ACA ED 52       0284*        sbc hl,de               ; hl = time elapsed (will always be zero or negative)
041ACC FD 17 03    0285*        ld de,(iy+3)            ; get timer set value
041ACF AF          0286*        xor a                   ; clear carry
041AD0 ED 5A       0287*        adc hl,de               ; hl = time remaining
041AD2             0288*                                ; (we do adc because add hl,rr doesn't set sign or zero flags)
041AD2 C9          0289*        ret
041AD3             0290*    
041AD3             0291*    tmr_test: ds 6 ; example of a buffer to hold timer data
041AD9             0292*    
       FF FF FF FF 
       FF FF 
041AD9 00 00 00    0293*    timestamp_now: dl 0
041ADC 00 00 00    0294*    timestamp_old: dl 0
041ADF 00 00 00    0295*    timestamp_chg: dl 0
041AE2             0296*    
041AE2             0297*    ; update the global timestamp from the system clock
041AE2             0298*    ; inputs: none
041AE2             0299*    ; returns: hl = time elapsed in 1/120ths of a second
041AE2             0300*    ;          de = current time
041AE2             0301*    ;          ix = pointer to syvars table
041AE2             0302*    ; destroys: af,hl,de,ix
041AE2             0303*    timestamp_tick:
041AE2 ED 5B D9 1A 0304*        ld de,(timestamp_now)   ; get previous time
       04          
041AE7 ED 53 DC 1A 0305*        ld (timestamp_old),de   ; save previous time
       04          
041AEC             0306*        MOSCALL mos_sysvars     ; ix points to syvars table
                       M1 Args: function=mos_sysvars 
041AEC 3E 08       0001*M1  			LD	A, function
041AEE 5B CF       0002*M1  			RST.LIL	08h
041AF0 DD 27 00    0307*        ld hl,(ix+sysvar_time)  ; get current time
041AF3 22 D9 1A 04 0308*        ld (timestamp_now),hl   ; save current time
041AF7 AF          0309*        xor a                   ; clear carry
041AF8 ED 52       0310*        sbc hl,de               ; hl = time elapsed
041AFA 22 DF 1A 04 0311*        ld (timestamp_chg),hl   ; save elapsed time
041AFE C9          0312*        ret
041AFF             0313*    
041AFF             0314*    ; set a countdown timer
041AFF             0315*    ; inputs: hl = time to set in 1/120ths of a second; iy = pointer to 3-byte buffer holding start time,iy+3 = pointer to 3-byte buffer holding timer set value
041AFF             0316*    ; requires: timestamp_tick to be called at least once before this function
041AFF             0317*    ; returns: hl = current time
041AFF             0318*    ; destroys: hl
041AFF             0319*    timestamp_tmr_set:
041AFF FD 2F 03    0320*        ld (iy+3),hl            ; set time remaining
041B02 2A D9 1A 04 0321*        ld hl,(timestamp_now)   ; get current timestamp
041B06 FD 2F 00    0322*        ld (iy+0),hl            ; set start time
041B09 C9          0323*        ret
041B0A             0324*    
041B0A             0325*    ; gets time remaining on a countdown timer following the global timestamp
041B0A             0326*    ; inputs: iy = pointer to 3-byte buffer holding start time,iy+3 = pointer to 3-byte buffer holding timer set value
041B0A             0327*    ; requires: timestamp_tick to be called at least once before this function
041B0A             0328*    ; returns: hl pos = time remaining in 1/120ths of a second,hl neg = time past expiration
041B0A             0329*    ;          sign flags: pos = time not expired,zero or neg = time expired
041B0A             0330*    ; destroys: af,hl,de
041B0A             0331*    timestamp_tmr_get:
041B0A ED 5B D9 1A 0332*        ld de,(timestamp_now)   ; get current timestamp
       04          
041B0F FD 27 00    0333*        ld hl,(iy+0)            ; get start time
041B12 AF          0334*        xor a                   ; clear carry
041B13 ED 52       0335*        sbc hl,de               ; hl = time elapsed (will always be zero or negative)
041B15 FD 17 03    0336*        ld de,(iy+3)            ; get timer set value
041B18 AF          0337*        xor a                   ; clear carry
041B19 ED 5A       0338*        adc hl,de               ; hl = time remaining
041B1B             0339*                                ; (we do adc because add hl,rr doesn't set sign or zero flags)
041B1B C9          0340*        ret
041B1C             0341*    
041B1C             0342*    ; set a stopwatch
041B1C             0343*    ; returns: hl = start time
041B1C             0344*    ; destroys: hl,ix
041B1C             0345*    stopwatch_set:
041B1C             0346*        MOSCALL mos_sysvars     ; ix points to syvars table
                       M1 Args: function=mos_sysvars 
041B1C 3E 08       0001*M1  			LD	A, function
041B1E 5B CF       0002*M1  			RST.LIL	08h
041B20 DD 27 00    0347*        ld hl,(ix+sysvar_time)  ; get current time
041B23 22 38 1B 04 0348*        ld (stopwatch_started),hl            ; set start time
041B27 C9          0349*        ret
041B28             0350*    
041B28             0351*    ; gets time elapsed on a stopwatch
041B28             0352*    ; returns: hl = time elapsed in 1/120ths of a second
041B28             0353*    ; destroys: af,hl,de,ix
041B28             0354*    stopwatch_get:
041B28             0355*        MOSCALL mos_sysvars     ; ix points to syvars table
                       M1 Args: function=mos_sysvars 
041B28 3E 08       0001*M1  			LD	A, function
041B2A 5B CF       0002*M1  			RST.LIL	08h
041B2C DD 27 00    0356*        ld hl,(ix+sysvar_time)  ; get current time
041B2F ED 5B 38 1B 0357*        ld de,(stopwatch_started)            ; get start time
       04          
041B34 AF          0358*        xor a                   ; clear carry
041B35 ED 52       0359*        sbc hl,de               ; hl = time elapsed (will always be zero or positive)
041B37 C9          0360*        ret
041B38             0361*    
041B38             0362*    stopwatch_started: ds 3 ; buffer to hold stopwatch start time
041B3B             0363*    
041B3B             0364*    ; ------------------
041B3B             0365*    ; delay routine
041B3B             0366*    ; Author: Richard Turrnidge
041B3B             0367*    ; https://github.com/richardturnnidge/lessons/blob/main/slowdown.asm
041B3B             0368*    ; routine waits a fixed time,then returns
041B3B             0369*    ; arrive with A =  the delay byte. One bit to be set only.
041B3B             0370*    ; eg. ld A,00000100b
041B3B             0371*    
041B3B             0372*    multiPurposeDelay:
       FF FF FF 
041B3B F5          0373*        push af
041B3C C5          0374*        push bc
041B3D DD E5       0375*        push ix
041B3F 47          0376*        ld b,a
041B40 3E 08       0377*        ld a,$08
041B42 5B CF       0378*        RST.LIL	08h                 ; get IX pointer to sysvars
041B44             0379*    
041B44             0380*    waitLoop:
041B44             0381*    
041B44 DD 7E 00    0382*        ld a,(ix + 0)              ; ix+0h is lowest byte of clock timer
041B47             0383*    
041B47             0384*                                    ;   we check if bit set is same as last time we checked.
041B47             0385*                                    ;   bit 0 - don't use
041B47             0386*                                    ;   bit 1 - changes 64 times per second
041B47             0387*                                    ;   bit 2 - changes 32 times per second
041B47             0388*                                    ;   bit 3 - changes 16 times per second
041B47             0389*    
041B47             0390*                                    ;   bit 4 - changes 8 times per second
041B47             0391*                                    ;   bit 5 - changes 4 times per second
041B47             0392*                                    ;   bit 6 - changes 2 times per second
041B47             0393*                                    ;   bit 7 - changes 1 times per second
041B47 A0          0394*        and b
041B48 4F          0395*        ld c,a
041B49 3A 5A 1B 04 0396*        ld a,(oldTimeStamp)
041B4D B9          0397*        cp c                        ; is A same as last value?
041B4E 28 F4       0398*        jr z,waitLoop              ; loop here if it is
041B50 79          0399*        ld a,c
041B51 32 5A 1B 04 0400*        ld (oldTimeStamp),a        ; set new value
041B55             0401*    
041B55 DD E1       0402*        pop ix
041B57 C1          0403*        pop bc
041B58 F1          0404*        pop af
041B59 C9          0405*        ret
041B5A             0406*    
041B5A 00          0407*    oldTimeStamp:   .db 00h
041B5B             0039         include "vdu.inc"
041B5B             0001*        MACRO VDU_BEEP
041B5B             0002*        ld a,7
041B5B             0003*        rst.lil $10
041B5B             0004*        ENDMACRO
041B5B             0005*    
041B5B             0006*    ; VDU 30: Home cursor
041B5B             0007*    vdu_home_cursor:
041B5B 3E 1E       0008*        ld a,30
041B5D 5B D7       0009*    	rst.lil $10
041B5F C9          0010*    	ret
041B60             0011*    
041B60             0012*    vdu_cursor_on:
041B60 21 6B 1B 04 0013*    	ld hl,@cmd
041B64 01 03 00 00 0014*    	ld bc,@end-@cmd
041B68 5B DF       0015*    	rst.lil $18
041B6A C9          0016*    	ret
041B6B             0017*    @cmd:
041B6B 17 01 01    0018*    	db 23,1,1
041B6E             0019*    @end:
041B6E             0020*    
041B6E             0021*    vdu_cursor_off:
041B6E 21 79 1B 04 0022*    	ld hl,@cmd
041B72 01 03 00 00 0023*    	ld bc,@end-@cmd
041B76 5B DF       0024*    	rst.lil $18
041B78 C9          0025*    	ret
041B79             0026*    @cmd:
041B79 17 01 00    0027*    	db 23,1,0
041B7C             0028*    @end:
041B7C             0029*    
041B7C             0030*    ; VDU 4: Write text at text cursor
041B7C             0031*    ; This causes text to be written at th current text cursor position. This is the default mode for text display.
041B7C             0032*    ; inputs: none
041B7C             0033*    ; prerequisites: the text cursor at the intended position on screen
041B7C             0034*    ; outputs: none
041B7C             0035*    ; destroys: af
041B7C             0036*    vdu_text_to_text_cursor:
041B7C 3E 04       0037*        ld a,4
041B7E 5B D7       0038*        rst.lil $10
041B80 C9          0039*        ret
041B81             0040*    ; end vdu_text_to_text_cursor
041B81             0041*    
041B81             0042*    ; set the text cursor to a specified location and print a string there
041B81             0043*    ; inputs: hl = address of string to print, c,b = x,y text coordinates
041B81             0044*    ; outputs: text
041B81             0045*    ; destroys: af, bc, hl
041B81             0046*    ; affects: moves text cursor to position after final char printed by default
041B81             0047*    ;          unless overridden by VDU 23, 16 cursor control command settings
041B81             0048*    ;          all subsequent print commands (rst.lil $10 or $18) will go to the text cursor
041B81             0049*    vdu_print_to_text_location:
041B81 E5          0050*        push hl ; preserve string pointer
041B82 3E 04       0051*        ld a,4 ; VDU 4 char to text cursor
041B84 5B D7       0052*        rst.lil $10
041B86 CD BE 1B 04 0053*        call vdu_move_cursor
041B8A E1          0054*        pop hl ; restore string pointer
041B8B CD 67 00 04 0055*        call printString
041B8F C9          0056*        ret
041B90             0057*    ; end vdu_print_at_text_location
041B90             0058*    
041B90             0059*    ; VDU 5: Write text at graphics cursor
041B90             0060*    ; inputs: none
041B90             0061*    ; prerequisites: the graphics cursor at the intended position on screen
041B90             0062*    ; outputs: none
041B90             0063*    ; destroys: af
041B90             0064*    vdu_text_to_gfx_cursor:
041B90 3E 05       0065*        ld a,5
041B92 5B D7       0066*    	rst.lil $10
041B94 C9          0067*    	ret
041B95             0068*    ; end vdu_char_to_gfx_cursor
041B95             0069*    
041B95             0070*    ; set the graphics cursor to a specified location and print a string there
041B95             0071*    ; inputs: hl = address of string to print, bc,de = x,y graphics coordinates
041B95             0072*    ; outputs: text
041B95             0073*    ; destroys: af, bc, de, hl
041B95             0074*    ; affects: moves graphics cursor to position after final char printed by default
041B95             0075*    ;          unless overridden by setting bit 6 of the cursor control register (VDU 23, 16)
041B95             0076*    ;          all subsequent print commands (rst.lil $10 or $18) will go to the graphics cursor
041B95             0077*    vdu_print_to_gfx_location:
041B95 E5          0078*        push hl ; preserve string pointer
041B96 3E 44       0079*        ld a,plot_pt+mv_abs
041B98 CD 06 21 04 0080*        call vdu_plot ; moves the graphics cursor to the specified location
041B9C 3E 05       0081*        ld a,5 ; VDU 5 char to gfx cursor
041B9E 5B D7       0082*        rst.lil $10
041BA0 E1          0083*        pop hl ; restore string pointer
041BA1 01 00 00 00 0084*        ld bc,0
041BA5 3E 00       0085*        ld a,0
041BA7 5B DF       0086*        rst.lil $18 ; print the string
041BA9 C9          0087*        ret
041BAA             0088*    ; end vdu_print_at_gfx_location
041BAA             0089*    
041BAA             0090*    ; VDU 8: Move cursor back one character
041BAA             0091*    vdu_cursor_back:
041BAA 3E 08       0092*        ld a,8
041BAC 5B D7       0093*        rst.lil $10
041BAE C9          0094*        ret
041BAF             0095*    ; end vdu_cursor_back
041BAF             0096*    
041BAF             0097*    ; VDU 9: Move cursor forward one character
041BAF             0098*    vdu_cursor_forward:
041BAF 3E 09       0099*        ld a,9
041BB1 5B D7       0100*    	rst.lil $10
041BB3 C9          0101*    	ret
041BB4             0102*    ; end vdu_cursor_forward
041BB4             0103*    
041BB4             0104*    ; VDU 10: Move cursor down one line
041BB4             0105*    vdu_cursor_down:
041BB4 3E 0A       0106*        ld a,10
041BB6 5B D7       0107*        rst.lil $10
041BB8 C9          0108*        ret
041BB9             0109*    ; end vdu_cursor_down
041BB9             0110*    
041BB9             0111*    ; VDU 11: Move cursor up one line
041BB9             0112*    vdu_cursor_up:
041BB9 3E 0B       0113*        ld a,11
041BBB 5B D7       0114*        rst.lil $10
041BBD C9          0115*        ret
041BBE             0116*    ; end vdu_cursor_up
041BBE             0117*    
041BBE             0118*    
041BBE             0119*    ; VDU 31, x, y: Move text cursor to x, y text position (TAB(x, y))
041BBE             0120*    ; inputs: c=x, b=y 8-bit unsigned integers
041BBE             0121*    vdu_move_cursor:
041BBE ED 43 CF 1B 0122*        ld (@x0),bc
       04          
041BC3 21 CE 1B 04 0123*    	ld hl,@cmd
041BC7 01 03 00 00 0124*    	ld bc,@end-@cmd
041BCB 5B DF       0125*    	rst.lil $18
041BCD C9          0126*    	ret
041BCE 1F          0127*    @cmd: 	db 31
041BCF 00          0128*    @x0:	db 0
041BD0 00          0129*    @y0: 	db 0
041BD1 00          0130*    @end: 	db 0 ; padding
041BD2             0131*    
041BD2             0132*    ; https://agonconsole8.github.io/agon-docs/vdp/VDU-Commands/#vdu-23-1-n-cursor-control
041BD2             0133*    ; VDU 23, 16, setting, mask: Define cursor movement behaviour
041BD2             0134*    ; inputs: l = setting, h = mask
041BD2             0135*    ; new_setting = (current_setting AND mask) EOR setting
041BD2             0136*    ; in English: mask controls which bit to turn on or off, setting is the value of the bits to set or reset
041BD2             0137*    vdu_cursor_behaviour:
041BD2 22 E3 1B 04 0138*        ld (@setting),hl ; little-endian!
041BD6 21 E1 1B 04 0139*        ld hl,@cmd
041BDA 01 04 00 00 0140*        ld bc,@end-@cmd
041BDE 5B DF       0141*        rst.lil $18
041BE0 C9          0142*        ret
041BE1 17 10       0143*    @cmd: db 23,16
041BE3 00          0144*    @setting: db 0
041BE4 00          0145*    @mask: db 0
041BE5 00          0146*    @end: db 0 ; padding
041BE6             0147*    
041BE6             0148*    ; VDU 12: Clear text area (CLS)
041BE6             0149*    vdu_cls:
041BE6 3E 0C       0150*        ld a,12
041BE8 5B D7       0151*    	rst.lil $10
041BEA C9          0152*    	ret
041BEB             0153*    
041BEB             0154*    vdu_flip:
041BEB 21 F6 1B 04 0155*    	ld hl,@cmd
041BEF 01 03 00 00 0156*    	ld bc,@end-@cmd
041BF3 5B DF       0157*    	rst.lil $18
041BF5 C9          0158*    	ret
041BF6 17 00 C3    0159*    @cmd: db 23,0,0xC3
041BF9             0160*    @end:
041BF9             0161*    
041BF9             0162*    ; VDU 16: Clear graphics area (CLG)
041BF9             0163*    vdu_clg:
041BF9 3E 10       0164*        ld a,16
041BFB 5B D7       0165*    	rst.lil $10
041BFD C9          0166*    	ret
041BFE             0167*    
041BFE             0168*    ; https://github.com/breakintoprogram/agon-docs/wiki/VDP
041BFE             0169*    ; VDU 23, 7: Scrolling
041BFE             0170*    ;     VDU 23, 7, extent, direction, speed: Scroll the screen
041BFE             0171*    ; inputs: a, extent; l, direction; h; speed
041BFE             0172*    vdu_scroll_down:
041BFE 32 13 1C 04 0173*    	ld (@extent),a
041C02 22 14 1C 04 0174*    	ld (@dir),hl ; implicitly populates @speed
041C06 21 11 1C 04 0175*    	ld hl,@cmd
041C0A 01 05 00 00 0176*    	ld bc,@end-@cmd
041C0E 5B DF       0177*    	rst.lil $18     ;; Sending command to VDP
041C10 C9          0178*    	ret
041C11 17 07       0179*    @cmd:       db 23,7
041C13 00          0180*    @extent:    db 0x00 ; 0 current text window, 1 entire screen, 2 curr gfx viewport
041C14 00          0181*    @dir:       db 0x00 ; 0 right, 1 left, 2 down, 3 up
041C15 00          0182*    @speed:     db 0x00 ; pixels
041C16 00          0183*    @end:		db 0x00 ; padding
041C17             0184*    
041C17             0185*    ; COLOUR MODES
041C17             0186*    ; Mode	Effect
041C17             0187*    ; 0	Set on-screen pixel to target colour value
041C17             0188*    ; 1	OR value with the on-screen pixel
041C17             0189*    ; 2	AND value with the on-screen pixel
041C17             0190*    ; 3	XOR value with the on-screen pixel
041C17             0191*    ; 4	Invert the on-screen pixel
041C17             0192*    ; 5	No operation
041C17             0193*    ; 6	AND the inverse of the specified colour with the on-screen pixel
041C17             0194*    ; 7	OR the inverse of the specified colour with the on-screen pixel
041C17             0195*    
041C17             0196*    ; VDU 17, colour: Define text colour (COLOUR)
041C17             0197*    vdu_colour_text:
041C17 32 27 1C 04 0198*    	ld (@arg),a
041C1B 21 26 1C 04 0199*    	ld hl,@cmd
041C1F 01 02 00 00 0200*    	ld bc,@end-@cmd
041C23 5B DF       0201*    	rst.lil $18
041C25 C9          0202*    	ret
041C26 11          0203*    @cmd: db 17
041C27 00          0204*    @arg: db 0
041C28             0205*    @end:
041C28             0206*    
041C28             0207*    ; VDU 18, mode, colour: Set graphics colour (GCOL mode, colour)
041C28             0208*    ; inputs: a=mode, c=colour (add 128 to set background colour)
041C28             0209*    vdu_gcol:
041C28 32 3D 1C 04 0210*    	ld (@mode),a
041C2C 79          0211*        ld a,c
041C2D 32 3E 1C 04 0212*        ld (@col),a
041C31 21 3C 1C 04 0213*    	ld hl,@cmd
041C35 01 03 00 00 0214*    	ld bc,@end-@cmd
041C39 5B DF       0215*    	rst.lil $18
041C3B C9          0216*    	ret
041C3C 12          0217*    @cmd:  db 18
041C3D 00          0218*    @mode: db 0
041C3E 00          0219*    @col:  db 0
041C3F             0220*    @end:
041C3F             0221*    
041C3F             0222*    
041C3F             0223*    ; VDU 28, left, bottom, right, top: Set text viewport **
041C3F             0224*    ; MIND THE LITTLE-ENDIANESS
041C3F             0225*    ; inputs: c=left,b=bottom,e=right,d=top
041C3F             0226*    ; outputs; nothing
041C3F             0227*    ; destroys: af, hl, bc, de
041C3F             0228*    vdu_set_txt_viewport:
041C3F ED 43 55 1C 0229*        ld (@lb),bc
       04          
041C44 ED 53 57 1C 0230*    	ld (@rt),de
       04          
041C49 21 54 1C 04 0231*    	ld hl,@cmd
041C4D 01 05 00 00 0232*    	ld bc,@end-@cmd
041C51 5B DF       0233*    	rst.lil $18
041C53 C9          0234*    	ret
041C54 1C          0235*    @cmd:   db 28 ; set text viewport command
041C55 00 00       0236*    @lb: 	dw 0x0000 ; set by bc
041C57 00 00       0237*    @rt: 	dw 0x0000 ; set by de
041C59 00          0238*    @end:   db 0x00	  ; padding
041C5A             0239*    
041C5A             0240*    ; Wait for VBLANK interrupt
041C5A             0241*    vdu_vblank:
041C5A DD E5       0242*        PUSH 	IX
041C5C             0243*    	MOSCALL	mos_sysvars
                       M1 Args: function=mos_sysvars 
041C5C 3E 08       0001*M1  			LD	A, function
041C5E 5B CF       0002*M1  			RST.LIL	08h
041C60 DD 7E 00    0244*    	LD	A, (IX + sysvar_time + 0)
041C63             0245*    @wait:
041C63 DD BE 00    0246*        CP 	A, (IX + sysvar_time + 0)
041C66 28 FB       0247*        JR	Z, @wait
041C68 DD E1       0248*        POP	IX
041C6A C9          0249*        RET
041C6B             0250*    
041C6B             0251*    ; VDU 29, x; y;: Set graphics origin
041C6B             0252*    ; This command sets the graphics origin.
041C6B             0253*    ; The origin is the point on the screen where the coordinates (0,0) are located.
041C6B             0254*    ; inputs: bc=x0,de=y0
041C6B             0255*    ; outputs; nothing
041C6B             0256*    ; destroys: a might make it out alive
041C6B             0257*    vdu_set_gfx_origin:
041C6B ED 43 81 1C 0258*        ld (@x0),bc
       04          
041C70 ED 53 83 1C 0259*        ld (@y0),de
       04          
041C75 21 80 1C 04 0260*        ld hl,@cmd
041C79 01 05 00 00 0261*        ld bc,@end-@cmd
041C7D 5B DF       0262*        rst.lil $18
041C7F C9          0263*        ret
041C80 1D          0264*    @cmd:   db 29 ; set graphics origin command
041C81 00 00       0265*    @x0: 	dw 0x0000 ; set by bc
041C83 00 00       0266*    @y0: 	dw 0x0000 ; set by de
041C85 00          0267*    @end:   db 0x00	  ; padding
041C86             0268*    
041C86             0269*    ; VDU 24, left; bottom; right; top;: Set graphics viewport
041C86             0270*    ; NOTE: the order of the y-coordinate parameters are inverted
041C86             0271*    ; 	because we have turned off logical screen scaling
041C86             0272*    ; NOTE: coordinates are relative to current gfx origin
041C86             0273*    ; inputs: bc=x0,de=y0,ix=x1,iy=y1
041C86             0274*    ; outputs; nothing
041C86             0275*    ; destroys: a might make it out alive
041C86             0276*    vdu_set_gfx_viewport:
041C86 ED 43 A6 1C 0277*        ld (@x0),bc
       04          
041C8B FD 22 A8 1C 0278*        ld (@y1),iy
       04          
041C90 DD 22 AA 1C 0279*    	ld (@x1),ix
       04          
041C95 ED 53 AC 1C 0280*    	ld (@y0),de
       04          
041C9A 21 A5 1C 04 0281*    	ld hl,@cmd
041C9E 01 09 00 00 0282*    	ld bc,@end-@cmd
041CA2 5B DF       0283*    	rst.lil $18
041CA4 C9          0284*    	ret
041CA5 18          0285*    @cmd:   db 24 ; set graphics viewport command
041CA6 00 00       0286*    @x0: 	dw 0x0000 ; set by bc
041CA8 00 00       0287*    @y1: 	dw 0x0000 ; set by iy
041CAA 00 00       0288*    @x1: 	dw 0x0000 ; set by ix
041CAC 00 00       0289*    @y0: 	dw 0x0000 ; set by de
041CAE 00          0290*    @end:   db 0x00	  ; padding
041CAF             0291*    
041CAF             0292*    ; VDU 26: Reset graphics and text viewports
041CAF             0293*    vdu_reset_viewports:
041CAF 3E 1A       0294*        ld a,26
041CB1 5B D7       0295*        rst.lil $10
041CB3 C9          0296*        ret
041CB4             0297*    
041CB4             0298*    ; SCREEN MODES
041CB4             0299*    ; ===============================
041CB4             0300*    ; Mode  Horz  Vert  Cols  Refresh
041CB4             0301*    ; ---   ----  ----  ----  -------
041CB4             0302*    ; 11    320   240   2     60hz
041CB4             0303*    ; 139   320   240   2     60hz
041CB4             0304*    ; 23    512   384   2     60hz
041CB4             0305*    ; 151   512   384   2     60hz
041CB4             0306*    ; 6     640   240   2     60hz
041CB4             0307*    ; 134   640   240   2     60hz
041CB4             0308*    ; 2     640   480   2     60hz
041CB4             0309*    ; 130   640   480   2     60hz
041CB4             0310*    ; 17    800   600   2     60hz
041CB4             0311*    ; 145   800   600   2     60hz
041CB4             0312*    ; 18    1024  768   2     60hz
041CB4             0313*    ; 146   1024  768   2     60hz
041CB4             0314*    ; ---   ----  ----  ----  -------
041CB4             0315*    ; 10    320   240   4     60hz
041CB4             0316*    ; 138   320   240   4     60hz
041CB4             0317*    ; 22    512   384   4     60hz
041CB4             0318*    ; 150   512   384   4     60hz
041CB4             0319*    ; 5     640   240   4     60hz
041CB4             0320*    ; 133   640   240   4     60hz
041CB4             0321*    ; 1     640   480   4     60hz
041CB4             0322*    ; 129   640   480   4     60hz
041CB4             0323*    ; 16    800   600   4     60hz
041CB4             0324*    ; 19    1024  768   4     60hz
041CB4             0325*    ; ---   ----  ----  ----  -------
041CB4             0326*    ; 9     320   240   16    60hz
041CB4             0327*    ; 137   320   240   16    60hz
041CB4             0328*    ; 21    512   384   16    60hz
041CB4             0329*    ; 149   512   384   16    60hz
041CB4             0330*    ; 4     640   240   16    60hz
041CB4             0331*    ; 132   640   240   16    60hz
041CB4             0332*    ; 0     640   480   16    60hz
041CB4             0333*    ; 7     n/a   n/a   16    60hz
041CB4             0334*    ; ---   ----  ----  ----  -------
041CB4             0335*    ; 8     320   240   64    60hz
041CB4             0336*    ; 136   320   240   64    60hz
041CB4             0337*    ; 20    512   384   64    60hz
041CB4             0338*    ; 3     640   240   64    60hz
041CB4             0339*    ; ---   ----  ----  ----  -------
041CB4             0340*    vdu_set_screen_mode:
041CB4 32 C4 1C 04 0341*    	ld (@arg),a
041CB8 21 C3 1C 04 0342*    	ld hl,@cmd
041CBC 01 02 00 00 0343*    	ld bc,@end-@cmd
041CC0 5B DF       0344*    	rst.lil $18
041CC2 C9          0345*    	ret
041CC3 16          0346*    @cmd: db 22 ; set screen mode
041CC4 00          0347*    @arg: db 0  ; screen mode parameter
041CC5             0348*    @end:
041CC5             0349*    
041CC5             0350*    ; get the current screen mode
041CC5             0351*    ; inputs: none
041CC5             0352*    ; outputs: a=screen mode
041CC5             0353*    ; destroys: af, ix
041CC5             0354*    vdu_get_screen_mode:
041CC5             0355*        MOSCALL mos_sysvars
                       M1 Args: function=mos_sysvars 
041CC5 3E 08       0001*M1  			LD	A, function
041CC7 5B CF       0002*M1  			RST.LIL	08h
041CC9 DD 7E 27    0356*        ld a,(IX+sysvar_scrMode)
041CCC C9          0357*        ret
041CCD             0358*    ; end vdu_get_screen_mode
041CCD             0359*    
041CCD             0360*    ; VDU 23, 0, &C0, n: Turn logical screen scaling on and off *
041CCD             0361*    ; inputs: a is scaling mode, 1=on, 0=off
041CCD             0362*    ; note: default setting on boot is scaling ON
041CCD             0363*    vdu_set_scaling:
041CCD 32 DF 1C 04 0364*    	ld (@arg),a
041CD1 21 DC 1C 04 0365*    	ld hl,@cmd
041CD5 01 04 00 00 0366*    	ld bc,@end-@cmd
041CD9 5B DF       0367*    	rst.lil $18
041CDB C9          0368*    	ret
041CDC 17 00 C0    0369*    @cmd: db 23,0,0xC0
041CDF 00          0370*    @arg: db 0  ; scaling on/off
041CE0             0371*    @end:
041CE0             0372*    
041CE0             0373*    ; VDU 23, 27, &20, bufferId; : Select bitmap (using a buffer ID)
041CE0             0374*    ; inputs: hl=bufferId
041CE0             0375*    vdu_buff_select:
041CE0 22 F2 1C 04 0376*    	ld (@bufferId),hl
041CE4 21 EF 1C 04 0377*    	ld hl,@cmd
041CE8 01 05 00 00 0378*    	ld bc,@end-@cmd
041CEC 5B DF       0379*    	rst.lil $18
041CEE C9          0380*    	ret
041CEF 17 1B 20    0381*    @cmd: db 23,27,0x20
041CF2 00 00       0382*    @bufferId: dw 0x0000
041CF4 00          0383*    @end: db 0x00 ; padding
041CF5             0384*    
041CF5             0385*    ; VDU 23, 27, &21, w; h; format: Create bitmap from selected buffer
041CF5             0386*    ; inputs: a=format; bc=width; de=height
041CF5             0387*    ; prerequisites: buffer selected by vdu_bmp_select or vdu_buff_select
041CF5             0388*    ; formats: https://agonconsole8.github.io/agon-docs/VDP---Bitmaps-API.html
041CF5             0389*    ; 0 	RGBA8888 (4-bytes per pixel)
041CF5             0390*    ; 1 	RGBA2222 (1-bytes per pixel)
041CF5             0391*    ; 2 	Mono/Mask (1-bit per pixel)
041CF5             0392*    ; 3 	Reserved for internal use by VDP (“native” format)
041CF5             0393*    vdu_bmp_create:
041CF5 ED 43 11 1D 0394*        ld (@width),bc
       04          
041CFA ED 53 13 1D 0395*        ld (@height),de
       04          
041CFF 32 15 1D 04 0396*        ld (@fmt),a
041D03 21 0E 1D 04 0397*    	ld hl,@cmd
041D07 01 08 00 00 0398*    	ld bc,@end-@cmd
041D0B 5B DF       0399*    	rst.lil $18
041D0D C9          0400*    	ret
041D0E 17 1B 21    0401*    @cmd:       db 23,27,0x21
041D11 00 00       0402*    @width:     dw 0x0000
041D13 00 00       0403*    @height:    dw 0x0000
041D15 00          0404*    @fmt:       db 0x00
041D16             0405*    @end:
041D16             0406*    
041D16             0407*    ; load an rgba2222 image file to a working buffer and make it an rgba8888 bitmap in a target buffer
041D16             0408*    ; inputs: bc,de image width,height ; hl = targetBufferId ; ix = file size ; iy = pointer to filename
041D16             0409*    vdu_load_img_rgba2_to_8:
041D16             0410*    ; backup the target buffer id and image dimensions
041D16 E5          0411*        push hl
041D17 D5          0412*        push de
041D18 C5          0413*        push bc
041D19             0414*    ; load the rgba2 image to working buffer 65534
041D19 21 FE FF 00 0415*        ld hl,65534 ; temporary working buffer id
041D1D CD F4 1D 04 0416*    	call vdu_load_buffer_from_file
041D21             0417*    ; restore the image dimensions and target buffer id
041D21 C1          0418*        pop bc
041D22 D1          0419*        pop de
041D23 E1          0420*        pop hl
041D24             0421*    ; fall through to vdu_rgba2_to_8
041D24             0422*    
041D24             0423*    ; https://discord.com/channels/1158535358624039014/1158536711148675072/1257757461729771771
041D24             0424*    ; ok, so the "expand bitmap" can be used, when coupled with a "reverse" - the expanded bitmap _doesn't_ come out "right" otherwise, cos of endian-ness
041D24             0425*    ; the "expand bitmap" command is:
041D24             0426*    ; VDU 23,0,&A0,targetBufferID%;&48,2,sourceBufferId%;0,&7F,&BF,&FF
041D24             0427*    ; and then to reverse the byte order to fix endian-ness:
041D24             0428*    ; VDU 23,0,&A0,targetBufferID%;24,4,4;
041D24             0429*    ; finally you'd need to set that buffer to be an RGBA8888 format bitmap:
041D24             0430*    ; VDU 23,27,&20,targetBufferID%;
041D24             0431*    ; VDU 23,27,&21,width%;height%;0
041D24             0432*    ; -------------------------------------------------------------------
041D24             0433*    ; inputs: bc,de image width,height ; hl = targetBufferId
041D24             0434*    ; prerequisites: rgba2 image data loaded into workingBufferId 65534
041D24             0435*    vdu_rgba2_to_8:
041D24             0436*    ; load the image dimensions and buffer id parameters
041D24 ED 43 80 1D 0437*        ld (@width),bc
       04          
041D29 ED 53 82 1D 0438*        ld (@height),de
       04          
041D2E 22 65 1D 04 0439*        ld (@bufferId0),hl
041D32 22 72 1D 04 0440*        ld (@bufferId2),hl
041D36 22 7B 1D 04 0441*        ld (@bufferId1),hl
041D3A             0442*    ; clean up bytes that got stomped on by the ID loads
041D3A 3E 48       0443*        ld a,0x48
041D3C 32 67 1D 04 0444*        ld (@bufferId0+2),a
041D40 3E 17       0445*        ld a,23
041D42 32 7D 1D 04 0446*        ld (@bufferId1+2),a
041D46 3E 18       0447*        ld a,24
041D48 32 74 1D 04 0448*        ld (@bufferId2+2),a
041D4C AF          0449*        xor a
041D4D 32 84 1D 04 0450*        ld (@height+2),a
041D51             0451*    ; send the vdu command strings
041D51 21 5C 1D 04 0452*        ld hl,@beg
041D55 01 29 00 00 0453*        ld bc,@end-@beg
041D59 5B DF       0454*        rst.lil $18
041D5B C9          0455*        ret
041D5C             0456*    @beg:
041D5C             0457*    ; Command 14: Consolidate blocks in a buffer
041D5C             0458*    ; VDU 23, 0, &A0, bufferId; 14
041D5C 17 00 A0    0459*        db 23,0,0xA0
041D5F FE FF       0460*        dw 65534 ; workingBufferId
041D61 0E          0461*        db 14 ; consolidate blocks
041D62             0462*    ; the "expand bitmap" command is:
041D62             0463*    ; VDU 23,0,&A0,targetBufferID%;&48,2,sourceBufferId%;0,&7F,&BF,&FF
041D62 17 00 A0    0464*        db 23,0,0xA0
041D65 00 00       0465*    @bufferId0: dw 0x0000 ; targetBufferId
041D67 48          0466*        db 0x48 ; given as decimal command 72 in the docs
041D68 02          0467*        db 2 ; options mask: %00000011 is the number of bits per pixel in the source bitmap
041D69 FE FF       0468*        dw 65534 ; sourceBufferId
041D6B 00 7F BF FF 0469*        db 0x00,0x7F,0xBF,0xFF ; expanding to bytes by bit-shifting?
041D6F             0470*    ; reverse the byte order to fix endian-ness:
041D6F             0471*    ; Command 24: Reverse the order of data of blocks within a buffer
041D6F             0472*    ; VDU 23, 0, &A0, bufferId; 24, options, [valueSize;] [chunkSize;]
041D6F             0473*    ; VDU 23,0,&A0,targetBufferID%;24,4,4;
041D6F 17 00 A0    0474*        db 23,0,0xA0
041D72 00 00       0475*    @bufferId2:    dw 0x0000 ; targetBufferId
041D74 18          0476*        db 24 ; reverse byte order
041D75 04          0477*        db 4 ; option: Reverse data of the value size within chunk of data of the specified size
041D76 04 00       0478*        dw 4 ; size (4 bytes)
041D78             0479*    ; finally you'd need to set that buffer to be an RGBA8888 format bitmap:
041D78             0480*    ; VDU 23,27,&20,targetBufferID%;
041D78 17 1B 20    0481*        db 23,27,0x20 ; select bitmap
041D7B 00 00       0482*    @bufferId1: dw 0x0000 ; targetBufferId
041D7D             0483*    ; VDU 23,27,&21,width%;height%;0
041D7D 17 1B 21    0484*        db 23,27,0x21 ; create bitmap from buffer
041D80 00 00       0485*    @width: dw 0x0000
041D82 00 00       0486*    @height: dw 0x0000
041D84 00          0487*        db 0x00 ; rgba8888 format
041D85             0488*    @end:
041D85             0489*    
041D85             0490*    ; scratch variables
041D85 00 00 00    0491*    bufferId0: dl 0x000000
041D88 00 00 00    0492*    bufferId1: dl 0x000000
041D8B             0493*    
041D8B             0494*    ; load a vdu buffer from local memory
041D8B             0495*    ; inputs: hl = bufferId ; bc = length ; de = pointer to data
041D8B             0496*    vdu_load_buffer:
041D8B ED 43 B4 1D 0497*        ld (@length),bc
       04          
041D90 D5          0498*        push de ; save data pointer
041D91             0499*    ; send the vdu command string
041D91 7D          0500*        ld a,l
041D92 32 B1 1D 04 0501*        ld (@bufferId),a
041D96 7C          0502*        ld a,h
041D97 32 B2 1D 04 0503*        ld (@bufferId+1),a
041D9B 21 AE 1D 04 0504*        ld hl,@cmd
041D9F 01 08 00 00 0505*        ld bc,@end-@cmd
041DA3 5B DF       0506*        rst.lil $18
041DA5             0507*    ; send the buffer data
041DA5 E1          0508*        pop hl ; pointer to data
041DA6 ED 4B B4 1D 0509*        ld bc,(@length)
       04          
041DAB 5B DF       0510*        rst.lil $18 ; send it
041DAD C9          0511*        ret
041DAE             0512*    ; Upload data :: VDU 23, 0 &A0, bufferId; 0, length; <buffer-data>
041DAE 17 00 A0    0513*    @cmd:       db 23,0,0xA0
041DB1 00 00       0514*    @bufferId:	dw 0x0000
041DB3 00          0515*    		    db 0 ; load buffer
041DB4 00 00       0516*    @length:	dw 0x0000
041DB6 00          0517*    @end: db 0 ; padding
041DB7             0518*    
041DB7             0519*    ; Command 14: Consolidate blocks in a buffer
041DB7             0520*    vdu_consolidate_buffer:
041DB7             0521*    ; set parameters for vdu call
041DB7 7D          0522*        ld a,l
041DB8 32 CF 1D 04 0523*        ld (@bufferId),a
041DBC 7C          0524*        ld a,h
041DBD 32 D0 1D 04 0525*        ld (@bufferId+1),a
041DC1 21 CC 1D 04 0526*        ld hl,@beg
041DC5 01 06 00 00 0527*        ld bc,@end-@beg
041DC9 5B DF       0528*        rst.lil $18
041DCB C9          0529*        ret
041DCC             0530*    ; VDU 23, 0, &A0, bufferId; 14
041DCC 17 00 A0    0531*    @beg: db 23,0,0xA0
041DCF 00 00       0532*    @bufferId: dw 0x0000
041DD1 0E          0533*               db 14
041DD2             0534*    @end:
041DD2             0535*    
041DD2             0536*    ; load an image file to a buffer and make it a bitmap
041DD2             0537*    ; inputs: a = image format ; bc,de image width,height ; hl = bufferId ; iy = pointer to filename
041DD2             0538*    ; formats: https://agonconsole8.github.io/agon-docs/VDP---Bitmaps-API.html
041DD2             0539*    ; 0 	RGBA8888 (4-bytes per pixel)
041DD2             0540*    ; 1 	RGBA2222 (1-bytes per pixel)
041DD2             0541*    ; 2 	Mono/Mask (1-bit per pixel)
041DD2             0542*    ; 3 	Reserved for internal use by VDP (“native” format)
041DD2             0543*    vdu_load_img:
041DD2             0544*    ; back up image type and dimension parameters
041DD2 22 85 1D 04 0545*        ld (bufferId0),hl
041DD6 F5          0546*        push af
041DD7 C5          0547*    	push bc
041DD8 D5          0548*    	push de
041DD9             0549*    ; load the image
041DD9 CD F4 1D 04 0550*    	call vdu_load_buffer_from_file
041DDD             0551*    ; now make it a bitmap
041DDD 2A 85 1D 04 0552*        ld hl,(bufferId0)
041DE1 CD B7 1D 04 0553*        call vdu_consolidate_buffer
041DE5 2A 85 1D 04 0554*        ld hl,(bufferId0)
041DE9 CD E0 1C 04 0555*        call vdu_buff_select
041DED D1          0556*    	pop de ; image height
041DEE C1          0557*    	pop bc ; image width
041DEF F1          0558*    	pop af ; image type
041DF0 C3 F5 1C 04 0559*    	jp vdu_bmp_create ; will return to caller from there
041DF4             0560*    
041DF4             0561*    ; inputs: hl = bufferId; iy = pointer to filename
041DF4             0562*    vdu_load_buffer_from_file:
041DF4 22 85 1D 04 0563*        ld (bufferId0),hl
041DF8             0564*    
041DF8             0565*    ; clear target buffer
041DF8 CD A0 1F 04 0566*        call vdu_clear_buffer
041DFC             0567*    
041DFC             0568*    ; open the file in read mode
041DFC             0569*    ; Open a file
041DFC             0570*    ; HLU: Filename
041DFC             0571*    ;   C: Mode
041DFC             0572*    ; Returns:
041DFC             0573*    ;   A: Filehandle, or 0 if couldn't open
041DFC FD E5       0574*    	push iy ; pointer to filename
041DFE E1          0575*    	pop hl
041DFF 0E 01       0576*    	ld c,fa_read
041E01             0577*        MOSCALL mos_fopen
                       M1 Args: function=mos_fopen 
041E01 3E 0A       0001*M1  			LD	A, function
041E03 5B CF       0002*M1  			RST.LIL	08h
041E05 32 40 1E 04 0578*        ld (@filehandle),a
041E09             0579*    
041E09             0580*    @read_file:
041E09             0581*    ; Read a block of data from a file
041E09             0582*    ;   C: Filehandle
041E09             0583*    ; HLU: Pointer to where to write the data to
041E09             0584*    ; DEU: Number of bytes to read
041E09             0585*    ; Returns:
041E09             0586*    ; DEU: Number of bytes read
041E09 3A 40 1E 04 0587*        ld a,(@filehandle)
041E0D 4F          0588*        ld c,a
041E0E 21 00 E0 B7 0589*        ld hl,filedata
041E12 11 00 20 00 0590*        ld de,8192 ; max we can read into onboard sram at one time
041E16             0591*        MOSCALL mos_fread
                       M1 Args: function=mos_fread 
041E16 3E 1A       0001*M1  			LD	A, function
041E18 5B CF       0002*M1  			RST.LIL	08h
041E1A             0592*    
041E1A             0593*    ; test de for zero bytes read
041E1A 21 00 00 00 0594*        ld hl,0
041E1E AF          0595*        xor a ; clear carry
041E1F ED 52       0596*        sbc hl,de
041E21 CA 37 1E 04 0597*        jp z,@close_file
041E25             0598*    
041E25             0599*    ; load a vdu buffer from local memory
041E25             0600*    ; inputs: hl = bufferId ; bc = length ; de = pointer to data
041E25 2A 85 1D 04 0601*        ld hl,(bufferId0)
041E29 D5          0602*        push de ; chunksize
041E2A C1          0603*        pop bc
041E2B 11 00 E0 B7 0604*        ld de,filedata
041E2F CD 8B 1D 04 0605*        call vdu_load_buffer
041E33             0606*    
041E33             0607*    ; read the next block
041E33 C3 09 1E 04 0608*        jp @read_file
041E37             0609*    
041E37             0610*    ; close the file
041E37             0611*    @close_file:
041E37 3A 40 1E 04 0612*        ld a,(@filehandle)
041E3B             0613*        MOSCALL mos_fclose
                       M1 Args: function=mos_fclose 
041E3B 3E 0B       0001*M1  			LD	A, function
041E3D 5B CF       0002*M1  			RST.LIL	08h
041E3F C9          0614*        ret ; vdu_load_buffer_from_file
041E40             0615*    
041E40 00          0616*    @filehandle: db 0 ; file handle
041E41 00 00 00    0617*    @fil: dl 0 ; pointer to FIL struct
041E44             0618*    
041E44 00 00 00    0619*    @chunkpointer: dl 0 ; pointer to current chunk
041E47             0620*    
041E47             0621*    ; File information structure (FILINFO)
041E47             0622*    @filinfo:
041E47 00 00 00 00 0623*    @filinfo_fsize:    blkb 4, 0   ; File size (4 bytes)
041E4B 00 00       0624*    @filinfo_fdate:    blkb 2, 0   ; Modified date (2 bytes)
041E4D 00 00       0625*    @filinfo_ftime:    blkb 2, 0   ; Modified time (2 bytes)
041E4F 00          0626*    @filinfo_fattrib:  blkb 1, 0   ; File attribute (1 byte)
041E50 00 00 00 00 0627*    @filinfo_altname:  blkb 13, 0  ; Alternative file name (13 bytes)
       00 00 00 00 
       00 00 00 00 
       00          
041E5D 00 00 00 00 0628*    @filinfo_fname:    blkb 256, 0 ; Primary file name (256 bytes)
       00 00 00 00 
       00 00 00 00 
       00 00 00 00 
       00 00 00 00 
       00 00 00 00 
       00 00 00 00 
       00 00 00 00 
       00 00 00 00 
       00 00 00 00 
       00 00 00 00 
       00 00 00 00 
       00 00 00 00 
       00 00 00 00 
       00 00 00 00 
       00 00 00 00 
       00 00 00 00 
       00 00 00 00 
       00 00 00 00 
       00 00 00 00 
       00 00 00 00 
       00 00 00 00 
       00 00 00 00 
       00 00 00 00 
       00 00 00 00 
       00 00 00 00 
       00 00 00 00 
       00 00 00 00 
       00 00 00 00 
       00 00 00 00 
       00 00 00 00 
       00 00 00 00 
       00 00 00 00 
       00 00 00 00 
       00 00 00 00 
       00 00 00 00 
       00 00 00 00 
       00 00 00 00 
       00 00 00 00 
       00 00 00 00 
       00 00 00 00 
       00 00 00 00 
       00 00 00 00 
       00 00 00 00 
       00 00 00 00 
       00 00 00 00 
       00 00 00 00 
       00 00 00 00 
       00 00 00 00 
       00 00 00 00 
       00 00 00 00 
       00 00 00 00 
       00 00 00 00 
       00 00 00 00 
       00 00 00 00 
       00 00 00 00 
       00 00 00 00 
       00 00 00 00 
       00 00 00 00 
       00 00 00 00 
       00 00 00 00 
       00 00 00 00 
       00 00 00 00 
       00 00 00 00 
041F5D             0040         include "vdu_buffered_api.inc"
041F5D             0001*    ; https://agonconsole8.github.io/agon-docs/vdp/Buffered-Commands-API/
041F5D             0002*    
041F5D             0003*    ; Command 0: Write block to a buffer
041F5D             0004*    ; VDU 23, 0, &A0, bufferId; 0, length; <buffer-data>
041F5D             0005*    ; inputs: hl = bufferId, bc = length of data, de = pointer to data
041F5D             0006*    vdu_write_block_to_buffer:
041F5D             0007*    ; back up input parameters
041F5D D5          0008*        push de ; pointer to data
041F5E C5          0009*        push bc ; length of data
041F5F             0010*    ; set up the vdu command string
041F5F 22 7F 1F 04 0011*        ld (@bufferId),hl
041F63 ED 43 82 1F 0012*        ld (@length),bc
       04          
041F68 AF          0013*        xor a ; load buffer
041F69 32 81 1F 04 0014*        ld (@bufferId+2),a
041F6D 21 7C 1F 04 0015*        ld hl,@cmd0
041F71 01 08 00 00 0016*        ld bc,@end0-@cmd0
041F75 5B DF       0017*        rst.lil $18
041F77             0018*    ; send the buffer data
041F77 C1          0019*        pop bc ; length of data
041F78 E1          0020*        pop hl ; pointer to data (was de)
041F79 5B DF       0021*        rst.lil $18 ; send it
041F7B C9          0022*        ret
041F7C             0023*    ; command string data
041F7C 17 00 A0    0024*    @cmd0:      db 23,0,0xA0
041F7F 00 00       0025*    @bufferId:	dw 0x0000
041F81 00          0026*                db 0 ; load buffer
041F82 00 00       0027*    @length:	dw 0x0000
041F84 00          0028*    @end0:      db 0x00 ; padding
041F85             0029*    ; end vdu_write_block_to_buffer
041F85             0030*    
041F85             0031*    ; Command 1: Call a buffer
041F85             0032*    ; VDU 23, 0, &A0, bufferId; 1
041F85             0033*    ; inputs: hl = bufferId
041F85             0034*    vdu_call_buffer:
041F85 22 9D 1F 04 0035*        ld (@bufferId),hl
041F89 3E 01       0036*        ld a,1 ; call buffer
041F8B 32 9F 1F 04 0037*        ld (@bufferId+2),a
041F8F 21 9A 1F 04 0038*        ld hl,@cmd
041F93 01 06 00 00 0039*        ld bc,@end-@cmd
041F97 5B DF       0040*        rst.lil $18
041F99 C9          0041*        ret
041F9A 17 00 A0    0042*    @cmd:     db 23,0,0xA0
041F9D 00 00       0043*    @bufferId: dw 0x0000
041F9F 01          0044*               db 1 ; call buffer
041FA0             0045*    @end:
041FA0             0046*    ; end vdu_call_buffer
041FA0             0047*    
041FA0             0048*    ; Command 2: Clear a buffer
041FA0             0049*    ; VDU 23, 0 &A0, bufferId; 2
041FA0             0050*    ; inputs: hl = bufferId
041FA0             0051*    vdu_clear_buffer:
041FA0 22 B8 1F 04 0052*        ld (@bufferId),hl
041FA4 3E 02       0053*        ld a,2 ; clear buffer
041FA6 32 BA 1F 04 0054*        ld (@bufferId+2),a
041FAA 21 B5 1F 04 0055*        ld hl,@cmd
041FAE 01 06 00 00 0056*        ld bc,@end-@cmd
041FB2 5B DF       0057*        rst.lil $18
041FB4 C9          0058*        ret
041FB5 17 00 A0    0059*    @cmd:     db 23,0,0xA0
041FB8 00 00       0060*    @bufferId: dw 0x0000
041FBA 02          0061*               db 2 ; clear buffer
041FBB             0062*    @end:
041FBB             0063*    ; end vdu_clear_buffer
041FBB             0064*    
041FBB             0065*    ; Clear all buffers
041FBB             0066*    ; inputs: none
041FBB             0067*    vdu_clear_all_buffers:
041FBB             0068*    ; clear all buffers
041FBB 21 C6 1F 04 0069*        ld hl,@beg
041FBF 01 06 00 00 0070*        ld bc,@end-@beg
041FC3 5B DF       0071*        rst.lil $18
041FC5 C9          0072*        ret
041FC6 17 00 A0    0073*    @beg: db 23,0,$A0
041FC9 FF FF       0074*          dw -1 ; bufferId -1 (65535) means clear all buffers
041FCB 02          0075*          db 2  ; command 2: clear a buffer
041FCC             0076*    @end:
041FCC             0077*    ; end vdu_clear_all_buffers
041FCC             0078*    
041FCC             0079*    ; Command 3: Create a writeable buffer
041FCC             0080*    ; VDU 23, 0 &A0, bufferId; 3, length;
041FCC             0081*    ; inputs: hl = bufferId, bc = length
041FCC             0082*    vdu_create_writeable_buffer:
041FCC 22 E9 1F 04 0083*        ld (@bufferId),hl
041FD0 ED 43 EC 1F 0084*        ld (@length),bc
       04          
041FD5 3E 03       0085*        ld a,3 ; create writeable buffer
041FD7 32 EB 1F 04 0086*        ld (@bufferId+2),a
041FDB 21 E6 1F 04 0087*        ld hl,@cmd
041FDF 01 08 00 00 0088*        ld bc,@end-@cmd
041FE3 5B DF       0089*        rst.lil $18
041FE5 C9          0090*        ret
041FE6 17 00 A0    0091*    @cmd:     db 23,0,0xA0
041FE9 00 00       0092*    @bufferId: dw 0x0000
041FEB 03          0093*               db 3 ; create writeable buffer
041FEC 00 00       0094*    @length: dw 0x0000
041FEE 00          0095*    @end:     db 0x00 ; padding
041FEF             0096*    ; end vdu_create_writeable_buffer
041FEF             0097*    
041FEF             0098*    ; Command 4: Set output stream to a buffer
041FEF             0099*    ; VDU 23, 0 &A0, bufferId; 4
041FEF             0100*    ; inputs: hl = bufferId
041FEF             0101*    vdu_set_output_stream_buffer:
041FEF 22 07 20 04 0102*        ld (@bufferId),hl
041FF3 3E 04       0103*        ld a,4 ; set output stream to buffer
041FF5 32 09 20 04 0104*        ld (@bufferId+2),a
041FF9 21 04 20 04 0105*        ld hl,@cmd
041FFD 01 06 00 00 0106*        ld bc,@end-@cmd
042001 5B DF       0107*        rst.lil $18
042003 C9          0108*        ret
042004 17 00 A0    0109*    @cmd:     db 23,0,0xA0
042007 00 00       0110*    @bufferId: dw 0x0000
042009 04          0111*               db 4 ; set output stream to buffer
04200A 00          0112*    @end:     db 0x00 ; padding
04200B             0113*    ; end vdu_set_output_stream_buffer
04200B             0114*    
04200B             0115*    ; Command 5: Adjust buffer contents
04200B             0116*    ; VDU 23, 0, &A0, bufferId; 5, operation, offset; [count;] <operand>, [arguments]
04200B             0117*    vdu_adjust_buffer:
04200B C9          0118*        ret ; TODO: implement
04200C             0119*    ; end vdu_adjust_buffer
04200C             0120*    
04200C             0121*    ; Command 6: Conditionally call a buffer
04200C             0122*    ; VDU 23, 0, &A0, bufferId; 6, operation, checkBufferId; checkOffset; [arguments]
04200C             0123*    vdu_call_buffer_conditional:
04200C C9          0124*        ret ; TODO: implement
04200D             0125*    ; end vdu_call_buffer_conditional
04200D             0126*    
04200D             0127*    ; Command 7: Jump to a buffer
04200D             0128*    ; VDU 23, 0, &A0, bufferId; 7
04200D             0129*    ; inputs: hl = bufferId
04200D             0130*    vdu_jump_to_buffer:
04200D 22 25 20 04 0131*        ld (@bufferId),hl
042011 3E 07       0132*        ld a,7 ; jump to buffer
042013 32 27 20 04 0133*        ld (@bufferId+2),a
042017 21 22 20 04 0134*        ld hl,@cmd
04201B 01 06 00 00 0135*        ld bc,@end-@cmd
04201F 5B DF       0136*        rst.lil $18
042021 C9          0137*        ret
042022 17 00 A0    0138*    @cmd:     db 23,0,0xA0
042025 00 00       0139*    @bufferId: dw 0x0000
042027 07          0140*               db 7 ; jump to buffer
042028 00          0141*    @end:     db 0x00 ; padding
042029             0142*    ; end vdu_jump_to_buffer
042029             0143*    
042029             0144*    ; Command 8: Conditional Jump to a buffer
042029             0145*    ; VDU 23, 0, &A0, bufferId; 8, operation, checkBufferId; checkOffset; [arguments]
042029             0146*    vdu_jump_to_buffer_conditional:
042029 C9          0147*        ret ; TODO: implement
04202A             0148*    ; end vdu_jump_to_buffer_conditional
04202A             0149*    
04202A             0150*    ; Command 9: Jump to an offset in a buffer
04202A             0151*    ; VDU 23, 0, &A0, bufferId; 9, offset; offsetHighByte, [blockNumber;]
04202A             0152*    vdu_jump_to_buffer_offset:
04202A C9          0153*        ret ; TODO: implement
04202B             0154*    ; end vdu_jump_to_buffer_offset
04202B             0155*    
04202B             0156*    ; Command 10: Conditional jump to an offset in a buffer
04202B             0157*    ; VDU 23, 0, &A0, bufferId; 10, offset; offsetHighByte, [blockNumber;] [arguments]
04202B             0158*    vdu_jump_to_buffer_offset_conditional:
04202B C9          0159*        ret ; TODO: implement
04202C             0160*    ; end vdu_jump_to_buffer_offset_conditional
04202C             0161*    
04202C             0162*    ; Command 11: Call buffer with an offset
04202C             0163*    ; VDU 23, 0, &A0, bufferId; 11, offset; offsetHighByte, [blockNumber;]
04202C             0164*    vdu_call_buffer_offset:
04202C C9          0165*        ret ; TODO: implement
04202D             0166*    ; end vdu_call_buffer_offset
04202D             0167*    
04202D             0168*    ; Command 64: Compress a buffer
04202D             0169*    ; VDU 23, 0, &A0, targetBufferId; 64, sourceBufferId;
04202D             0170*    ; inputs: hl = sourceBufferId, de = targetBufferId
04202D             0171*    vdu_compress_buffer:
04202D 22 4D 20 04 0172*        ld (@sourceBufferId),hl
042031 ED 53 4A 20 0173*        ld (@targetBufferId),de
       04          
042036 3E 40       0174*        ld a,64 ; compress buffer
042038 32 4C 20 04 0175*        ld (@sourceBufferId-1),a
04203C 21 47 20 04 0176*        ld hl,@cmd
042040 01 08 00 00 0177*        ld bc,@end-@cmd
042044 5B DF       0178*        rst.lil $18
042046 C9          0179*        ret
042047 17 00 A0    0180*    @cmd:     db 23,0,0xA0
04204A 00 00       0181*    @targetBufferId: dw 0x0000
04204C 40          0182*               db 64 ; compress buffer
04204D 00 00       0183*    @sourceBufferId: dw 0x0000
04204F 00          0184*    @end:     db 0x00 ; padding
042050             0185*    
042050             0186*    
042050             0187*    ; Command 65: Decompress a buffer
042050             0188*    ; VDU 23, 0, &A0, targetBufferId; 65, sourceBufferId;
042050             0189*    ; inputs: hl = sourceBufferId, de = targetBufferId
042050             0190*    vdu_decompress_buffer:
042050 22 70 20 04 0191*        ld (@sourceBufferId),hl
042054 ED 53 6D 20 0192*        ld (@targetBufferId),de
       04          
042059 3E 41       0193*        ld a,65 ; decompress buffer
04205B 32 6F 20 04 0194*        ld (@sourceBufferId-1),a
04205F 21 6A 20 04 0195*        ld hl,@cmd
042063 01 08 00 00 0196*        ld bc,@end-@cmd
042067 5B DF       0197*        rst.lil $18
042069 C9          0198*        ret
04206A 17 00 A0    0199*    @cmd:     db 23,0,0xA0
04206D 00 00       0200*    @targetBufferId: dw 0x0000
04206F 41          0201*               db 65 ; decompress buffer
042070 00 00       0202*    @sourceBufferId: dw 0x0000
042072 00          0203*    @end:     db 0x00 ; padding
042073             0041         include "vdu_fonts.inc"
042073             0001*    ; select font
042073             0002*    ; inputs: hl = bufferId, a = font flags
042073             0003*    ; Flags:
042073             0004*    ; Bit	Description
042073             0005*    ; 0	Adjust cursor position to ensure text baseline is aligned
042073             0006*    ;   0: Do not adjust cursor position (best for changing font on a new line)
042073             0007*    ;   1: Adjust cursor position (best for changing font in the middle of a line)
042073             0008*    ; 1-7	Reserved for future use
042073             0009*    ; VDU 23, 0, &95, 0, bufferId; flags: Select font
042073             0010*    vdu_font_select:
042073 22 8A 20 04 0011*        ld (@bufferId),hl
042077 32 8C 20 04 0012*        ld (@flags),a
04207B 21 86 20 04 0013*        ld hl,@cmd
04207F 01 07 00 00 0014*        ld bc,@end-@cmd
042083 5B DF       0015*        rst.lil $18
042085 C9          0016*        ret
042086 17 00 95 00 0017*    @cmd: db 23, 0, 0x95, 0
04208A 00 00       0018*    @bufferId: dw 0x0000
04208C 00          0019*    @flags: db 0x00
04208D             0020*    @end:
04208D             0021*    
04208D             0022*    ; create font from buffer
04208D             0023*    ; inputs: hl = bufferId, e = width, d = height, d = ascent, a = flags
04208D             0024*    ; VDU 23, 0, &95, 1, bufferId; width, height, ascent, flags: Create font from buffer
04208D             0025*    vdu_font_create:
04208D 22 B2 20 04 0026*        ld (@bufferId),hl
042091 ED 53 B4 20 0027*        ld (@width),de ; also loads height
       04          
042096 32 B7 20 04 0028*        ld (@flags),a
04209A 7A          0029*        ld a,d ; height
04209B 32 B6 20 04 0030*        ld (@ascent),a ; ascent = height
04209F             0031*    ; consolidate buffer
04209F CD B7 1D 04 0032*        call vdu_consolidate_buffer
0420A3             0033*    ; create font
0420A3 21 AE 20 04 0034*        ld hl,@cmd
0420A7 01 0A 00 00 0035*        ld bc,@end-@cmd
0420AB 5B DF       0036*        rst.lil $18
0420AD C9          0037*        ret
0420AE 17 00 95 01 0038*    @cmd: db 23, 0, 0x95, 1
0420B2 00 00       0039*    @bufferId: dw 0x0000
0420B4 00          0040*    @width: db 0x00
0420B5 00          0041*    @height: db 0x00
0420B6 00          0042*    @ascent: db 0x00
0420B7 00          0043*    @flags: db 0x00
0420B8             0044*    @end:
0420B8             0045*    
0420B8             0046*    ; set or adjust font property
0420B8             0047*    ; inputs: hl = bufferId, a = field, de = value
0420B8             0048*    ; VDU 23, 0, &95, 2, bufferId; field, value;: Set or adjust font property
0420B8             0049*    vdu_font_property:
0420B8 22 D4 20 04 0050*        ld (@bufferId),hl
0420BC 32 D6 20 04 0051*        ld (@field),a
0420C0 ED 53 D7 20 0052*        ld (@value),de
       04          
0420C5 21 D0 20 04 0053*        ld hl,@cmd
0420C9 01 09 00 00 0054*        ld bc,@end-@cmd
0420CD 5B DF       0055*        rst.lil $18
0420CF C9          0056*        ret
0420D0 17 00 95 02 0057*    @cmd: db 23, 0, 0x95, 2
0420D4 00 00       0058*    @bufferId: dw 0x0000
0420D6 00          0059*    @field: db 0x00
0420D7 00 00       0060*    @value: dw 0x0000
0420D9 00          0061*    @end: db 0x00 ; padding
0420DA             0062*    
0420DA             0063*    ; VDU 23, 0, &95, 3, bufferId; [<args>]: Reserved
0420DA             0064*    
0420DA             0065*    ; Clear/Delete font
0420DA             0066*    ; inputs: hl = bufferId
0420DA             0067*    ; VDU 23, 0, &95, 4, bufferId;: Clear/Delete font
0420DA             0068*    vdu_font_clear:
0420DA 22 ED 20 04 0069*        ld (@bufferId),hl
0420DE 21 E9 20 04 0070*        ld hl,@cmd
0420E2 01 06 00 00 0071*        ld bc,@end-@cmd
0420E6 5B DF       0072*        rst.lil $18
0420E8 C9          0073*        ret
0420E9 17 00 95 04 0074*    @cmd: db 23, 0, 0x95, 4
0420ED 00 00       0075*    @bufferId: dw 0x0000
0420EF 00          0076*    @end: db 0x00 ; padding
0420F0             0077*    
0420F0             0078*    ; Copy system font to buffer
0420F0             0079*    ; inputs: hl = bufferId
0420F0             0080*    ; VDU 23, 0, &95, 5, bufferId;: Copy system font to buffer
0420F0             0081*    vdu_font_copy_system:
0420F0 22 03 21 04 0082*        ld (@bufferId),hl
0420F4 21 FF 20 04 0083*        ld hl,@cmd
0420F8 01 06 00 00 0084*        ld bc,@end-@cmd
0420FC 5B DF       0085*        rst.lil $18
0420FE C9          0086*        ret
0420FF 17 00 95 05 0087*    @cmd: db 23, 0, 0x95, 5
042103 00 00       0088*    @bufferId: dw 0x0000
042105 00          0089*    @end: db 0x00 ; padding
042106             0042         include "vdu_plot.inc"
042106             0001*    ; https://agonconsole8.github.io/agon-docs/VDP---PLOT-Commands.html
042106             0002*    ; PLOT code 	(Decimal) 	Effect
042106             0003*    ; &00-&07 	0-7 	Solid line, includes both ends
042106             0004*    plot_sl_both: equ 0x00
042106             0005*    
042106             0006*    ; &08-&0F 	8-15 	Solid line, final point omitted
042106             0007*    plot_sl_first: equ 0x08
042106             0008*    
042106             0009*    ; &10-&17 	16-23 	Not supported (Dot-dash line, includes both ends, pattern restarted)
042106             0010*    ; &18-&1F 	24-31 	Not supported (Dot-dash line, first point omitted, pattern restarted)
042106             0011*    
042106             0012*    ; &20-&27 	32-39 	Solid line, first point omitted
042106             0013*    plot_sl_last: equ 0x20
042106             0014*    
042106             0015*    ; &28-&2F 	40-47 	Solid line, both points omitted
042106             0016*    plot_sl_none: equ 0x28
042106             0017*    
042106             0018*    ; &30-&37 	48-55 	Not supported (Dot-dash line, first point omitted, pattern continued)
042106             0019*    ; &38-&3F 	56-63 	Not supported (Dot-dash line, both points omitted, pattern continued)
042106             0020*    
042106             0021*    ; &40-&47 	64-71 	Point plot
042106             0022*    plot_pt: equ 0x40
042106             0023*    
042106             0024*    ; &48-&4F 	72-79 	Line fill left and right to non-background §§
042106             0025*    plot_lf_lr_non_bg: equ 0x48
042106             0026*    
042106             0027*    ; &50-&57 	80-87 	Triangle fill
042106             0028*    plot_tf: equ 0x50
042106             0029*    
042106             0030*    ; &58-&5F 	88-95 	Line fill right to background §§
042106             0031*    plot_lf_r_bg: equ 0x58
042106             0032*    
042106             0033*    ; &60-&67 	96-103 	Rectangle fill
042106             0034*    plot_rf: equ 0x60
042106             0035*    
042106             0036*    ; &68-&6F 	104-111 	Line fill left and right to foreground §§
042106             0037*    plot_lf_lr_fg: equ 0x60
042106             0038*    
042106             0039*    ; &70-&77 	112-119 	Parallelogram fill
042106             0040*    plot_pf: equ 0x70
042106             0041*    
042106             0042*    ; &78-&7F 	120-127 	Line fill right to non-foreground §§
042106             0043*    plot_lf_r_non_fg: equ 0x78
042106             0044*    
042106             0045*    ; &80-&87 	128-135 	Not supported (Flood until non-background)
042106             0046*    ; &88-&8F 	136-143 	Not supported (Flood until foreground)
042106             0047*    
042106             0048*    ; &90-&97 	144-151 	Circle outline
042106             0049*    plot_co: equ 0x90
042106             0050*    
042106             0051*    ; &98-&9F 	152-159 	Circle fill
042106             0052*    plot_cf: equ 0x98
042106             0053*    
042106             0054*    ; &A0-&A7 	160-167 	Not supported (Circular arc)
042106             0055*    ; &A8-&AF 	168-175 	Not supported (Circular segment)
042106             0056*    ; &B0-&B7 	176-183 	Not supported (Circular sector)
042106             0057*    
042106             0058*    ; &B8-&BF 	184-191 	Rectangle copy/move
042106             0059*    plot_rcm: equ 0xB8
042106             0060*    
042106             0061*    ; &C0-&C7 	192-199 	Not supported (Ellipse outline)
042106             0062*    ; &C8-&CF 	200-207 	Not supported (Ellipse fill)
042106             0063*    ; &D0-&D7 	208-215 	Not defined
042106             0064*    ; &D8-&DF 	216-223 	Not defined
042106             0065*    ; &E0-&E7 	224-231 	Not defined
042106             0066*    
042106             0067*    ; &E8-&EF 	232-239 	Bitmap plot §
042106             0068*    plot_bmp: equ 0xE8
042106             0069*    
042106             0070*    ; &F0-&F7 	240-247 	Not defined
042106             0071*    ; &F8-&FF 	248-255 	Not defined
042106             0072*    
042106             0073*    ; § Support added in Agon Console8 VDP 2.1.0 §§ Support added in
042106             0074*    ; Agon Console8 VDP 2.2.0
042106             0075*    
042106             0076*    ; Within each group of eight plot codes, the effects are as follows:
042106             0077*    ; Plot code 	Effect
042106             0078*    ; 0 	Move relative
042106             0079*    mv_rel: equ 0
042106             0080*    
042106             0081*    ; 1 	Plot relative in current foreground colour
042106             0082*    dr_rel_fg: equ 1
042106             0083*    
042106             0084*    ; 2 	Not supported (Plot relative in logical inverse colour)
042106             0085*    ; 3 	Plot relative in current background colour
042106             0086*    dr_rel_bg: equ 3
042106             0087*    
042106             0088*    ; 4 	Move absolute
042106             0089*    mv_abs: equ 4
042106             0090*    
042106             0091*    ; 5 	Plot absolute in current foreground colour
042106             0092*    dr_abs_fg: equ 5
042106             0093*    
042106             0094*    ; 6 	Not supported (Plot absolute in logical inverse colour)
042106             0095*    ; 7 	Plot absolute in current background colour
042106             0096*    dr_abs_bg: equ 7
042106             0097*    
042106             0098*    ; Codes 0-3 use the position data provided as part of the command
042106             0099*    ; as a relative position, adding the position given to the current
042106             0100*    ; graphical cursor position. Codes 4-7 use the position data provided
042106             0101*    ; as part of the command as an absolute position, setting the current
042106             0102*    ; graphical cursor position to the position given.
042106             0103*    
042106             0104*    ; Codes 2 and 6 on Acorn systems plot using a logical inverse of the
042106             0105*    ; current pixel colour. These operations cannot currently be supported
042106             0106*    ; by the graphics system the Agon VDP uses, so these codes are not
042106             0107*    ; supported. Support for these codes may be added in a future version
042106             0108*    ; of the VDP firmware.
042106             0109*    
042106             0110*    ; 16 colour palette constants
042106             0111*    c_black: equ 0
042106             0112*    c_red_dk: equ 1
042106             0113*    c_green_dk: equ 2
042106             0114*    c_yellow_dk: equ 3
042106             0115*    c_blue_dk: equ 4
042106             0116*    c_magenta_dk: equ 5
042106             0117*    c_cyan_dk: equ 6
042106             0118*    c_grey: equ 7
042106             0119*    c_grey_dk: equ 8
042106             0120*    c_red: equ 9
042106             0121*    c_green: equ 10
042106             0122*    c_yellow: equ 11
042106             0123*    c_blue: equ 12
042106             0124*    c_magenta: equ 13
042106             0125*    c_cyan: equ 14
042106             0126*    c_white: equ 15
042106             0127*    
042106             0128*    ; GCOL paint modes
042106             0129*    ; The GCOL command (VDU 18, mode, colour) is used to set the paint mode for the PLOT
042106             0130*    ; command. The paint mode is used to control how the PLOT command interacts with the
042106             0131*    ; existing pixels on the screen.
042106             0132*    gcol_mode_col: equ %000000000 ; Set on-screen pixel to target colour value
042106             0133*    gcol_mode_or: equ %000000001 ; OR value with the on-screen pixel
042106             0134*    gcol_mode_and: equ %000000010 ; AND value with the on-screen pixel
042106             0135*    gcol_mode_xor: equ %000000011 ; EOR value with the on-screen pixel
042106             0136*    gcol_mode_inv: equ %000000100 ; Invert the on-screen pixel
042106             0137*    gcol_mode_non: equ %000000101 ; No operation
042106             0138*    gcol_mode_and_inv: equ %000000110 ; AND the inverse of the specified colour with the on-screen pixel
042106             0139*    gcol_mode_or_inv: equ %000000111 ; OR the inverse of the specified colour with the on-screen pixel
042106             0140*    
042106             0141*    ; VDU 25, mode, x; y;: PLOT command
042106             0142*    ; inputs: a=mode, bc=x0, de=y0
042106             0143*    vdu_plot:
042106 32 20 21 04 0144*        ld (@mode),a
04210A ED 43 21 21 0145*        ld (@x0),bc
       04          
04210F ED 53 23 21 0146*        ld (@y0),de
       04          
042114 21 1F 21 04 0147*    	ld hl,@cmd
042118 01 06 00 00 0148*    	ld bc,@end-@cmd
04211C 5B DF       0149*    	rst.lil $18
04211E C9          0150*    	ret
04211F 19          0151*    @cmd:   db 25
042120 00          0152*    @mode:  db 0
042121 00 00       0153*    @x0: 	dw 0
042123 00 00       0154*    @y0: 	dw 0
042125 00          0155*    @end:   db 0 ; extra byte to soak up deu
042126             0156*    
042126             0157*    ; https://agonconsole8.github.io/agon-docs/VDP---PLOT-Commands.html
042126             0158*    ; &E8-&EF 	232-239 	Bitmap plot §
042126             0159*    ; VDU 25, mode, x; y;: PLOT command
042126             0160*    ; inputs: bc=x0, de=y0
042126             0161*    ; prerequisites: vdu_buff_select
042126             0162*    vdu_plot_bmp:
042126 ED 43 3D 21 0163*        ld (@x0),bc
       04          
04212B ED 53 3F 21 0164*        ld (@y0),de
       04          
042130 21 3B 21 04 0165*    	ld hl,@cmd
042134 01 06 00 00 0166*    	ld bc,@end-@cmd
042138 5B DF       0167*    	rst.lil $18
04213A C9          0168*    	ret
04213B 19          0169*    @cmd:   db 25
04213C ED          0170*    @mode:  db plot_bmp+dr_abs_fg ; 0xED
04213D 00 00       0171*    @x0: 	dw 0x0000
04213F 00 00       0172*    @y0: 	dw 0x0000
042141 00          0173*    @end:   db 0x00 ; padding
042142             0174*    
042142             0175*    ; https://agonconsole8.github.io/agon-docs/VDP---PLOT-Commands.html
042142             0176*    ; &E8-&EF 	232-239 	Bitmap plot §
042142             0177*    ; VDU 25, mode, x; y;: PLOT command
042142             0178*    ; inputs: bc=x0, de=y0
042142             0179*    ; USING 16.8 FIXED POINT COORDINATES
042142             0180*    ; inputs: ub.c is x coordinate, ud.e is y coordinate
042142             0181*    ;   the fractional portiion of the inputs are truncated
042142             0182*    ;   leaving only the 16-bit integer portion
042142             0183*    ; prerequisites: vdu_buff_select
042142             0184*    vdu_plot_bmp168:
042142             0185*    ; populate in the reverse of normal to keep the
042142             0186*    ; inputs from stomping on each other
042142 ED 53 60 21 0187*        ld (@y0-1),de
       04          
042147 ED 43 5E 21 0188*        ld (@x0-1),bc
       04          
04214C 3E ED       0189*        ld a,plot_bmp+dr_abs_fg ; 0xED
04214E 32 5E 21 04 0190*        ld (@mode),a ; restore the mode byte that got stomped on by bcu
042152 21 5D 21 04 0191*    	ld hl,@cmd
042156 01 06 00 00 0192*    	ld bc,@end-@cmd
04215A 5B DF       0193*    	rst.lil $18
04215C C9          0194*    	ret
04215D 19          0195*    @cmd:   db 25
04215E ED          0196*    @mode:  db plot_bmp+dr_abs_fg ; 0xED
04215F 00 00       0197*    @x0: 	dw 0x0000
042161 00 00       0198*    @y0: 	dw 0x0000
042163             0199*    @end:  ; no padding required b/c we shifted de right
042163             0200*    
042163             0201*    ; draw a filled rectangle
042163             0202*    vdu_plot_rf:
042163 ED 43 8A 21 0203*        ld (@x0),bc
       04          
042168 ED 53 8C 21 0204*        ld (@y0),de
       04          
04216D DD 22 90 21 0205*        ld (@x1),ix
       04          
042172 FD 22 92 21 0206*        ld (@y1),iy
       04          
042177 3E 19       0207*        ld a,25 ; we have to reload the 2nd plot command
042179 32 8E 21 04 0208*        ld (@cmd1),a ; because the 24-bit y0 load stomped on it
04217D 21 88 21 04 0209*    	ld hl,@cmd0
042181 01 0C 00 00 0210*    	ld bc,@end-@cmd0
042185 5B DF       0211*    	rst.lil $18
042187 C9          0212*        ret
042188 19          0213*    @cmd0:  db 25 ; plot
042189 04          0214*    @arg0:  db plot_sl_both+mv_abs
04218A 00 00       0215*    @x0:    dw 0x0000
04218C 00 00       0216*    @y0:    dw 0x0000
04218E 19          0217*    @cmd1:  db 25 ; plot
04218F 65          0218*    @arg1:  db plot_rf+dr_abs_fg
042190 00 00       0219*    @x1:    dw 0x0000
042192 00 00       0220*    @y1:    dw 0x0000
042194 00          0221*    @end:   db 0x00 ; padding
042195             0222*    
042195             0223*    ; draw a filled circle
042195             0224*    vdu_plot_cf:
042195 ED 43 BC 21 0225*        ld (@x0),bc
       04          
04219A ED 53 BE 21 0226*        ld (@y0),de
       04          
04219F DD 22 C2 21 0227*        ld (@x1),ix
       04          
0421A4 FD 22 C4 21 0228*        ld (@y1),iy
       04          
0421A9 3E 19       0229*        ld a,25 ; we have to reload the 2nd plot command
0421AB 32 C0 21 04 0230*        ld (@cmd1),a ; because the 24-bit y0 load stomped on it
0421AF 21 BA 21 04 0231*    	ld hl,@cmd0
0421B3 01 0C 00 00 0232*    	ld bc,@end-@cmd0
0421B7 5B DF       0233*    	rst.lil $18
0421B9 C9          0234*        ret
0421BA 19          0235*    @cmd0:  db 25 ; plot
0421BB 04          0236*    @arg0:  db plot_sl_both+mv_abs
0421BC 00 00       0237*    @x0:    dw 0x0000
0421BE 00 00       0238*    @y0:    dw 0x0000
0421C0 19          0239*    @cmd1:  db 25 ; plot
0421C1 9D          0240*    @arg1:  db plot_cf+dr_abs_fg
0421C2 00 00       0241*    @x1:    dw 0x0000
0421C4 00 00       0242*    @y1:    dw 0x0000
0421C6 00          0243*    @end:   db 0x00 ; padding
0421C7             0043         include "vdu_sound.inc"
0421C7             0001*    ; enable sound channels
0421C7             0002*    ; inputs: a = total num channels to be enabled
0421C7             0003*    ; returns: nothing
0421C7             0004*    ; destroys: af, bc, hl
0421C7             0005*    vdu_enable_channels:
0421C7 3D          0006*        dec a ; channels are zero-based
0421C8             0007*    @loop:
0421C8 32 E1 21 04 0008*        ld (@channel),a
0421CC 21 DE 21 04 0009*        ld hl,@beg
0421D0 01 05 00 00 0010*        ld bc,@end-@beg
0421D4 F5          0011*        push af
0421D5 5B DF       0012*        rst.lil $18
0421D7 F1          0013*        pop af
0421D8 3D          0014*        dec a
0421D9 C2 C8 21 04 0015*        jp nz,@loop
0421DD C9          0016*        ret
0421DE             0017*    @beg:
0421DE 17 00 85    0018*                db 23, 0, $85
0421E1 00          0019*    @channel:   db 0
0421E2 08          0020*                db 8 ; command 8: enable channel
0421E3             0021*    @end:
0421E3             0022*    
0421E3             0023*    ; disable all but the three default sound channels
0421E3             0024*    ; inputs: max_channels set
0421E3             0025*    ; outputs: none
0421E3             0026*    ; destroys: ah,hl,bc
0421E3             0027*    vdu_disable_channels:
0421E3 3E 01       0028*        ld a,max_channels
0421E5 D6 03       0029*        sub 3 ; subtract number of default channels already enabled
0421E7 F2 EE 21 04 0030*        jp p,@loop
0421EB C9          0031*        ret
0421EC 3E 03       0032*        ld a,3 ; first non-default channel
0421EE             0033*    @loop:
0421EE 32 09 22 04 0034*        ld (@channel),a
0421F2 21 06 22 04 0035*        ld hl,@beg
0421F6 01 05 00 00 0036*        ld bc,@end-@beg
0421FA F5          0037*        push af
0421FB 5B DF       0038*        rst.lil $18
0421FD F1          0039*        pop af
0421FE 3C          0040*        inc a
0421FF FE 01       0041*        cp max_channels
042201 C2 EE 21 04 0042*        jp nz,@loop
042205 C9          0043*        ret
042206             0044*    @beg:
042206 17 00 85    0045*        db 23, 0, $85
042209 00          0046*    @channel: db 0
04220A 09          0047*        db 9 ; command 9: disable channel
04220B             0048*    @end:
04220B             0049*    
04220B             0050*    
04220B             0051*    ; ############################################################
04220B             0052*    ; VDU SOUND API
04220B             0053*    ; ############################################################
04220B             0054*    ; Command 0: Play note
04220B             0055*    ; VDU 23, 0, &85, channel, 0, volume, frequency; duration;
04220B             0056*        MACRO PLAY_NOTE channel, volume, frequency, duration
04220B             0057*        ld hl, @PLAY_NOTE_CMD        ; Start of command block
04220B             0058*        ld bc, @PLAY_NOTE_END - @PLAY_NOTE_CMD  ; Command block size
04220B             0059*        rst.lil $18
04220B             0060*        jr @PLAY_NOTE_END
04220B             0061*    @PLAY_NOTE_CMD:  db 23, 0, 0x85               ; Command header
04220B             0062*                     db channel                  ; Channel, 0 (commented out)
04220B             0063*                     db 0                        ; Play note command
04220B             0064*                     db volume                   ; Volume
04220B             0065*                     dw frequency                ; Frequency
04220B             0066*                     dw duration                 ; Duration
04220B             0067*    @PLAY_NOTE_END:
04220B             0068*        ENDMACRO
04220B             0069*    
04220B             0070*        MACRO MUTE_CHANNEL channel
04220B             0071*        ld hl, @MUTE_CHANNEL_CMD     ; Start of command block
04220B             0072*        ld bc, @MUTE_CHANNEL_END - @MUTE_CHANNEL_CMD  ; Command block size
04220B             0073*        rst.lil $18
04220B             0074*        jr @MUTE_CHANNEL_END
04220B             0075*    @MUTE_CHANNEL_CMD: db 23, 0, 0x85             ; Command header
04220B             0076*                       db channel                ; Channel, 0 (commented out)
04220B             0077*                       db 2                      ; Set volume command
04220B             0078*                       db 0                      ; Volume (mute)
04220B             0079*    @MUTE_CHANNEL_END:
04220B             0080*        ENDMACRO
04220B             0081*    
04220B             0082*    ; inputs: c = channel, b = volume, hl = frequency; de = duration;
04220B             0083*    vdu_play_note:
04220B 79          0084*        ld a,c
04220C 32 2C 22 04 0085*        ld (@channel),a
042210 78          0086*        ld a,b
042211 32 2E 22 04 0087*        ld (@volume),a
042215 22 2F 22 04 0088*        ld (@frequency),hl
042219 ED 53 31 22 0089*        ld (@duration),de
       04          
04221E 21 29 22 04 0090*        ld hl,@cmd
042222 01 0A 00 00 0091*        ld bc,@end-@cmd
042226 5B DF       0092*        rst.lil $18
042228 C9          0093*        ret
042229 17 00 85    0094*    @cmd:       db 23, 0, 0x85
04222C 00          0095*    @channel:   db 0x00
04222D 00          0096*                db 0x00 ; play note command
04222E 00          0097*    @volume:    db 0x00
04222F 00 00       0098*    @frequency: dw 0x0000
042231 00 00       0099*    @duration:  dw 0x0000
042233 00          0100*    @end:       db 0x00 ; padding
042234             0101*    
042234             0102*    ; Command 1: Status
042234             0103*    ; VDU 23, 0, &85, channel, 1
042234             0104*    ; inputs: a = channel
042234             0105*    ; Returns a bit mask indicating the status of the specified channel, or 255 if the channel is not valid, or has been disabled. The bit mask is as follows:
042234             0106*    ; Bit 	Name 	Meaning
042234             0107*    ; 0 	Active 	When set this indicates the channel is in use (has an active waveform)
042234             0108*    ; 1 	Playing 	Indicates the channel is actively playing a note, and thus will reject calls to play a new note
042234             0109*    ; 2 	Indefinite 	Set if the channel is playing an indefinite duration note
042234             0110*    ; 3 	Has Volume Envelope 	Set if the channel has a volume envelope
042234             0111*    ; 4 	Has Frequency Envelope 	Set if the channel has a frequency envelope
042234             0112*    
042234             0113*    ; Bits 5-7 are reserved for future use and, for enabled channels, will currently always be zero.
042234             0114*    vdu_channel_status:
042234 32 46 22 04 0115*        ld (@channel),a
042238 21 43 22 04 0116*        ld hl,@cmd
04223C 01 05 00 00 0117*        ld bc,@end-@cmd
042240 5B DF       0118*        rst.lil $18
042242 C9          0119*        ret
042243 17 00 85    0120*    @cmd:       db 23, 0, 0x85
042246 00          0121*    @channel:   db 0x00
042247 01          0122*                db 0x01 ; get channel status command
042248             0123*    @end:
042248             0124*    
042248             0125*    ; VDU 23, 0, &85, channel, 2, volume
042248             0126*    ; inputs: c = channel, b = volume
042248             0127*    ; Sets the volume of the specified channel. The volume is a value from 0 to 127, where 0 is silent and 127 is full volume. Values over 127 will be treated as 127 (with one exception described later).
042248             0128*    
042248             0129*    ; Specifying a channel of -1 (or 255) will set the global sound system volume level. (Requires Console8 VDP 2.5.0 or later.)
042248             0130*    
042248             0131*    ; Using this command provides more direct control over a channel than the play note command. It can be used to adjust the volume of a channel that is already playing a note.
042248             0132*    vdu_channel_volume:
042248 79          0133*        ld a,c
042249 32 60 22 04 0134*        ld (@channel),a
04224D 78          0135*        ld a,b
04224E 32 62 22 04 0136*        ld (@volume),a
042252 21 5D 22 04 0137*        ld hl,@cmd
042256 01 06 00 00 0138*        ld bc,@end-@cmd
04225A 5B DF       0139*        rst.lil $18
04225C C9          0140*        ret
04225D 17 00 85    0141*    @cmd:       db 23, 0, 0x85
042260 00          0142*    @channel:   db 0x00
042261 02          0143*                db 0x02 ; set volume command
042262 00          0144*    @volume:    db 0x00
042263             0145*    @end:
042263             0146*    
042263             0147*    ; Command 10: Reset channel
042263             0148*    ; VDU 23, 0, &85, channel, 10
042263             0149*    ; inputs: c = channel
042263             0150*    vdu_reset_channel:
042263 79          0151*        ld a,c
042264 32 76 22 04 0152*        ld (@channel),a
042268 21 73 22 04 0153*        ld hl,@cmd
04226C 01 05 00 00 0154*        ld bc,@end-@cmd
042270 5B DF       0155*        rst.lil $18
042272 C9          0156*        ret
042273 17 00 85    0157*    @cmd:       db 23, 0, 0x85
042276 00          0158*    @channel:   db 0x00
042277 0A          0159*                db 10 ; reset channel command
042278             0160*    @end:
042278             0161*    
042278             0162*    ; VDU 23, 0, &85, channel, 3, frequency;
042278             0163*    
042278             0164*    ; Sets the frequency of the specified channel. The frequency is a 16-bit value specifying in Hz the frequency of the note to be played.
042278             0165*    
042278             0166*    ; Using this command provides more direct control over a channel than the play note command. It can be used to adjust the frequency of a channel that is already playing a note.
042278             0167*    
042278             0168*    ; Returns 1 on success, 0 for failure.
042278             0169*    vdu_channel_frequency:
042278 79          0170*        ld a,c
042279 32 90 22 04 0171*        ld (@channel),a
04227D ED 53 92 22 0172*        ld (@frequency),de
       04          
042282 21 8D 22 04 0173*        ld hl,@cmd
042286 01 07 00 00 0174*        ld bc,@end-@cmd
04228A 5B DF       0175*        rst.lil $18
04228C C9          0176*        ret
04228D 17 00 85    0177*    @cmd:       db 23, 0, 0x85
042290 00          0178*    @channel:   db 0x00
042291 03          0179*                db 0x03 ; set frequency command
042292 00 00       0180*    @frequency: dw 0x0000
042294 00          0181*    @end:       db 0x00 ; padding
042295             0182*    
042295             0183*    
042295             0184*    ; VDU 23, 0, &85, channel, 4, waveformOrSample, [bufferId;]
042295             0185*    ; inputs: c = channel, b = waveformOrSample, [hl = bufferId]
042295             0186*    ; Sets the waveform type for a channel to use. The waveformOrSample value is a single byte treated as a signed value.
042295             0187*    
042295             0188*    ; Using a negative value for the waveform indicates that a sample should be used instead. For more information see the documentation for the sample command.
042295             0189*    
042295             0190*    ; By default a channel is set to use waveform 0 (square wave).
042295             0191*    
042295             0192*    ; Valid waveform values are as follows:
042295             0193*    ; Value 	Waveform
042295             0194*    ; 0 	Square wave
042295             0195*    ; 1 	Triangle wave
042295             0196*    ; 2 	Sawtooth wave
042295             0197*    ; 3 	Sine wave
042295             0198*    ; 4 	Noise (simple white noise with no frequency support)
042295             0199*    ; 5 	VIC Noise (emulates a VIC6561; supports frequency)
042295             0200*    ; 8 	Sample (specifying a 16-bit buffer ID for sample data)
042295             0201*    
042295             0202*    vdu_channel_waveform:
042295 79          0203*        ld a,c
042296 32 BB 22 04 0204*        ld (@channel),a
04229A 78          0205*        ld a,b
04229B 32 BD 22 04 0206*        ld (@waveform),a
04229F FE 08       0207*        cp 8 ; check if the waveform is a sample
0422A1 28 06       0208*        jr z, @sample
0422A3 01 06 00 00 0209*        ld bc,@bufferId-@cmd
0422A7 18 08       0210*        jr @sendToVdu
0422A9             0211*    @sample:
0422A9 22 BE 22 04 0212*        ld (@bufferId),hl
0422AD 01 08 00 00 0213*        ld bc,@end-@cmd
0422B1             0214*    @sendToVdu:
0422B1 21 B8 22 04 0215*        ld hl,@cmd
0422B5 5B DF       0216*        rst.lil $18
0422B7 C9          0217*        ret
0422B8 17 00 85    0218*    @cmd:       db 23, 0, 0x85
0422BB 00          0219*    @channel:   db 0x00
0422BC 04          0220*                db 0x04 ; set waveform command
0422BD 00          0221*    @waveform:  db 0x00
0422BE 00 00       0222*    @bufferId:  dw 0x0000
0422C0 00          0223*    @end:       db 0x00 ; padding
0422C1             0224*    
0422C1             0225*    ; VDU 23, 0, &85, channel (ignored), 5, 2, bufferId; format, [sampleRate;]
0422C1             0226*    ; inputs: hl = bufferId; a = format, de = sample rate in Hz
0422C1             0227*    ; The format is a single byte giving the format of the sample data. The following formats are supported:
0422C1             0228*    ; Value	Description
0422C1             0229*    ; 0	8-bit signed
0422C1             0230*    ; 1	8-bit unsigned
0422C1             0231*    ; The format value can also have modifier bits set to modify the behaviour of the sample. The following modifier bits are supported:
0422C1             0232*    ; Value	Description
0422C1             0233*    ; 8	sample rate is sent in the next 16-bits
0422C1             0234*    ; 16	sample is tuneable
0422C1             0235*    ; The default sample rate for samples on the VDP is 16kHz (actually 16.384kHz to be precise).
0422C1             0236*    vdu_buffer_to_sound:
0422C1 22 E1 22 04 0237*        ld (@bufferId),hl
0422C5 C6 08       0238*        add a,8 ; modify format byte to indicate sample rate argument is given
0422C7 32 E3 22 04 0239*        ld (@format),a
0422CB ED 53 E4 22 0240*        ld (@sampleRate),de
       04          
0422D0 21 DB 22 04 0241*        ld hl,@cmd
0422D4 01 0B 00 00 0242*        ld bc,@end-@cmd
0422D8 5B DF       0243*        rst.lil $18
0422DA C9          0244*        ret
0422DB 17 00 85    0245*    @cmd:       db 23, 0, 0x85
0422DE 00          0246*    @channel:   db 0x00 ; ignored
0422DF 05          0247*                db 0x05 ; buffer to sound command
0422E0 02          0248*                db 0x02 ; command 2 create sample
0422E1 00 00       0249*    @bufferId:  dw 0x0000
0422E3 00          0250*    @format:    db 0x00
0422E4 00 00       0251*    @sampleRate: dw 0x0000
0422E6 00          0252*    @end:       db 0x00 ; padding
0422E7             0253*    
0422E7             0254*    ; load a sound file to a buffer
0422E7             0255*    ; inputs: hl = bufferId ; de = sampleRate in Hz ; iy = pointer to filename
0422E7             0256*    vdu_load_sfx:
0422E7             0257*    ; back up input parameters
0422E7 E5          0258*        push hl ; bufferId
0422E8 D5          0259*        push de ; sample rate
0422E9             0260*    ; load the sound
0422E9 CD F4 1D 04 0261*        call vdu_load_buffer_from_file
0422ED             0262*    ; now make the buffer a sound sample
0422ED D1          0263*        pop de ; sample rate
0422EE E1          0264*        pop hl ; bufferId
0422EF AF          0265*        xor a ; zero is the magic number for mono 8-bit signed PCM
0422F0 CD C1 22 04 0266*        call vdu_buffer_to_sound
0422F4 C9          0267*        ret
0422F5             0268*    
0422F5             0269*    
0422F5 00          0270*    last_channel: db 0
0422F6             0271*    max_channels: equ 1
0422F6             0272*    
0422F6             0273*    ; play a sound effect from an already loaded buffer
0422F6             0274*    ; inputs: hl = bufferId ; bc = duration in milliseconds
0422F6             0275*    vdu_play_sfx:
0422F6 22 2E 23 04 0276*        ld (@bufferId),hl
0422FA ED 43 38 23 0277*        ld (@duration),bc
       04          
0422FF 3E 17       0278*        ld a,23
042301 32 30 23 04 0279*        ld (@bufferId+2),a
042305 3A F5 22 04 0280*        ld a,(last_channel)
042309 3C          0281*        inc a
04230A             0282*        ; and 31 ; modulo 32
04230A FE 01       0283*        cp max_channels
04230C C2 11 23 04 0284*        jp nz,@load_channel
042310 AF          0285*        xor a
042311             0286*    @load_channel:
042311 32 F5 22 04 0287*        ld (last_channel),a
042315 32 2B 23 04 0288*        ld (@channel0),a
042319 32 33 23 04 0289*        ld (@channel1),a
04231D 21 28 23 04 0290*        ld hl, @sample
042321 01 12 00 00 0291*        ld bc, @sample_end - @sample
042325 5B DF       0292*        rst.lil $18
042327 C9          0293*        ret
042328             0294*    @sample:
042328             0295*    ; Command 4: Set waveform
042328             0296*    ; VDU 23, 0, &85, channel, 4, waveformOrSample, [bufferId;]
042328 17 00 85    0297*        .db 23,0,$85                        ; do sound
04232B             0298*    @channel0:
04232B 00 04 08    0299*        .db 0,4,8 ; channel, command, waveform
04232E             0300*    @bufferId:
04232E 00 00       0301*        .dw 0x0000
042330             0302*    ; Command 0: Play note
042330             0303*    ; VDU 23, 0, &85, channel, 0, volume, frequency; duration;
042330 17 00 85    0304*        .db 23,0,$85                        ; do sound
042333             0305*    @channel1:
042333 00 00 7F    0306*        .db 0,0,127                ; channel, volume
042336 00 00       0307*        .dw 0
042338             0308*    @duration:                              ; freq (tuneable samples only)
042338 00 00       0309*        .dw 0x0000                        ; duration
04233A             0310*    @sample_end:
04233A 00          0311*        .db 0x00 ; padding
04233B             0312*    
04233B             0313*    ; inputs: c = channel, b = volume, de = sample rate; hl = bufferId;
04233B             0314*    vdu_play_sample:
04233B             0315*        ; populate input parameters
04233B 79          0316*        ld a,c
04233C 32 6E 23 04 0317*        ld (@channel0),a
042340 32 76 23 04 0318*        ld (@channel1),a
042344 32 7D 23 04 0319*        ld (@channel2),a
042348 78          0320*        ld a,b
042349 32 7F 23 04 0321*        ld (@volume),a
04234D ED 53 78 23 0322*        ld (@sampleRate),de
       04          
042352 22 71 23 04 0323*        ld (@bufferId),hl
042356 3E 17       0324*        ld a,23
042358 32 73 23 04 0325*        ld (@cmd1),a
04235C 32 7A 23 04 0326*        ld (@cmd2),a
042360             0327*        ; prep the vdu command string
042360 21 6B 23 04 0328*        ld hl, @cmd0
042364 01 19 00 00 0329*        ld bc, @end - @cmd0
042368 5B DF       0330*        rst.lil $18
04236A C9          0331*        ret
04236B             0332*    ; set waveform command
04236B 17 00 85    0333*    @cmd0:       db 23, 0, 0x85
04236E 00          0334*    @channel0:   db 0x00
04236F 04          0335*                 db 0x04 ; set waveform command
042370 08          0336*    @waveform:   db 0x08 ; sample
042371 00 00       0337*    @bufferId:   dw 0x0000
042373             0338*    ; set sample rate command
042373 17 00 85    0339*    @cmd1:       db 23, 0, 0x85
042376 00          0340*    @channel1:   db 0x00
042377 0D          0341*                db 13 ; set sample rate command
042378 00 00       0342*    @sampleRate: dw 0x0000
04237A             0343*    ; play note command
04237A 17 00 85    0344*    @cmd2:       db 23, 0, 0x85
04237D 00          0345*    @channel2:   db 0x00
04237E 00          0346*                 db 0x00 ; play note command
04237F 00          0347*    @volume:     db 0x00
042380 00 00       0348*    @frequency:  dw 0x00 ; no effect unless buffer has been set to tuneable sample
042382 00 00       0349*    @duration:   dw 0x0000 ; milliseconds: set to -1 to loop indefinitely, 0 to play full duration once
042384 00          0350*    @end:        db 0x00 ; padding
042385             0044     
042385             0045         include "fpp.inc"
042385             0001*    ;
042385             0002*    ; Title:	BBC Basic Interpreter - Z80 version
042385             0003*    ;		Z80 Floating Point Package
042385             0004*    ; Author:	(C) Copyright  R.T.Russell  1986
042385             0005*    ; Modified By:	Dean Belfield
042385             0006*    ; Created:	03/05/2022
042385             0007*    ; Last Updated:	07/06/2023
042385             0008*    ;
042385             0009*    ; Modinfo:
042385             0010*    ; 26/10/1986:	Version 0.0
042385             0011*    ; 14/12/1988:	Vesion 0.1 (Bug Fix)
042385             0012*    ; 12/05/2023:	Modified by Dean Belfield
042385             0013*    ; 07/06/2023:	Modified to run in ADL mode
042385             0014*    
042385             0015*    			; .ASSUME	ADL = 1
042385             0016*    
042385             0017*    			; SEGMENT CODE
042385             0018*    
042385             0019*    			; XDEF	FPP
042385             0020*    			; XDEF	DLOAD5
042385             0021*    			; XDEF	DLOAD5_SPL
042385             0022*    ;
042385             0023*    ;BINARY FLOATING POINT REPRESENTATION:
042385             0024*    ;   32 BIT SIGN-MAGNITUDE NORMALIZED MANTISSA
042385             0025*    ;    8 BIT EXCESS-128 SIGNED EXPONENT
042385             0026*    ;   SIGN BIT REPLACES MANTISSA MSB (IMPLIED "1")
042385             0027*    ;   MANTISSA=0 & EXPONENT=0 IMPLIES VALUE IS ZERO.
042385             0028*    ;
042385             0029*    ;BINARY INTEGER REPRESENTATION:
042385             0030*    ;   32 BIT 2'S-COMPLEMENT SIGNED INTEGER
042385             0031*    ;    "EXPONENT" BYTE = 0 (WHEN PRESENT)
042385             0032*    ;
042385             0033*    ;NORMAL REGISTER ALLOCATION: MANTISSA - HLH'L'
042385             0034*    ;                            EXPONENT - C
042385             0035*    ;ALTERNATE REGISTER ALLOCATION: MANTISSA - DED'E'
042385             0036*    ;                               EXPONENT - B
042385             0037*    
042385             0038*    ;
042385             0039*    ;Error codes:
042385             0040*    ;
042385             0041*    
042385             0042*    BADOP:			EQU     1               ;Bad operation code
042385             0043*    DIVBY0:			EQU     18              ;Division by zero
042385             0044*    TOOBIG_FP:			EQU     20              ;Too big
042385             0045*    NGROOT:			EQU     21              ;Negative root
042385             0046*    LOGRNG:			EQU     22              ;Log range
042385             0047*    ACLOST:			EQU     23              ;Accuracy lost
042385             0048*    EXPRNG:			EQU     24              ;Exp range
042385             0049*    ;
042385             0050*    ;Call entry and despatch code:
042385             0051*    ;
042385 FD E5       0052*    FPP:			PUSH    IY              ;Save IY
042387 FD 21 00 00 0053*            		LD      IY,0
       00          
04238C FD 39       0054*            		ADD     IY,SP           ;Save SP in IY
04238E CD 9E 23 04 0055*            		CALL    OP              ;Perform operation
042392 BF          0056*            		CP      A               ;Good return (Z, NC)
042393 FD E1       0057*    EXIT_FP_:			POP     IY              ;Restore IY
042395 C9          0058*            		RET                     ;Return to caller
042396             0059*    ;
042396             0060*    ;Error exit:
042396             0061*    ;
042396 3E 01       0062*    BAD_FP:			LD      A,BADOP         ;"Bad operation code"
042398 FD F9       0063*    ERROR_FP_:			LD      SP,IY           ;Restore SP from IY
04239A B7          0064*            		OR      A               ;Set NZ
04239B 37          0065*            		SCF                     ;Set C
04239C 18 F5       0066*            		JR      EXIT_FP_
04239E             0067*    ;
04239E             0068*    ;Perform operation or function:
04239E             0069*    ;
04239E             0070*    ; OP:			CP      (RTABLE-DTABLE)/3
04239E FE 2A       0071*    OP:				CP      RTABLE-DTABLE/3 ; ez80asm doesn't do nested expressions
0423A0             0072*    
0423A0 30 F4       0073*            		JR      NC,BAD_FP
0423A2             0074*            		; CP      (FTABLE-DTABLE)/3
0423A2 FE 10       0075*    				CP      FTABLE-DTABLE/3 ; ditto
0423A4 30 08       0076*            		JR      NC,DISPAT_FP
0423A6 08          0077*            		EX      AF,AF'
0423A7 78          0078*            		LD      A,B
0423A8 B1          0079*            		OR      C               ;Both integer?
0423A9 C4 B1 2E 04 0080*            		CALL    NZ,FLOATA       ;No, so float both
0423AD 08          0081*            		EX      AF,AF'
0423AE E5          0082*    DISPAT_FP:			PUSH    HL
0423AF 21 C1 23 04 0083*            		LD      HL,DTABLE
0423B3 C5          0084*            		PUSH    BC
0423B4 01 03 00 00 0085*    			LD	BC, 3		; C = 3
0423B8 47          0086*    			LD	B, A 		; B = op-code
0423B9 ED 4C       0087*    			MLT 	BC 		;BC = op-code * 3
0423BB 09          0088*    			ADD	HL, BC 		;Add to table base
0423BC ED 27       0089*    			LD	HL, (HL)	;Get the routine address (24-bit)
0423BE             0090*    
0423BE             0091*    ;        		ADD     A, A            ;A = op-code * 2
0423BE             0092*    ;        		LD      C,A
0423BE             0093*    ;        		LD      B,0             ;BC = op-code * 2
0423BE             0094*    ;        		ADD     HL,BC
0423BE             0095*    ;        		LD      A,(HL)          ;Get low byte
0423BE             0096*    ;        		INC     HL
0423BE             0097*    ;        		LD      H,(HL)          ;Get high byte
0423BE             0098*    ;        		LD      L,A
0423BE             0099*    
0423BE C1          0100*            		POP     BC
0423BF E3          0101*            		EX      (SP),HL
0423C0 C9          0102*            		RET                     ;Off to routine
0423C1             0103*    ;
0423C1             0104*    ;Despatch table:
0423C1             0105*    ;
0423C1 73 24 04    0106*    DTABLE:			DW24  IAND            ;AND (INTEGER)
0423C4 E1 24 04    0107*            		DW24  IBDIV           ;DIV
0423C7 86 24 04    0108*            		DW24  IEOR            ;EOR
0423CA AC 24 04    0109*            		DW24  IMOD            ;MOD
0423CD 99 24 04    0110*            		DW24  IOR             ;OR
0423D0 67 27 04    0111*            		DW24  ILE             ;<=
0423D3 76 27 04    0112*            		DW24  INE             ;<>
0423D6 5A 27 04    0113*            		DW24  IGE             ;>=
0423D9 3F 27 04    0114*            		DW24  ILT             ;<
0423DC 83 27 04    0115*            		DW24  IEQ             ;=
0423DF CF 25 04    0116*            		DW24  IMUL            ;*
0423E2 0A 25 04    0117*            		DW24  IADD            ;+
0423E5 4C 27 04    0118*            		DW24  IGT             ;>
0423E8 F1 24 04    0119*            		DW24  ISUB            ;-
0423EB 86 26 04    0120*            		DW24  IPOW            ;^
0423EE 7C 25 04    0121*            		DW24  IDIV            ;/
0423F1             0122*    ;
0423F1             0123*    FTABLE:
0423F1 95 27 04    0124*    				DW24  ABSV_FP            ;ABS
0423F4 7B 2B 04    0125*            		DW24  ACS_FP             ;ACS
0423F7 B9 2A 04    0126*            		DW24  ASN_FP             ;ASN
0423FA E9 2A 04    0127*            		DW24  ATN_FP             ;ATN
0423FD B4 28 04    0128*            		DW24  COS_FP             ;COS
042400 C3 27 04    0129*            		DW24  DEG_FP             ;DEG
042403 70 29 04    0130*            		DW24  EXP_FP             ;EXP
042406 17 28 04    0131*            		DW24  INT_FP_            ;INT
042409 0E 2A 04    0132*            		DW24  LN_FP              ;LN
04240C A3 2A 04    0133*            		DW24  LOG_FP             ;LOG
04240F A1 27 04    0134*            		DW24  NOTK_FP            ;NOT
042412 CD 27 04    0135*            		DW24  RAD_FP             ;RAD
042415 E8 27 04    0136*            		DW24  SGN_FP             ;SGN
042418 C1 28 04    0137*            		DW24  SIN_FP             ;SIN
04241B 30 28 04    0138*            		DW24  SQR_FP             ;SQR
04241E 8E 28 04    0139*            		DW24  TAN_FP             ;TAN
042421             0140*    ;
042421 3E 2F 04    0141*    		        DW24  ZERO_FP            ;ZERO
042424 49 29 04    0142*            		DW24  FONE_FP            ;FONE
042427 88 27 04    0143*            		DW24  TRUE_FP            ;TRUE
04242A B5 27 04    0144*            		DW24  PI_FP              ;PI
04242D             0145*    ;
04242D FC 27 04    0146*    		        DW24  VAL_FP             ;VAL
042430 84 2B 04    0147*            		DW24  STR_FP             ;STR$
042433             0148*    ;
042433 E5 2D 04    0149*            		DW24  SFIX_FP            ;FIX
042436 C1 2E 04    0150*            		DW24  SFLOAT_FP          ;FLOAT
042439             0151*    ;
042439 0F 2F 04    0152*    		        DW24  FTEST_FP           ;TEST
04243C 21 2F 04    0153*            		DW24  FCOMP_FP           ;COMPARE
04243F             0154*    ;
04243F 6F 24 04    0155*    RTABLE:			DW24  FAND            ;AND (FLOATING-POINT)
042442 DD 24 04    0156*            		DW24  FBDIV           ;DIV
042445 82 24 04    0157*            		DW24  FEOR            ;EOR
042448 A8 24 04    0158*            		DW24  FMOD            ;MOD
04244B 95 24 04    0159*            		DW24  FFOR             ;OR
04244E 61 27 04    0160*            		DW24  FLE             ;<=
042451 70 27 04    0161*            		DW24  FNE             ;<>
042454 54 27 04    0162*            		DW24  FGE             ;>=
042457 39 27 04    0163*            		DW24  FLT             ;<
04245A 7D 27 04    0164*            		DW24  FEQ             ;=
04245D 29 26 04    0165*            		DW24  FMUL            ;*
042460 17 25 04    0166*            		DW24  FADD            ;+
042463 46 27 04    0167*            		DW24  FGT             ;>
042466 FE 24 04    0168*            		DW24  FSUB            ;-
042469 06 27 04    0169*            		DW24  FPOW            ;^
04246C 80 25 04    0170*            		DW24  FDIV            ;/
04246F             0171*    ;
04246F             0172*    ;       PAGE
04246F             0173*    ;
04246F             0174*    ;ARITHMETIC AND LOGICAL OPERATORS:
04246F             0175*    ;All take two arguments, in HLH'L'C & DED'E'B.
04246F             0176*    ;Output in HLH'L'C
04246F             0177*    ;All registers except IX, IY destroyed.
04246F             0178*    ; (N.B. FPOW destroys IX).
04246F             0179*    ;
04246F             0180*    ;FAND - Floating-point AND.
04246F             0181*    ;IAND - Integer AND.
04246F             0182*    ;
04246F CD D9 2D 04 0183*    FAND:			CALL    FIX2
042473 7C          0184*    IAND:			LD      A,H
042474 A2          0185*            		AND     D
042475 67          0186*            		LD      H,A
042476 7D          0187*            		LD      A,L
042477 A3          0188*            		AND     E
042478 6F          0189*            		LD      L,A
042479 D9          0190*            		EXX
04247A 7C          0191*            		LD      A,H
04247B A2          0192*            		AND     D
04247C 67          0193*            		LD      H,A
04247D 7D          0194*            		LD      A,L
04247E A3          0195*            		AND     E
04247F 6F          0196*            		LD      L,A
042480 D9          0197*            		EXX
042481 C9          0198*            		RET
042482             0199*    ;
042482             0200*    ;FEOR - Floating-point exclusive-OR.
042482             0201*    ;IEOR - Integer exclusive-OR.
042482             0202*    ;
042482 CD D9 2D 04 0203*    FEOR:			CALL    FIX2
042486 7C          0204*    IEOR:			LD      A,H
042487 AA          0205*            		XOR     D
042488 67          0206*            		LD      H,A
042489 7D          0207*            		LD      A,L
04248A AB          0208*            		XOR     E
04248B 6F          0209*            		LD      L,A
04248C D9          0210*            		EXX
04248D 7C          0211*            		LD      A,H
04248E AA          0212*            		XOR     D
04248F 67          0213*            		LD      H,A
042490 7D          0214*            		LD      A,L
042491 AB          0215*            		XOR     E
042492 6F          0216*            		LD      L,A
042493 D9          0217*            		EXX
042494 C9          0218*            		RET
042495             0219*    ;
042495             0220*    ;FOR - Floating-point OR.
042495             0221*    ;IOR - Integer OR.
042495             0222*    ;
042495 CD D9 2D 04 0223*    FFOR:			CALL    FIX2
042499 7C          0224*    IOR:			LD      A,H
04249A B2          0225*            		OR      D
04249B 67          0226*            		LD      H,A
04249C 7D          0227*            		LD      A,L
04249D B3          0228*            		OR      E
04249E 6F          0229*            		LD      L,A
04249F D9          0230*            		EXX
0424A0 7C          0231*            		LD      A,H
0424A1 B2          0232*            		OR      D
0424A2 67          0233*            		LD      H,A
0424A3 7D          0234*            		LD      A,L
0424A4 B3          0235*            		OR      E
0424A5 6F          0236*            		LD      L,A
0424A6 D9          0237*            		EXX
0424A7 C9          0238*            		RET
0424A8             0239*    ;
0424A8             0240*    ;FMOD - Floating-point remainder.
0424A8             0241*    ;IMOD - Integer remainder.
0424A8             0242*    ;
0424A8 CD D9 2D 04 0243*    FMOD:			CALL    FIX2
0424AC 7C          0244*    IMOD:			LD      A,H
0424AD AA          0245*            		XOR     D               ;DIV RESULT SIGN
0424AE CB 7C       0246*            		BIT     7,H
0424B0 08          0247*            		EX      AF,AF'
0424B1 CB 7C       0248*            		BIT     7,H
0424B3 C4 F5 2D 04 0249*            		CALL    NZ,NEGATE       ;MAKE ARGUMENTS +VE
0424B7 CD F2 2E 04 0250*            		CALL    SWAP_FP
0424BB CB 7C       0251*            		BIT     7,H
0424BD C4 F5 2D 04 0252*            		CALL    NZ,NEGATE
0424C1 44          0253*            		LD      B,H
0424C2 4D          0254*            		LD      C,L
0424C3 21 00 00 00 0255*            		LD      HL,0
0424C7 D9          0256*            		EXX
0424C8 44          0257*            		LD      B,H
0424C9 4D          0258*            		LD      C,L
0424CA 21 00 00 00 0259*            		LD      HL,0
0424CE 3E DF       0260*            		LD      A,-33
0424D0 CD 7F 30 04 0261*            		CALL    DIVA            ;DIVIDE
0424D4 D9          0262*            		EXX
0424D5 0E 00       0263*            		LD      C,0             ;INTEGER MARKER
0424D7 08          0264*            		EX      AF,AF'
0424D8 C8          0265*            		RET     Z
0424D9 C3 F5 2D 04 0266*            		JP      NEGATE
0424DD             0267*    ;
0424DD             0268*    ;BDIV - Integer division.
0424DD             0269*    ;
0424DD CD D9 2D 04 0270*    FBDIV:			CALL    FIX2
0424E1 CD AC 24 04 0271*    IBDIV:			CALL    IMOD
0424E5 B7          0272*            		OR      A
0424E6 CD F2 2E 04 0273*            		CALL    SWAP_FP
0424EA 0E 00       0274*            		LD      C,0
0424EC F0          0275*            		RET     P
0424ED C3 F5 2D 04 0276*            		JP      NEGATE
0424F1             0277*    ;
0424F1             0278*    ;ISUB - Integer subtraction.
0424F1             0279*    ;FSUB - Floating point subtraction with rounding.
0424F1             0280*    ;
0424F1 CD 8D 2F 04 0281*    ISUB:			CALL    SUB_
0424F5 E0          0282*            		RET     PO
0424F6 CD 85 2F 04 0283*            		CALL    ADD_
0424FA CD B5 2E 04 0284*            		CALL    FLOAT2
0424FE 7A          0285*    FSUB:			LD      A,D
0424FF EE 80       0286*            		XOR     80H             ;CHANGE SIGN THEN ADD
042501 57          0287*            		LD      D,A
042502 18 13       0288*            		JR      FADD
042504             0289*    ;
042504             0290*    ;Reverse subtract.
042504             0291*    ;
042504 7C          0292*    RSUB:			LD      A,H
042505 EE 80       0293*            		XOR     80H
042507 67          0294*            		LD      H,A
042508 18 0D       0295*            		JR      FADD
04250A             0296*    ;
04250A             0297*    ;IADD - Integer addition.
04250A             0298*    ;FADD - Floating point addition with rounding.
04250A             0299*    ;
04250A CD 85 2F 04 0300*    IADD:			CALL    ADD_
04250E E0          0301*            		RET     PO
04250F CD 8D 2F 04 0302*            		CALL    SUB_
042513 CD B5 2E 04 0303*            		CALL    FLOAT2
042517 05          0304*    FADD:			DEC     B
042518 04          0305*            		INC     B
042519 C8          0306*            		RET     Z               ;ARG 2 ZERO
04251A 0D          0307*            		DEC     C
04251B 0C          0308*            		INC     C
04251C CA F2 2E 04 0309*            		JP      Z,SWAP_FP          ;ARG 1 ZERO
042520 D9          0310*            		EXX
042521 01 00 00 00 0311*            		LD      BC,0            ;INITIALISE
042525 D9          0312*            		EXX
042526 7C          0313*            		LD      A,H
042527 AA          0314*            		XOR     D               ;XOR SIGNS
042528 F5          0315*            		PUSH    AF
042529 78          0316*            		LD      A,B
04252A B9          0317*            		CP      C               ;COMPARE EXPONENTS
04252B DC F2 2E 04 0318*            		CALL    C,SWAP_FP          ;MAKE DED'E'B LARGEST
04252F 78          0319*            		LD      A,B
042530 CB FC       0320*            		SET     7,H             ;IMPLIED 1
042532 C4 C6 2D 04 0321*            		CALL    NZ,FIX          ;ALIGN
042536 F1          0322*            		POP     AF
042537 7A          0323*            		LD      A,D             ;SIGN OF LARGER
042538 CB FA       0324*            		SET     7,D             ;IMPLIED 1
04253A FA 4A 25 04 0325*            		JP      M,FADD3         ;SIGNS DIFFERENT
04253E CD 85 2F 04 0326*            		CALL    ADD_             ;HLH'L'=HLH'L'+DED'E'
042542 DC FA 2E 04 0327*            		CALL    C,DIV2          ;NORMALISE
042546 CB FC       0328*            		SET     7,H
042548 18 0D       0329*            		JR      FADD4
04254A             0330*    ;
04254A CD 8D 2F 04 0331*    FADD3:			CALL    SUB_             ;HLH'L'=HLH'L'-DED'E'
04254E DC 0D 2E 04 0332*            		CALL    C,NEG_           ;NEGATE HLH'L'B'C'
042552 CD 8C 2E 04 0333*            		CALL    FLO48
042556 2F          0334*            		CPL                     ;CHANGE RESULT SIGN
042557 D9          0335*    FADD4:			EXX
042558 EB          0336*            		EX      DE,HL
042559 21 00 80 00 0337*            		LD      HL,8000H
04255D B7          0338*            		OR      A               ;CLEAR CARRY
04255E 52 ED 42    0339*            		SBC.S   HL,BC
042561 EB          0340*            		EX      DE,HL
042562 D9          0341*            		EXX
042563 CC EC 2E 04 0342*            		CALL    Z,ODD           ;ROUND UNBIASSED
042567 DC DA 2E 04 0343*            		CALL    C,ADD1_FP          ;ROUND UP
04256B DC 07 2F 04 0344*            		CALL    C,INCC
04256F CB BC       0345*            		RES     7,H
042571 0D          0346*            		DEC     C
042572 0C          0347*            		INC     C
042573 CA 3E 2F 04 0348*            		JP      Z,ZERO_FP
042577 B7          0349*            		OR      A               ;RESULT SIGNQ
042578 F0          0350*            		RET     P               ;POSITIVE
042579 CB FC       0351*            		SET     7,H             ;NEGATIVE
04257B C9          0352*            		RET
04257C             0353*    ;
04257C             0354*    ;IDIV - Integer division.
04257C             0355*    ;FDIV - Floating point division with rounding.
04257C             0356*    ;
04257C CD B5 2E 04 0357*    IDIV:			CALL    FLOAT2
042580 05          0358*    FDIV:			DEC     B               ;TEST FOR ZERO
042581 04          0359*            		INC     B
042582 3E 12       0360*            		LD      A,DIVBY0
042584 CA 98 23 04 0361*            		JP      Z,ERROR_FP_         ;"Division by zero"
042588 0D          0362*            		DEC     C               ;TEST FOR ZERO
042589 0C          0363*            		INC     C
04258A C8          0364*            		RET     Z
04258B 7C          0365*            		LD      A,H
04258C AA          0366*            		XOR     D               ;CALC. RESULT SIGN
04258D 08          0367*            		EX      AF,AF'          ;SAVE SIGN
04258E CB FA       0368*            		SET     7,D             ;REPLACE IMPLIED 1's
042590 CB FC       0369*            		SET     7,H
042592 C5          0370*            		PUSH    BC              ;SAVE EXPONENTS
042593 42          0371*            		LD      B,D             ;LOAD REGISTERS
042594 4B          0372*            		LD      C,E
042595 11 00 00 00 0373*            		LD      DE,0
042599 D9          0374*            		EXX
04259A 42          0375*            		LD      B,D
04259B 4B          0376*            		LD      C,E
04259C 11 00 00 00 0377*            		LD      DE,0
0425A0 3E E0       0378*            		LD      A,-32           ;LOOP COUNTER
0425A2 CD 7F 30 04 0379*            		CALL    DIVA            ;DIVIDE
0425A6 D9          0380*            		EXX
0425A7 CB 7A       0381*            		BIT     7,D
0425A9 D9          0382*            		EXX
0425AA CC 9E 30 04 0383*            		CALL    Z,DIVB          ;NORMALISE & INC A
0425AE EB          0384*            		EX      DE,HL
0425AF D9          0385*            		EXX
0425B0 CB 38       0386*            		SRL     B               ;DIVISOR/2
0425B2 CB 19       0387*            		RR      C
0425B4 B7          0388*            		OR      A               ;CLEAR CARRY
0425B5 52 ED 42    0389*            		SBC.S   HL,BC           ;REMAINDER-DIVISOR/2
0425B8 3F          0390*            		CCF
0425B9 EB          0391*            		EX      DE,HL           ;RESULT IN HLH'L'
0425BA CC EC 2E 04 0392*            		CALL    Z,ODD           ;ROUND UNBIASSED
0425BE DC DA 2E 04 0393*            		CALL    C,ADD1_FP          ;ROUND UP
0425C2 C1          0394*            		POP     BC              ;RESTORE EXPONENTS
0425C3 DC 07 2F 04 0395*            		CALL    C,INCC
0425C7 1F          0396*            		RRA                     ;LSB OF A TO CARRY
0425C8 79          0397*            		LD      A,C             ;COMPUTE NEW EXPONENT
0425C9 98          0398*            		SBC     A,B
0425CA 3F          0399*            		CCF
0425CB C3 6C 26 04 0400*            		JP      CHKOVF
0425CF             0401*    ;
0425CF             0402*    ;IMUL - Integer multiplication.
0425CF             0403*    ;
0425CF 7C          0404*    IMUL:			LD      A,H
0425D0 AA          0405*            		XOR     D
0425D1 08          0406*            		EX      AF,AF'          ;SAVE RESULT SIGN
0425D2 CB 7C       0407*            		BIT     7,H
0425D4 C4 F5 2D 04 0408*            		CALL    NZ,NEGATE
0425D8 CD F2 2E 04 0409*            		CALL    SWAP_FP
0425DC CB 7C       0410*            		BIT     7,H
0425DE C4 F5 2D 04 0411*            		CALL    NZ,NEGATE
0425E2 44          0412*            		LD      B,H
0425E3 4D          0413*            		LD      C,L
0425E4 21 00 00 00 0414*            		LD      HL,0
0425E8 D9          0415*            		EXX
0425E9 44          0416*            		LD      B,H
0425EA 4D          0417*            		LD      C,L
0425EB 21 00 00 00 0418*            		LD      HL,0
0425EF 3E DF       0419*            		LD      A,-33
0425F1 CD B6 30 04 0420*            		CALL    MULA            ;MULTIPLY
0425F5 D9          0421*            		EXX
0425F6 0E BF       0422*            		LD      C,191           ;PRESET EXPONENT
0425F8 CD 1A 2F 04 0423*            		CALL    TEST_FP            ;TEST RANGE
0425FC 20 0F       0424*            		JR      NZ,IMUL1        ;TOO BIG
0425FE CB 7A       0425*            		BIT     7,D
042600 20 0B       0426*            		JR      NZ,IMUL1
042602 CD F2 2E 04 0427*            		CALL    SWAP_FP
042606 4A          0428*            		LD      C,D             ;INTEGER MARKER
042607 08          0429*            		EX      AF,AF'
042608 F0          0430*            		RET     P
042609 C3 F5 2D 04 0431*            		JP      NEGATE
04260D             0432*    ;
04260D 0D          0433*    IMUL1:			DEC     C
04260E D9          0434*            		EXX
04260F CB 23       0435*            		SLA     E
042611 CB 12       0436*            		RL      D
042613 D9          0437*            		EXX
042614 CB 13       0438*            		RL      E
042616 CB 12       0439*            		RL      D
042618 D9          0440*            		EXX
042619 52 ED 6A    0441*            		ADC.S   HL,HL
04261C D9          0442*            		EXX
04261D 52 ED 6A    0443*            		ADC.S   HL,HL
042620 F2 0D 26 04 0444*            		JP      P,IMUL1         ;NORMALISE
042624 08          0445*            		EX      AF,AF'
042625 F8          0446*            		RET     M
042626 CB BC       0447*            		RES     7,H             ;POSITIVE
042628 C9          0448*            		RET
042629             0449*    ;
042629             0450*    ;FMUL - Floating point multiplication with rounding.
042629             0451*    ;
042629 05          0452*    FMUL:			DEC     B               ;TEST FOR ZERO
04262A 04          0453*            		INC     B
04262B CA 3E 2F 04 0454*            		JP      Z,ZERO_FP
04262F 0D          0455*            		DEC     C               ;TEST FOR ZERO
042630 0C          0456*            		INC     C
042631 C8          0457*            		RET     Z
042632 7C          0458*            		LD      A,H
042633 AA          0459*            		XOR     D               ;CALC. RESULT SIGN
042634 08          0460*            		EX      AF,AF'
042635 CB FA       0461*            		SET     7,D             ;REPLACE IMPLIED 1's
042637 CB FC       0462*            		SET     7,H
042639 C5          0463*            		PUSH    BC              ;SAVE EXPONENTS
04263A 44          0464*            		LD      B,H             ;LOAD REGISTERS
04263B 4D          0465*            		LD      C,L
04263C 21 00 00 00 0466*            		LD      HL,0
042640 D9          0467*            		EXX
042641 44          0468*            		LD      B,H
042642 4D          0469*            		LD      C,L
042643 21 00 00 00 0470*            		LD      HL,0
042647 3E E0       0471*            		LD      A,-32           ;LOOP COUNTER
042649 CD B6 30 04 0472*            		CALL    MULA            ;MULTIPLY
04264D DC CC 30 04 0473*            		CALL    C,MULB          ;NORMALISE & INC A
042651 D9          0474*            		EXX
042652 E5          0475*            		PUSH    HL
042653 21 00 80 00 0476*            		LD      HL,8000H
042657 B7          0477*            		OR      A               ;CLEAR CARRY
042658 52 ED 52    0478*            		SBC.S   HL,DE
04265B E1          0479*            		POP     HL
04265C CC EC 2E 04 0480*            		CALL    Z,ODD           ;ROUND UNBIASSED
042660 DC DA 2E 04 0481*            		CALL    C,ADD1_FP          ;ROUND UP
042664 C1          0482*            		POP     BC              ;RESTORE EXPONENTS
042665 DC 07 2F 04 0483*            		CALL    C,INCC
042669 1F          0484*            		RRA                     ;LSB OF A TO CARRY
04266A 79          0485*            		LD      A,C             ;COMPUTE NEW EXPONENT
04266B 88          0486*            		ADC     A,B
04266C 38 06       0487*    CHKOVF:			JR      C,CHKO1
04266E F2 3E 2F 04 0488*            		JP      P,ZERO_FP          ;UNDERFLOW
042672 18 04       0489*            		JR      CHKO2
042674 FA 09 2F 04 0490*    CHKO1:			JP      M,OFLOW         ;OVERFLOW
042678 C6 80       0491*    CHKO2:			ADD     A,80H
04267A 4F          0492*            		LD      C,A
04267B CA 3E 2F 04 0493*            		JP      Z,ZERO_FP
04267F 08          0494*            		EX      AF,AF'          ;RESTORE SIGN BIT
042680 CB BC       0495*            		RES     7,H
042682 F0          0496*            		RET     P
042683 CB FC       0497*            		SET     7,H
042685 C9          0498*            		RET
042686             0499*    ;
042686             0500*    ;IPOW - Integer involution.
042686             0501*    ;
042686 CD F2 2E 04 0502*    IPOW:			CALL    SWAP_FP
04268A CB 7C       0503*            		BIT     7,H
04268C F5          0504*            		PUSH    AF              ;SAVE SIGN
04268D C4 F5 2D 04 0505*            		CALL    NZ,NEGATE
042691 48          0506*    IPOW0:			LD      C,B
042692 06 20       0507*            		LD      B,32            ;LOOP COUNTER
042694 CD AA 2F 04 0508*    IPOW1:			CALL    X2
042698 38 08       0509*            		JR      C,IPOW2
04269A 10 F8       0510*            		DJNZ    IPOW1
04269C F1          0511*            		POP     AF
04269D D9          0512*            		EXX
04269E 2C          0513*            		INC     L               ;RESULT=1
04269F D9          0514*            		EXX
0426A0 4C          0515*            		LD      C,H
0426A1 C9          0516*            		RET
0426A2             0517*    ;
0426A2 F1          0518*    IPOW2:			POP     AF
0426A3 C5          0519*            		PUSH    BC
0426A4 EB          0520*            		EX      DE,HL
0426A5 E5          0521*            		PUSH    HL
0426A6 D9          0522*            		EXX
0426A7 EB          0523*            		EX      DE,HL
0426A8 E5          0524*            		PUSH    HL
0426A9 D9          0525*            		EXX
0426AA DD 21 00 00 0526*            		LD      IX,0
       00          
0426AF DD 39       0527*            		ADD     IX,SP
0426B1 28 48       0528*            		JR      Z,IPOW4
0426B3 C5          0529*            		PUSH    BC
0426B4 D9          0530*            		EXX
0426B5 D5          0531*            		PUSH    DE
0426B6 D9          0532*            		EXX
0426B7 D5          0533*            		PUSH    DE
0426B8 CD C1 2E 04 0534*            		CALL    SFLOAT_FP
0426BC CD F5 29 04 0535*            		CALL    RECIP
0426C0 DD 71 04    0536*            		LD      (IX+4),C
0426C3 D9          0537*            		EXX
0426C4 DD 75 00    0538*            		LD      (IX+0),L
0426C7 DD 74 01    0539*            		LD      (IX+1),H
0426CA D9          0540*            		EXX
0426CB DD 75 02    0541*            		LD      (IX+2),L
0426CE DD 74 03    0542*            		LD      (IX+3),H
0426D1 18 21       0543*            		JR      IPOW5
0426D3             0544*    ;
0426D3 C5          0545*    IPOW3:			PUSH    BC
0426D4 D9          0546*            		EXX
0426D5 CB 23       0547*            		SLA     E
0426D7 CB 12       0548*            		RL      D
0426D9 D5          0549*            		PUSH    DE
0426DA D9          0550*            		EXX
0426DB CB 13       0551*            		RL      E
0426DD CB 12       0552*            		RL      D
0426DF D5          0553*            		PUSH    DE
0426E0 3E 0A       0554*            		LD      A,'*' & 0FH
0426E2 F5          0555*            		PUSH    AF
0426E3 CD BE 2F 04 0556*            		CALL    COPY_
0426E7 CD 9E 23 04 0557*            		CALL    OP              ;SQUARE
0426EB F1          0558*            		POP     AF
0426EC CD EA 2C 04 0559*            		CALL    DLOAD5
0426F0 DC 9E 23 04 0560*            		CALL    C,OP            ;MULTIPLY BY X
0426F4 D1          0561*    IPOW5:			POP     DE
0426F5 D9          0562*            		EXX
0426F6 D1          0563*            		POP     DE
0426F7 D9          0564*            		EXX
0426F8 79          0565*            		LD      A,C
0426F9 C1          0566*            		POP     BC
0426FA 4F          0567*            		LD      C,A
0426FB 10 D6       0568*    IPOW4:			DJNZ    IPOW3
0426FD F1          0569*            		POP     AF
0426FE F1          0570*            		POP     AF
0426FF F1          0571*            		POP     AF
042700 C9          0572*            		RET
042701             0573*    ;
042701 F1          0574*    FPOW0:			POP     AF
042702 F1          0575*            		POP     AF
042703 F1          0576*            		POP     AF
042704 18 8B       0577*            		JR      IPOW0
042706             0578*    ;
042706             0579*    ;FPOW - Floating-point involution.
042706             0580*    ;
042706 CB 7A       0581*    FPOW:			BIT     7,D
042708 F5          0582*            		PUSH    AF
042709 CD F2 2E 04 0583*            		CALL    SWAP_FP
04270D CD CE 2F 04 0584*            		CALL    PUSH5
042711 0D          0585*            		DEC     C
042712 0C          0586*            		INC     C
042713 28 EC       0587*            		JR      Z,FPOW0
042715 3E 9E       0588*            		LD      A,158
042717 B9          0589*            		CP      C
042718 38 0A       0590*            		JR      C,FPOW1
04271A 3C          0591*            		INC     A
04271B CD C6 2D 04 0592*            		CALL    FIX
04271F 08          0593*            		EX      AF,AF'
042720 F2 01 27 04 0594*            		JP      P,FPOW0
042724 CD F2 2E 04 0595*    FPOW1:			CALL    SWAP_FP
042728 CD 12 2A 04 0596*            		CALL    LN0
04272C CD D7 2F 04 0597*            		CALL    POP5
042730 F1          0598*            		POP     AF
042731 CD 29 26 04 0599*            		CALL    FMUL
042735 C3 74 29 04 0600*            		JP      EXP0
042739             0601*    ;
042739             0602*    ;Integer and floating-point compare.
042739             0603*    ;Result is TRUE (-1) or FALSE (0).
042739             0604*    ;
042739 CD 48 2F 04 0605*    FLT:			CALL    FCP
04273D 18 04       0606*            		JR      ILT1
04273F CD 3A 2F 04 0607*    ILT:			CALL    ICP
042743 D0          0608*    ILT1:			RET     NC
042744 18 42       0609*            		JR      TRUE_FP
042746             0610*    ;
042746 CD 48 2F 04 0611*    FGT:			CALL    FCP
04274A 18 04       0612*            		JR      IGT1
04274C CD 3A 2F 04 0613*    IGT:			CALL    ICP
042750 C8          0614*    IGT1:			RET     Z
042751 D8          0615*            		RET     C
042752 18 34       0616*            		JR      TRUE_FP
042754             0617*    ;
042754 CD 48 2F 04 0618*    FGE:			CALL    FCP
042758 18 04       0619*            		JR      IGE1
04275A CD 3A 2F 04 0620*    IGE:			CALL    ICP
04275E D8          0621*    IGE1:			RET     C
04275F 18 27       0622*            		JR      TRUE_FP
042761             0623*    ;
042761 CD 48 2F 04 0624*    FLE:			CALL    FCP
042765 18 04       0625*            		JR      ILE1
042767 CD 3A 2F 04 0626*    ILE:			CALL    ICP
04276B 28 1B       0627*    ILE1:			JR      Z,TRUE_FP
04276D D0          0628*            		RET     NC
04276E 18 18       0629*            		JR      TRUE_FP
042770             0630*    ;
042770 CD 48 2F 04 0631*    FNE:			CALL    FCP
042774 18 04       0632*            		JR      INE1
042776 CD 3A 2F 04 0633*    INE:			CALL    ICP
04277A C8          0634*    INE1:			RET     Z
04277B 18 0B       0635*            		JR      TRUE_FP
04277D             0636*    ;
04277D CD 48 2F 04 0637*    FEQ:			CALL    FCP
042781 18 04       0638*            		JR      IEQ1
042783 CD 3A 2F 04 0639*    IEQ:			CALL    ICP
042787 C0          0640*    IEQ1:			RET     NZ
042788 21 FF FF FF 0641*    TRUE_FP:			LD      HL,-1
04278C D9          0642*            		EXX
04278D 21 FF FF FF 0643*            		LD      HL,-1
042791 D9          0644*            		EXX
042792 AF          0645*            		XOR     A
042793 4F          0646*            		LD      C,A
042794 C9          0647*            		RET
042795             0648*    ;
042795             0649*    ;FUNCTIONS:
042795             0650*    ;
042795             0651*    ;Result returned in HLH'L'C (floating point)
042795             0652*    ;Result returned in HLH'L' (C=0) (integer)
042795             0653*    ;All registers except IY destroyed.
042795             0654*    ;
042795             0655*    ;ABS - Absolute value
042795             0656*    ;Result is numeric, variable type.
042795             0657*    ;
042795 CB 7C       0658*    ABSV_FP:			BIT     7,H
042797 C8          0659*            		RET     Z               ;POSITIVE/ZERO
042798 0D          0660*            		DEC     C
042799 0C          0661*            		INC     C
04279A CA F5 2D 04 0662*            		JP      Z,NEGATE        ;INTEGER
04279E CB BC       0663*            		RES     7,H
0427A0 C9          0664*            		RET
0427A1             0665*    ;
0427A1             0666*    ;NOT - Complement integer.
0427A1             0667*    ;Result is integer numeric.
0427A1             0668*    ;
0427A1 CD E5 2D 04 0669*    NOTK_FP:			CALL    SFIX_FP
0427A5 7C          0670*            		LD      A,H
0427A6 2F          0671*            		CPL
0427A7 67          0672*            		LD      H,A
0427A8 7D          0673*            		LD      A,L
0427A9 2F          0674*            		CPL
0427AA 6F          0675*            		LD      L,A
0427AB D9          0676*            		EXX
0427AC 7C          0677*            		LD      A,H
0427AD 2F          0678*            		CPL
0427AE 67          0679*            		LD      H,A
0427AF 7D          0680*            		LD      A,L
0427B0 2F          0681*            		CPL
0427B1 6F          0682*            		LD      L,A
0427B2 D9          0683*            		EXX
0427B3 AF          0684*            		XOR     A               ;NUMERIC MARKER
0427B4 C9          0685*            		RET
0427B5             0686*    ;
0427B5             0687*    ;PI - Return PI (3.141592654)
0427B5             0688*    ;Result is floating-point numeric.
0427B5             0689*    ;
0427B5 21 0F 49 00 0690*    PI_FP:			LD      HL,490FH
0427B9 D9          0691*            		EXX
0427BA 21 A2 DA 00 0692*            		LD      HL,0DAA2H
0427BE D9          0693*            		EXX
0427BF 0E 81       0694*            		LD      C,81H
0427C1 AF          0695*            		XOR     A               ;NUMERIC MARKER
0427C2 C9          0696*            		RET
0427C3             0697*    ;
0427C3             0698*    ;DEG - Convert radians to degrees
0427C3             0699*    ;Result is floating-point numeric.
0427C3             0700*    ;
0427C3 CD D7 27 04 0701*    DEG_FP:			CALL    FPI180
0427C7 CD 29 26 04 0702*            		CALL    FMUL
0427CB AF          0703*            		XOR     A
0427CC C9          0704*            		RET
0427CD             0705*    ;
0427CD             0706*    ;RAD - Convert degrees to radians
0427CD             0707*    ;Result is floating-point numeric.
0427CD             0708*    ;
0427CD CD D7 27 04 0709*    RAD_FP:			CALL    FPI180
0427D1 CD 80 25 04 0710*            		CALL    FDIV
0427D5 AF          0711*            		XOR     A
0427D6 C9          0712*            		RET
0427D7             0713*    ;
0427D7             0714*    ;180/PI
0427D7             0715*    ;
0427D7 CD C1 2E 04 0716*    FPI180:			CALL    SFLOAT_FP
0427DB 11 2E 65 00 0717*            		LD      DE,652EH
0427DF D9          0718*            		EXX
0427E0 11 D3 E0 00 0719*            		LD      DE,0E0D3H
0427E4 D9          0720*            		EXX
0427E5 06 85       0721*            		LD      B,85H
0427E7 C9          0722*            		RET
0427E8             0723*    ;
0427E8             0724*    ;SGN - Return -1, 0 or +1
0427E8             0725*    ;Result is integer numeric.
0427E8             0726*    ;
0427E8 CD 1A 2F 04 0727*    SGN_FP:			CALL    TEST_FP
0427EC B1          0728*            		OR      C
0427ED C8          0729*            		RET     Z               ;ZERO
0427EE CB 7C       0730*            		BIT     7,H
0427F0 C2 88 27 04 0731*            		JP      NZ,TRUE_FP         ;-1
0427F4 CD 3E 2F 04 0732*            		CALL    ZERO_FP
0427F8 C3 DA 2E 04 0733*            		JP      ADD1_FP            ;1
0427FC             0734*    ;
0427FC             0735*    ;VAL - Return numeric value of string.
0427FC             0736*    ;Input: ASCII string at IX
0427FC             0737*    ;Result is variable type numeric.
0427FC             0738*    ;
0427FC CD 58 31 04 0739*    VAL_FP:			CALL    SIGNQ
042800 F5          0740*            		PUSH    AF
042801 CD 08 2D 04 0741*            		CALL    CON_FP
042805 F1          0742*            		POP     AF
042806 FE 2D       0743*            		CP      '-'
042808 3E 00       0744*            		LD      A,0             ;NUMERIC MARKER
04280A C0          0745*            		RET     NZ
04280B 0D          0746*            		DEC     C
04280C 0C          0747*            		INC     C
04280D CA F5 2D 04 0748*            		JP      Z,NEGATE        ;ZERO/INTEGER
042811 7C          0749*            		LD      A,H
042812 EE 80       0750*            		XOR     80H             ;CHANGE SIGN (FP)
042814 67          0751*            		LD      H,A
042815 AF          0752*            		XOR     A
042816 C9          0753*            		RET
042817             0754*    ;
042817             0755*    ;INT - Floor function
042817             0756*    ;Result is integer numeric.
042817             0757*    ;
042817 0D          0758*    INT_FP_:			DEC     C
042818 0C          0759*            		INC     C
042819 C8          0760*            		RET     Z               ;ZERO/INTEGER
04281A 3E 9F       0761*            		LD      A,159
04281C 44          0762*            		LD      B,H             ;B7=SIGN BIT
04281D CD C6 2D 04 0763*            		CALL    FIX
042821 08          0764*            		EX      AF,AF'
042822 A0          0765*            		AND     B
042823 FC DA 2E 04 0766*            		CALL    M,ADD1_FP          ;NEGATIVE NON-INTEGER
042827 78          0767*            		LD      A,B
042828 B7          0768*            		OR      A
042829 FC F5 2D 04 0769*            		CALL    M,NEGATE
04282D AF          0770*            		XOR     A
04282E 4F          0771*            		LD      C,A
04282F C9          0772*            		RET
042830             0773*    ;
042830             0774*    ;SQR - square root
042830             0775*    ;Result is floating-point numeric.
042830             0776*    ;
042830 CD C1 2E 04 0777*    SQR_FP:			CALL    SFLOAT_FP
042834 CB 7C       0778*    SQR0:			BIT     7,H
042836 3E 15       0779*            		LD      A,NGROOT
042838 C2 98 23 04 0780*            		JP      NZ,ERROR_FP_        ;"-ve root"
04283C 0D          0781*            		DEC     C
04283D 0C          0782*            		INC     C
04283E C8          0783*            		RET     Z               ;ZERO
04283F CB FC       0784*            		SET     7,H             ;IMPLIED 1
042841 CB 41       0785*            		BIT     0,C
042843 CC FA 2E 04 0786*            		CALL    Z,DIV2          ;MAKE EXPONENT ODD
042847 79          0787*            		LD      A,C
042848 D6 80       0788*            		SUB     80H
04284A CB 2F       0789*            		SRA     A               ;HALVE EXPONENT
04284C C6 80       0790*            		ADD     A,80H
04284E 4F          0791*            		LD      C,A
04284F C5          0792*            		PUSH    BC              ;SAVE EXPONENT
042850 EB          0793*            		EX      DE,HL
042851 21 00 00 00 0794*            		LD      HL,0
042855 44          0795*            		LD      B,H
042856 4D          0796*            		LD      C,L
042857 D9          0797*            		EXX
042858 EB          0798*            		EX      DE,HL
042859 21 00 00 00 0799*            		LD      HL,0
04285D 44          0800*            		LD      B,H
04285E 4D          0801*            		LD      C,L
04285F 3E E1       0802*            		LD      A,-31
042861 CD F0 30 04 0803*            		CALL    SQRA            ;ROOT
042865 D9          0804*            		EXX
042866 CB 78       0805*            		BIT     7,B
042868 D9          0806*            		EXX
042869 CC F0 30 04 0807*            		CALL    Z,SQRA          ;NORMALISE & INC A
04286D CD 31 31 04 0808*            		CALL    SQRB
042871 B7          0809*            		OR      A               ;CLEAR CARRY
042872 CD 9E 30 04 0810*            		CALL    DIVB
042876 CB 1B       0811*            		RR      E               ;LSB TO CARRY
042878 60          0812*            		LD      H,B
042879 69          0813*            		LD      L,C
04287A D9          0814*            		EXX
04287B 60          0815*            		LD      H,B
04287C 69          0816*            		LD      L,C
04287D DC DA 2E 04 0817*            		CALL    C,ADD1_FP          ;ROUND UP
042881 C1          0818*            		POP     BC              ;RESTORE EXPONENT
042882 DC 07 2F 04 0819*            		CALL    C,INCC
042886 1F          0820*            		RRA
042887 9F          0821*            		SBC     A,A
042888 81          0822*            		ADD     A,C
042889 4F          0823*            		LD      C,A
04288A CB BC       0824*            		RES     7,H             ;POSITIVE
04288C AF          0825*            		XOR     A
04288D C9          0826*            		RET
04288E             0827*    ;
04288E             0828*    ;TAN - Tangent function
04288E             0829*    ;Result is floating-point numeric.
04288E             0830*    ;
04288E CD C1 2E 04 0831*    TAN_FP:			CALL    SFLOAT_FP
042892 CD CE 2F 04 0832*            		CALL    PUSH5
042896 CD B8 28 04 0833*            		CALL    COS0
04289A CD D7 2F 04 0834*            		CALL    POP5
04289E CD CE 2F 04 0835*            		CALL    PUSH5
0428A2 CD F2 2E 04 0836*            		CALL    SWAP_FP
0428A6 CD C5 28 04 0837*            		CALL    SIN0
0428AA CD D7 2F 04 0838*            		CALL    POP5
0428AE CD 80 25 04 0839*            		CALL    FDIV
0428B2 AF          0840*            		XOR     A               ;NUMERIC MARKER
0428B3 C9          0841*            		RET
0428B4             0842*    ;
0428B4             0843*    ;COS - Cosine function
0428B4             0844*    ;Result is floating-point numeric.
0428B4             0845*    ;
0428B4 CD C1 2E 04 0846*    COS_FP:			CALL    SFLOAT_FP
0428B8 CD 1D 2E 04 0847*    COS0:			CALL    SCALE
0428BC 1C          0848*            		INC     E
0428BD 1C          0849*            		INC     E
0428BE 7B          0850*            		LD      A,E
0428BF 18 10       0851*            		JR      SIN1
0428C1             0852*    ;
0428C1             0853*    ;SIN - Sine function
0428C1             0854*    ;Result is floating-point numeric.
0428C1             0855*    ;
0428C1 CD C1 2E 04 0856*    SIN_FP:			CALL    SFLOAT_FP
0428C5 E5          0857*    SIN0:			PUSH    HL              ;H7=SIGN
0428C6 CD 1D 2E 04 0858*            		CALL    SCALE
0428CA F1          0859*            		POP     AF
0428CB 07          0860*            		RLCA
0428CC 07          0861*            		RLCA
0428CD 07          0862*            		RLCA
0428CE E6 04       0863*            		AND     4
0428D0 AB          0864*            		XOR     E
0428D1 F5          0865*    SIN1:			PUSH    AF              ;OCTANT
0428D2 CB BC       0866*            		RES     7,H
0428D4 1F          0867*            		RRA
0428D5 CD 63 29 04 0868*            		CALL    PIBY4
0428D9 DC 04 25 04 0869*            		CALL    C,RSUB          ;X=(PI/4)-X
0428DD F1          0870*            		POP     AF
0428DE F5          0871*            		PUSH    AF
0428DF E6 03       0872*            		AND     3
0428E1 E2 1A 29 04 0873*            		JP      PO,SIN2         ;USE COSINE APPROX.
0428E5 CD CE 2F 04 0874*            		CALL    PUSH5           ;SAVE X
0428E9 CD C6 2F 04 0875*            		CALL    SQUARE          ;PUSH X*X
0428ED CD 0B 30 04 0876*            		CALL    POLY
0428F1 B7 A8       0877*            		DW	0A8B7H          ;a(8)
0428F3 11 36       0878*            		DW	3611H
0428F5 6D          0879*            		DB	6DH
0428F6 26 DE       0880*            		DW	0DE26H          ;a(6)
0428F8 05 D0       0881*            		DW	0D005H
0428FA 73          0882*            		DB	73H
0428FB C0 80       0883*            		DW	80C0H           ;a(4)
0428FD 88 08       0884*            		DW	888H
0428FF 79          0885*            		DB	79H
042900 9D AA       0886*            		DW	0AA9DH          ;a(2)
042902 AA AA       0887*            		DW	0AAAAH
042904 7D          0888*            		DB	7DH
042905 00 00       0889*            		DW	0               ;a(0)
042907 00 00       0890*            		DW	0
042909 80          0891*            		DB	80H
04290A CD D7 2F 04 0892*            		CALL    POP5
04290E CD D7 2F 04 0893*            		CALL    POP5
042912 CD 29 26 04 0894*            		CALL    FMUL
042916 C3 3F 29 04 0895*            		JP      SIN3
04291A             0896*    ;
04291A CD C6 2F 04 0897*    SIN2:			CALL    SQUARE          ;PUSH X*X
04291E CD 0B 30 04 0898*            		CALL    POLY
042922 71 D5       0899*            		DW	0D571H          ;b(8)
042924 78 4C       0900*            		DW	4C78H
042926 70          0901*            		DB	70H
042927 AF 94       0902*            		DW	94AFH           ;b(6)
042929 03 B6       0903*            		DW	0B603H
04292B 76          0904*            		DB	76H
04292C C8 9C       0905*            		DW	9CC8H           ;b(4)
04292E AA 2A       0906*            		DW	2AAAH
042930 7B          0907*            		DB	7BH
042931 DD FF       0908*            		DW	0FFDDH          ;b(2)
042933 FF FF       0909*            		DW	0FFFFH
042935 7E          0910*            		DB	7EH
042936 00 00       0911*            		DW	0               ;b(0)
042938 00 00       0912*            		DW	0
04293A 80          0913*            		DB	80H
04293B CD D7 2F 04 0914*            		CALL    POP5
04293F F1          0915*    SIN3:			POP     AF
042940 E6 04       0916*            		AND     4
042942 C8          0917*            		RET     Z
042943 0D          0918*            		DEC     C
042944 0C          0919*            		INC     C
042945 C8          0920*            		RET     Z               ;ZERO
042946 CB FC       0921*            		SET     7,H             ;MAKE NEGATIVE
042948 C9          0922*            		RET
042949             0923*    ;
042949             0924*    ;Floating-point one:
042949             0925*    ;
042949 21 00 00 00 0926*    FONE_FP:			LD      HL,0
04294D D9          0927*            		EXX
04294E 21 00 00 00 0928*            		LD      HL,0
042952 D9          0929*            		EXX
042953 0E 80       0930*            		LD      C,80H
042955 C9          0931*            		RET
042956             0932*    ;
042956 11 00 00 00 0933*    DONE:			LD      DE,0
04295A D9          0934*            		EXX
04295B 11 00 00 00 0935*            		LD      DE,0
04295F D9          0936*            		EXX
042960 06 80       0937*            		LD      B,80H
042962 C9          0938*            		RET
042963             0939*    ;
042963 11 0F 49 00 0940*    PIBY4:			LD      DE,490FH
042967 D9          0941*            		EXX
042968 11 A2 DA 00 0942*            		LD      DE,0DAA2H
04296C D9          0943*            		EXX
04296D 06 7F       0944*            		LD      B,7FH
04296F C9          0945*            		RET
042970             0946*    ;
042970             0947*    ;EXP - Exponential function
042970             0948*    ;Result is floating-point numeric.
042970             0949*    ;
042970 CD C1 2E 04 0950*    EXP_FP:			CALL    SFLOAT_FP
042974 CD 01 2A 04 0951*    EXP0:			CALL    LN2             ;LN(2)
042978 D9          0952*            		EXX
042979 1D          0953*    	        	DEC     E
04297A 01 CF D1 00 0954*    		        LD      BC,0D1CFH       ;0.6931471805599453
04297E D9          0955*            		EXX
04297F E5          0956*            		PUSH    HL              ;H7=SIGN
042980 CD 30 2E 04 0957*            		CALL    MOD48           ;"MODULUS"
042984 F1          0958*            		POP     AF
042985 CB 7B       0959*            		BIT     7,E
042987 28 0B       0960*            		JR      Z,EXP1
042989 17          0961*            		RLA
04298A DA 3E 2F 04 0962*            		JP      C,ZERO_FP
04298E 3E 18       0963*            		LD      A,EXPRNG
042990 C3 98 23 04 0964*            		JP      ERROR_FP_           ;"Exp range"
042994             0965*    ;
042994 E6 80       0966*    EXP1:			AND     80H
042996 B3          0967*            		OR      E
042997 F5          0968*            		PUSH    AF              ;INTEGER PART
042998 CB BC       0969*            		RES     7,H
04299A CD CE 2F 04 0970*            		CALL    PUSH5           ;PUSH X*LN(2)
04299E CD 0B 30 04 0971*            		CALL    POLY
0429A2 72 40       0972*            		DW	4072H           ;a(7)
0429A4 2E 94       0973*            		DW	942EH
0429A6 73          0974*            		DB	73H
0429A7 65 6F       0975*            		DW	6F65H           ;a(6)
0429A9 4F 2E       0976*            		DW	2E4FH
0429AB 76          0977*            		DB	76H
0429AC 37 6D       0978*            		DW	6D37H           ;a(5)
0429AE 02 88       0979*            		DW	8802H
0429B0 79          0980*            		DB	79H
0429B1 12 E5       0981*            		DW	0E512H          ;a(4)
0429B3 A0 2A       0982*            		DW	2AA0H
0429B5 7B          0983*            		DB	7BH
0429B6 14 4F       0984*            		DW	4F14H           ;a(3)
0429B8 AA AA       0985*            		DW	0AAAAH
0429BA 7D          0986*            		DB	7DH
0429BB 56 FD       0987*            		DW	0FD56H          ;a(2)
0429BD FF 7F       0988*            		DW	7FFFH
0429BF 7E          0989*            		DB	7EH
0429C0 FE FF       0990*            		DW	0FFFEH          ;a(1)
0429C2 FF FF       0991*            		DW	0FFFFH
0429C4 7F          0992*            		DB	7FH
0429C5 00 00       0993*            		DW	0               ;a(0)
0429C7 00 00       0994*            		DW	0
0429C9 80          0995*            		DB	80H
0429CA CD D7 2F 04 0996*            		CALL    POP5
0429CE F1          0997*            		POP     AF
0429CF F5          0998*            		PUSH    AF
0429D0 F4 F5 29 04 0999*            		CALL    P,RECIP         ;X=1/X
0429D4 F1          1000*            		POP     AF
0429D5 F2 DD 29 04 1001*            		JP      P,EXP4
0429D9 E6 7F       1002*            		AND     7FH
0429DB ED 44       1003*            		NEG
0429DD C6 80       1004*    EXP4:			ADD     A,80H
0429DF 81          1005*            		ADD     A,C
0429E0 38 06       1006*            		JR      C,EXP2
0429E2 F2 3E 2F 04 1007*            		JP      P,ZERO_FP          ;UNDERFLOW
0429E6 18 04       1008*            		JR      EXP3
0429E8 FA 09 2F 04 1009*    EXP2:			JP      M,OFLOW         ;OVERFLOW
0429EC C6 80       1010*    EXP3:			ADD     A,80H
0429EE CA 3E 2F 04 1011*            		JP      Z,ZERO_FP
0429F2 4F          1012*            		LD      C,A
0429F3 AF          1013*            		XOR     A               ;NUMERIC MARKER
0429F4 C9          1014*            		RET
0429F5             1015*    ;
0429F5 CD 56 29 04 1016*    RECIP:			CALL    DONE
0429F9 CD F2 2E 04 1017*    RDIV:			CALL    SWAP_FP
0429FD C3 80 25 04 1018*            		JP      FDIV            ;RECIPROCAL
042A01             1019*    ;
042A01 11 72 31 00 1020*    LN2:			LD      DE,3172H        ;LN(2)
042A05 D9          1021*            		EXX
042A06 11 F8 17 00 1022*            		LD      DE,17F8H
042A0A D9          1023*            		EXX
042A0B 06 7F       1024*            		LD      B,7FH
042A0D C9          1025*            		RET
042A0E             1026*    ;
042A0E             1027*    ;LN - Natural log.
042A0E             1028*    ;Result is floating-point numeric.
042A0E             1029*    ;
042A0E CD C1 2E 04 1030*    LN_FP:			CALL    SFLOAT_FP
042A12 3E 16       1031*    LN0:			LD      A,LOGRNG
042A14 CB 7C       1032*            		BIT     7,H
042A16 C2 98 23 04 1033*            		JP      NZ,ERROR_FP_        ;"Log range"
042A1A 0C          1034*            		INC     C
042A1B 0D          1035*            		DEC     C
042A1C CA 98 23 04 1036*            		JP      Z,ERROR_FP_
042A20 11 04 35 00 1037*            		LD      DE,3504H        ;SQR(2)
042A24 D9          1038*            		EXX
042A25 11 33 F3 00 1039*            		LD      DE,0F333H       ;1.41421356237
042A29 D9          1040*            		EXX
042A2A CD 51 2F 04 1041*            		CALL    ICP0            ;MANTISSA>SQR(2)?
042A2E 79          1042*            		LD      A,C             ;EXPONENT
042A2F 0E 80       1043*            		LD      C,80H           ;1 <= X < 2
042A31 38 02       1044*            		JR      C,LN4
042A33 0D          1045*            		DEC     C
042A34 3C          1046*            		INC     A
042A35 F5          1047*    LN4:			PUSH    AF              ;SAVE EXPONENT
042A36 CD E3 2F 04 1048*            		CALL    RATIO           ;X=(X-1)/(X+1)
042A3A CD CE 2F 04 1049*            		CALL    PUSH5
042A3E CD C6 2F 04 1050*    		        CALL    SQUARE          ;PUSH X*X
042A42 CD 0B 30 04 1051*            		CALL    POLY
042A46 48 CC       1052*            		DW	0CC48H          ;a(9)
042A48 FB 74       1053*            		DW	74FBH
042A4A 7D          1054*            		DB	7DH
042A4B AF AE       1055*            		DW	0AEAFH          ;a(7)
042A4D FF 11       1056*            		DW	11FFH
042A4F 7E          1057*            		DB	7EH
042A50 8C D9       1058*            		DW	0D98CH          ;a(5)
042A52 CD 4C       1059*            		DW	4CCDH
042A54 7E          1060*            		DB	7EH
042A55 E3 A9       1061*            		DW	0A9E3H          ;a(3)
042A57 AA 2A       1062*            		DW	2AAAH
042A59 7F          1063*            		DB	7FH
042A5A 00 00       1064*            		DW	0               ;a(1)
042A5C 00 00       1065*            		DW	0
042A5E 81          1066*            		DB	81H
042A5F CD D7 2F 04 1067*            		CALL    POP5
042A63 CD D7 2F 04 1068*            		CALL    POP5
042A67 CD 29 26 04 1069*            		CALL    FMUL
042A6B F1          1070*            		POP     AF              ;EXPONENT
042A6C CD CE 2F 04 1071*            		CALL    PUSH5
042A70 08          1072*            		EX      AF,AF'
042A71 CD 3E 2F 04 1073*            		CALL    ZERO_FP
042A75 08          1074*            		EX      AF,AF'
042A76 D6 80       1075*            		SUB     80H
042A78 28 1F       1076*            		JR      Z,LN3
042A7A 30 02       1077*            		JR      NC,LN1
042A7C 2F          1078*            		CPL
042A7D 3C          1079*            		INC     A
042A7E 67          1080*    LN1:			LD      H,A
042A7F 0E 87       1081*            		LD      C,87H
042A81 F5          1082*            		PUSH    AF
042A82 CD A1 2E 04 1083*            		CALL    FLOAT_
042A86 CB BC       1084*            		RES     7,H
042A88 CD 01 2A 04 1085*            		CALL    LN2
042A8C CD 29 26 04 1086*            		CALL    FMUL
042A90 F1          1087*            		POP     AF
042A91 30 06       1088*            		JR      NC,LN3
042A93 FA 99 2A 04 1089*            		JP      M,LN3
042A97 CB FC       1090*            		SET     7,H
042A99 CD D7 2F 04 1091*    LN3:			CALL    POP5
042A9D CD 17 25 04 1092*            		CALL    FADD
042AA1 AF          1093*            		XOR     A
042AA2 C9          1094*            		RET
042AA3             1095*    ;
042AA3             1096*    ;LOG - base-10 logarithm.
042AA3             1097*    ;Result is floating-point numeric.
042AA3             1098*    ;
042AA3 CD 0E 2A 04 1099*    LOG_FP:			CALL    LN_FP
042AA7 11 5B 5E 00 1100*            		LD      DE,5E5BH        ;LOG(e)
042AAB D9          1101*            		EXX
042AAC 11 A9 D8 00 1102*            		LD      DE,0D8A9H
042AB0 D9          1103*            		EXX
042AB1 06 7E       1104*            		LD      B,7EH
042AB3 CD 29 26 04 1105*            		CALL    FMUL
042AB7 AF          1106*            		XOR     A
042AB8 C9          1107*            		RET
042AB9             1108*    ;
042AB9             1109*    ;ASN - Arc-sine
042AB9             1110*    ;Result is floating-point numeric.
042AB9             1111*    ;
042AB9 CD C1 2E 04 1112*    ASN_FP:			CALL    SFLOAT_FP
042ABD CD CE 2F 04 1113*            		CALL    PUSH5
042AC1 CD BE 2F 04 1114*            		CALL    COPY_
042AC5 CD 29 26 04 1115*            		CALL    FMUL
042AC9 CD 56 29 04 1116*            		CALL    DONE
042ACD CD 04 25 04 1117*            		CALL    RSUB
042AD1 CD 34 28 04 1118*            		CALL    SQR0
042AD5 CD D7 2F 04 1119*            		CALL    POP5
042AD9 0C          1120*            		INC     C
042ADA 0D          1121*            		DEC     C
042ADB 3E 02       1122*            		LD      A,2
042ADD D5          1123*            		PUSH    DE
042ADE CA 63 2B 04 1124*            		JP      Z,ACS1
042AE2 D1          1125*            		POP     DE
042AE3 CD F9 29 04 1126*            		CALL    RDIV
042AE7 18 04       1127*            		JR      ATN0
042AE9             1128*    ;
042AE9             1129*    ;ATN - arc-tangent
042AE9             1130*    ;Result is floating-point numeric.
042AE9             1131*    ;
042AE9 CD C1 2E 04 1132*    ATN_FP:			CALL    SFLOAT_FP
042AED E5          1133*    ATN0:			PUSH    HL              ;SAVE SIGN
042AEE CB BC       1134*            		RES     7,H
042AF0 11 13 54 00 1135*            		LD      DE,5413H        ;TAN(PI/8)=SQR(2)-1
042AF4 D9          1136*            		EXX
042AF5 11 D0 CC 00 1137*            		LD      DE,0CCD0H
042AF9 D9          1138*            		EXX
042AFA 06 7E       1139*            		LD      B,7EH
042AFC CD 4E 2F 04 1140*            		CALL    FCP0            ;COMPARE
042B00 06 00       1141*            		LD      B,0
042B02 38 22       1142*            		JR      C,ATN2
042B04 11 82 1A 00 1143*            		LD      DE,1A82H        ;TAN(3*PI/8)=SQR(2)+1
042B08 D9          1144*            		EXX
042B09 11 9A 79 00 1145*            		LD      DE,799AH
042B0D D9          1146*            		EXX
042B0E 06 81       1147*            		LD      B,81H
042B10 CD 4E 2F 04 1148*            		CALL    FCP0            ;COMPARE
042B14 38 0A       1149*            		JR      C,ATN1
042B16 CD F5 29 04 1150*            		CALL    RECIP           ;X=1/X
042B1A 06 02       1151*            		LD      B,2
042B1C C3 26 2B 04 1152*            		JP      ATN2
042B20 CD E3 2F 04 1153*    ATN1:			CALL    RATIO           ;X=(X-1)/(X+1)
042B24 06 01       1154*            		LD      B,1
042B26 C5          1155*    ATN2:			PUSH    BC              ;SAVE FLAG
042B27 CD CE 2F 04 1156*            		CALL    PUSH5
042B2B CD C6 2F 04 1157*            		CALL    SQUARE          ;PUSH X*X
042B2F CD 0B 30 04 1158*            		CALL    POLY
042B33 35 F3       1159*            		DW	0F335H          ;a(13)
042B35 D8 37       1160*            		DW	37D8H
042B37 7B          1161*            		DB	7BH
042B38 91 6B       1162*            		DW	6B91H           ;a(11)
042B3A B9 AA       1163*            		DW	0AAB9H
042B3C 7C          1164*            		DB	7CH
042B3D DE 41       1165*            		DW	41DEH           ;a(9)
042B3F 97 61       1166*            		DW	6197H
042B41 7C          1167*            		DB	7CH
042B42 7B 9D       1168*            		DW	9D7BH           ;a(7)
042B44 37 92       1169*            		DW	9237H
042B46 7D          1170*            		DB	7DH
042B47 5A 2A       1171*            		DW	2A5AH           ;a(5)
042B49 CC 4C       1172*            		DW	4CCCH
042B4B 7D          1173*            		DB	7DH
042B4C 5C A9       1174*            		DW	0A95CH          ;a(3)
042B4E AA AA       1175*            		DW	0AAAAH
042B50 7E          1176*            		DB	7EH
042B51 00 00       1177*            		DW	0               ;a(1)
042B53 00 00       1178*            		DW	0
042B55 80          1179*            		DB	80H
042B56 CD D7 2F 04 1180*            		CALL    POP5
042B5A CD D7 2F 04 1181*            		CALL    POP5
042B5E CD 29 26 04 1182*            		CALL    FMUL
042B62 F1          1183*            		POP     AF
042B63 CD 63 29 04 1184*    ACS1:			CALL    PIBY4           ;PI/4
042B67 1F          1185*            		RRA
042B68 F5          1186*            		PUSH    AF
042B69 DC 17 25 04 1187*            		CALL    C,FADD
042B6D F1          1188*            		POP     AF
042B6E 04          1189*            		INC     B
042B6F 1F          1190*            		RRA
042B70 DC 04 25 04 1191*            		CALL    C,RSUB
042B74 F1          1192*            		POP     AF
042B75 B7          1193*            		OR      A
042B76 F0          1194*            		RET     P
042B77 CB FC       1195*            		SET     7,H             ;MAKE NEGATIVE
042B79 AF          1196*            		XOR     A
042B7A C9          1197*            		RET
042B7B             1198*    ;
042B7B             1199*    ;ACS - Arc cosine=PI/2-ASN.
042B7B             1200*    ;Result is floating point numeric.
042B7B             1201*    ;
042B7B CD B9 2A 04 1202*    ACS_FP:			CALL    ASN_FP
042B7F 3E 02       1203*            		LD      A,2
042B81 F5          1204*            		PUSH    AF
042B82 18 DF       1205*            		JR      ACS1
042B84             1206*    ;
042B84             1207*    ;Function STR - convert numeric value to ASCII string.
042B84             1208*    ;   Inputs: HLH'L'C = integer or floating-point number
042B84             1209*    ;           DE = address at which to store string
042B84             1210*    ;           IX = address of @% format control
042B84             1211*    ;  Outputs: String stored, with NUL terminator
042B84             1212*    ;
042B84             1213*    ;First normalise for decimal output:
042B84             1214*    ;
042B84 CD C1 2E 04 1215*    STR_FP:			CALL    SFLOAT_FP
042B88 06 00       1216*            		LD      B,0             ;DEFAULT PT. POSITION
042B8A CB 7C       1217*            		BIT     7,H             ;NEGATIVE?
042B8C 28 06       1218*            		JR      Z,STR10
042B8E CB BC       1219*            		RES     7,H
042B90 3E 2D       1220*            		LD      A,'-'
042B92 12          1221*            		LD      (DE),A          ;STORE SIGN
042B93 13          1222*            		INC     DE
042B94 AF          1223*    STR10:			XOR     A               ;CLEAR A
042B95 B9          1224*            		CP      C
042B96 28 4E       1225*            		JR      Z,STR02          ;ZERO
042B98 D5          1226*            		PUSH    DE              ;SAVE TEXT POINTER
042B99 78          1227*            		LD      A,B
042B9A F5          1228*    STR11:			PUSH    AF              ;SAVE DECIMAL COUNTER
042B9B 79          1229*            		LD      A,C             ;BINARY EXPONENT
042B9C FE A1       1230*            		CP      161
042B9E 30 1C       1231*            		JR      NC,STR14
042BA0 FE 9B       1232*            		CP      155
042BA2 30 29       1233*            		JR      NC,STR15
042BA4 2F          1234*            		CPL
042BA5 FE E1       1235*            		CP      225
042BA7 38 02       1236*            		JR      C,STR13
042BA9 3E F8       1237*            		LD      A,-8
042BAB C6 1C       1238*    STR13:			ADD     A,28
042BAD CD 3A 30 04 1239*            		CALL    POWR10
042BB1 F5          1240*            		PUSH    AF
042BB2 CD 29 26 04 1241*            		CALL    FMUL
042BB6 F1          1242*            		POP     AF
042BB7 47          1243*            		LD      B,A
042BB8 F1          1244*            		POP     AF
042BB9 90          1245*            		SUB     B
042BBA 18 DE       1246*            		JR      STR11
042BBC D6 20       1247*    STR14:			SUB     32
042BBE CD 3A 30 04 1248*            		CALL    POWR10
042BC2 F5          1249*            		PUSH    AF
042BC3 CD 80 25 04 1250*            		CALL    FDIV
042BC7 F1          1251*            		POP     AF
042BC8 47          1252*            		LD      B,A
042BC9 F1          1253*            		POP     AF
042BCA 80          1254*            		ADD     A,B
042BCB 18 CD       1255*            		JR      STR11
042BCD 3E 09       1256*    STR15:			LD      A,9
042BCF CD 3A 30 04 1257*            		CALL    POWR10          ;10^9
042BD3 CD 4E 2F 04 1258*            		CALL    FCP0
042BD7 79          1259*            		LD      A,C
042BD8 C1          1260*            		POP     BC
042BD9 4F          1261*            		LD      C,A
042BDA CB FC       1262*            		SET     7,H             ;IMPLIED 1
042BDC DC 76 2F 04 1263*            		CALL    C,X10B          ;X10, DEC B
042BE0 D1          1264*            		POP     DE              ;RESTORE TEXT POINTER
042BE1 CB B9       1265*            		RES     7,C
042BE3 3E 00       1266*            		LD      A,0
042BE5 17          1267*            		RLA                     ;PUT CARRY IN LSB
042BE6             1268*    ;
042BE6             1269*    ;At this point decimal normalisation has been done,
042BE6             1270*    ;now convert to decimal digits:
042BE6             1271*    ;      AHLH'L' = number in normalised integer form
042BE6             1272*    ;            B = decimal place adjustment
042BE6             1273*    ;            C = binary place adjustment (29-33)
042BE6             1274*    ;
042BE6 0C          1275*    STR02:			INC     C
042BE7 08          1276*            		EX      AF,AF'          ;SAVE A
042BE8 78          1277*            		LD      A,B
042BE9 DD CB 02 4E 1278*            		BIT     1,(IX+2)
042BED 20 08       1279*            		JR      NZ,STR20
042BEF AF          1280*            		XOR     A
042BF0 DD BE 01    1281*            		CP      (IX+1)
042BF3 28 0B       1282*            		JR      Z,STR21
042BF5 3E F6       1283*            		LD      A,-10
042BF7 DD 86 01    1284*    STR20:			ADD     A,(IX+1)        ;SIG. FIG. COUNT
042BFA B7          1285*            		OR      A               ;CLEAR CARRY
042BFB FA 00 2C 04 1286*            		JP      M,STR21
042BFF AF          1287*            		XOR     A
042C00 F5          1288*    STR21:			PUSH    AF
042C01 08          1289*            		EX      AF,AF'          ;RESTORE A
042C02 CD AA 2F 04 1290*    STR22:			CALL    X2              ;RL AHLH'L'
042C06 8F          1291*            		ADC     A,A
042C07 FE 0A       1292*            		CP      10
042C09 38 05       1293*            		JR      C,STR23
042C0B D6 0A       1294*            		SUB     10
042C0D D9          1295*            		EXX
042C0E 2C          1296*            		INC     L               ;SET RESULT BIT
042C0F D9          1297*            		EXX
042C10 0D          1298*    STR23:			DEC     C
042C11 20 EF       1299*            		JR      NZ,STR22        ;32 TIMES
042C13 4F          1300*            		LD      C,A             ;REMAINDER
042C14 7C          1301*            		LD      A,H
042C15 E6 3F       1302*            		AND     3FH             ;CLEAR OUT JUNK
042C17 67          1303*            		LD      H,A
042C18 F1          1304*            		POP     AF
042C19 F2 27 2C 04 1305*            		JP      P,STR24
042C1D 3C          1306*            		INC     A
042C1E 20 1C       1307*            		JR      NZ,STR26
042C20 3E 04       1308*            		LD      A,4
042C22 B9          1309*            		CP      C               ;ROUND UP?
042C23 3E 00       1310*            		LD      A,0
042C25 18 15       1311*            		JR      STR26
042C27 F5          1312*    STR24:			PUSH    AF
042C28 79          1313*            		LD      A,C
042C29 CE 30       1314*            		ADC     A,'0'           ;ADD CARRY
042C2B FE 30       1315*            		CP      '0'
042C2D 28 05       1316*            		JR      Z,STR25         ;SUPPRESS ZERO
042C2F FE 3A       1317*            		CP      '9'+1
042C31 3F          1318*            		CCF
042C32 30 08       1319*            		JR      NC,STR26
042C34 E3          1320*    STR25:			EX      (SP),HL
042C35 CB 75       1321*            		BIT     6,L             ;ZERO FLAG
042C37 E3          1322*    		        EX      (SP),HL
042C38 20 05       1323*            		JR      NZ,STR27
042C3A 3E 30       1324*            		LD      A,'0'
042C3C 3C          1325*    STR26:			INC     A               ;SET +VE
042C3D 3D          1326*            		DEC     A
042C3E F5          1327*            		PUSH    AF              ;PUT ON STACK + CARRY
042C3F 04          1328*    STR27:			INC     B
042C40 CD 1A 2F 04 1329*            		CALL    TEST_FP            ;IS HLH'L' ZERO?
042C44 0E 20       1330*            		LD      C,32
042C46 3E 00       1331*            		LD      A,0
042C48 20 B8       1332*            		JR      NZ,STR22
042C4A F1          1333*            		POP     AF
042C4B F5          1334*            		PUSH    AF
042C4C 3E 00       1335*            		LD      A,0
042C4E 38 B2       1336*            		JR      C,STR22
042C50             1337*    ;
042C50             1338*    ;At this point, the decimal character string is stored
042C50             1339*    ; on the stack. Trailing zeroes are suppressed and may
042C50             1340*    ; need to be replaced.
042C50             1341*    ;B register holds decimal point position.
042C50             1342*    ;Now format number and store as ASCII string:
042C50             1343*    ;
042C50 EB          1344*    STR3:			EX      DE,HL           ;STRING POINTER
042C51 0E FF       1345*            		LD      C,-1            ;FLAG "E"
042C53 16 01       1346*            		LD      D,1
042C55 DD 5E 01    1347*            		LD      E,(IX+1)        ;f2
042C58 DD CB 02 46 1348*            		BIT     0,(IX+2)
042C5C 20 35       1349*            		JR      NZ,STR34        ;E MODE
042C5E DD CB 02 4E 1350*            		BIT     1,(IX+2)
042C62 28 12       1351*            		JR      Z,STR31
042C64 78          1352*            		LD      A,B             ;F MODE
042C65 B7          1353*            		OR      A
042C66 28 05       1354*            		JR      Z,STR30
042C68 FA 6D 2C 04 1355*            		JP      M,STR30
042C6C 50          1356*            		LD      D,B
042C6D 7A          1357*    STR30:			LD      A,D
042C6E DD 86 01    1358*            		ADD     A,(IX+1)
042C71 5F          1359*            		LD      E,A
042C72 FE 0B       1360*            		CP      11
042C74 38 19       1361*            		JR      C,STR32
042C76 78          1362*    STR31:			LD      A,B             ;G MODE
042C77 11 01 01 00 1363*            		LD      DE,101H
042C7B B7          1364*            		OR      A
042C7C FA 93 2C 04 1365*            		JP      M,STR34
042C80 28 0D       1366*            		JR      Z,STR32
042C82 DD 7E 01    1367*            		LD      A,(IX+1)
042C85 B7          1368*            		OR      A
042C86 20 02       1369*            		JR      NZ,STR3A
042C88 3E 0A       1370*            		LD      A,10
042C8A B8          1371*    STR3A:			CP      B
042C8B 38 06       1372*            		JR      C,STR34
042C8D 50          1373*            		LD      D,B
042C8E 58          1374*            		LD      E,B
042C8F 78          1375*    STR32:			LD      A,B
042C90 C6 81       1376*            		ADD     A,129
042C92 4F          1377*            		LD      C,A
042C93 CB FA       1378*    STR34:			SET     7,D
042C95 1D          1379*            		DEC     E
042C96 7A          1380*    STR35:			LD      A,D
042C97 B9          1381*            		CP      C
042C98 30 0E       1382*            		JR      NC,STR33
042C9A F1          1383*    STR36:			POP     AF
042C9B 28 04       1384*            		JR      Z,STR37
042C9D F2 AA 2C 04 1385*            		JP      P,STR38
042CA1 F5          1386*    STR37:			PUSH    AF
042CA2 1C          1387*            		INC     E
042CA3 1D          1388*            		DEC     E
042CA4 FA BB 2C 04 1389*            		JP      M,STR4
042CA8 3E 30       1390*    STR33:			LD      A,'0'
042CAA 15          1391*    STR38:			DEC     D
042CAB E2 B2 2C 04 1392*            		JP      PO,STR39
042CAF 36 2E       1393*            		LD      (HL),'.'
042CB1 23          1394*            		INC     HL
042CB2 77          1395*    STR39:			LD      (HL),A
042CB3 23          1396*            		INC     HL
042CB4 1D          1397*            		DEC     E
042CB5 F2 96 2C 04 1398*            		JP      P,STR35
042CB9 18 DF       1399*            		JR      STR36
042CBB             1400*    ;
042CBB F1          1401*    STR4:			POP     AF
042CBC 0C          1402*    STR40:			INC     C
042CBD 4D          1403*            		LD      C,L
042CBE 20 28       1404*            		JR      NZ,STR44
042CC0 36 45       1405*            		LD      (HL),'E'        ;EXPONENT
042CC2 23          1406*            		INC     HL
042CC3 78          1407*            		LD      A,B
042CC4 3D          1408*            		DEC     A
042CC5 F2 CE 2C 04 1409*            		JP      P,STR41
042CC9 36 2D       1410*            		LD      (HL),'-'
042CCB 23          1411*            		INC     HL
042CCC ED 44       1412*            		NEG
042CCE 36 30       1413*    STR41:			LD      (HL),'0'
042CD0 28 15       1414*            		JR      Z,STR47
042CD2 FE 0A       1415*            		CP      10
042CD4 47          1416*            		LD      B,A
042CD5 3E 3A       1417*            		LD      A,':'
042CD7 38 03       1418*            		JR      C,STR42
042CD9 23          1419*            		INC     HL
042CDA 36 30       1420*            		LD      (HL),'0'
042CDC 34          1421*    STR42:			INC     (HL)
042CDD BE          1422*            		CP      (HL)
042CDE 20 05       1423*            		JR      NZ,STR43
042CE0 36 30       1424*            		LD      (HL),'0'
042CE2 2B          1425*            		DEC     HL
042CE3 34          1426*            		INC     (HL)
042CE4 23          1427*            		INC     HL
042CE5 10 F5       1428*    STR43:			DJNZ    STR42
042CE7 23          1429*    STR47:			INC     HL
042CE8 EB          1430*    STR44:			EX      DE,HL
042CE9 C9          1431*          			RET
042CEA             1432*    ;
042CEA             1433*    ;Support subroutines:
042CEA             1434*    ;
042CEA DD 46 04    1435*    DLOAD5:			LD      B,(IX+4)
042CED D9          1436*            		EXX
042CEE DD 5E 00    1437*            		LD      E,(IX+0)
042CF1 DD 56 01    1438*            		LD      D,(IX+1)
042CF4 D9          1439*            		EXX
042CF5 DD 5E 02    1440*            		LD      E,(IX+2)
042CF8 DD 56 03    1441*            		LD      D,(IX+3)
042CFB C9          1442*            		RET
042CFC             1443*    ;
042CFC DD 46 06    1444*    DLOAD5_SPL:		LD      B,(IX+6)
042CFF D9          1445*    			EXX
042D00 DD 17 00    1446*    			LD	DE, (IX+0)
042D03 D9          1447*    			EXX
042D04 DD 17 03    1448*    			LD	DE, (IX+3)
042D07 C9          1449*    			RET
042D08             1450*    ;
042D08             1451*    ;CON_FP - Get unsigned numeric constant from ASCII string.
042D08             1452*    ;   Inputs: ASCII string at (IX).
042D08             1453*    ;  Outputs: Variable-type result in HLH'L'C
042D08             1454*    ;           IX updated (points to delimiter)
042D08             1455*    ;           A7 = 0 (numeric marker)
042D08             1456*    ;
042D08 CD 3E 2F 04 1457*    CON_FP:			CALL    ZERO_FP            ;INITIALISE TO ZERO
042D0C 0E 00       1458*            		LD      C,0             ;TRUNCATION COUNTER
042D0E CD 9C 2D 04 1459*            		CALL    UINT          ;GET INTEGER PART
042D12 FE 2E       1460*            		CP      '.'
042D14 06 00       1461*            		LD      B,0             ;DECL. PLACE COUNTER
042D16 CC 9A 2D 04 1462*            		CALL    Z,NUMBIX        ;GET FRACTION PART
042D1A FE 45       1463*            		CP      'E'
042D1C 3E 00       1464*            		LD      A,0             ;INITIALISE EXPONENT
042D1E CC 68 2D 04 1465*            		CALL    Z,GETEXP        ;GET EXPONENT
042D22 CB 7C       1466*            		BIT     7,H
042D24 20 08       1467*            		JR      NZ,CON0         ;INTEGER OVERFLOW
042D26 B7          1468*            		OR      A
042D27 20 05       1469*            		JR      NZ,CON0         ;EXPONENT NON-ZERO
042D29 B8          1470*            		CP      B
042D2A 20 02       1471*            		JR      NZ,CON0         ;DECIMAL POINT
042D2C B9          1472*            		CP      C
042D2D C8          1473*            		RET     Z               ;INTEGER
042D2E 90          1474*    CON0:			SUB     B
042D2F 81          1475*            		ADD     A,C
042D30 0E 9F       1476*            		LD      C,159
042D32 CD A1 2E 04 1477*            		CALL    FLOAT_
042D36 CB BC       1478*            		RES     7,H             ;DITCH IMPLIED 1
042D38 B7          1479*            		OR      A
042D39 C8          1480*            		RET     Z               ;DONE
042D3A FA 48 2D 04 1481*            		JP      M,CON2          ;NEGATIVE EXPONENT
042D3E CD 3A 30 04 1482*            		CALL    POWR10
042D42 CD 29 26 04 1483*            		CALL    FMUL            ;SCALE
042D46 AF          1484*            		XOR     A
042D47 C9          1485*            		RET
042D48 FE DA       1486*    CON2:			CP      -38
042D4A 38 0C       1487*            		JR      C,CON3          ;CAN'T SCALE IN ONE GO
042D4C ED 44       1488*            		NEG
042D4E CD 3A 30 04 1489*            		CALL    POWR10
042D52 CD 80 25 04 1490*            		CALL    FDIV            ;SCALE
042D56 AF          1491*            		XOR     A
042D57 C9          1492*            		RET
042D58 F5          1493*    CON3:			PUSH    AF
042D59 3E 26       1494*            		LD      A,38
042D5B CD 3A 30 04 1495*            		CALL    POWR10
042D5F CD 80 25 04 1496*            		CALL    FDIV
042D63 F1          1497*            		POP     AF
042D64 C6 26       1498*            		ADD     A,38
042D66 18 E0       1499*            		JR      CON2
042D68             1500*    ;
042D68             1501*    ;GETEXP - Get decimal exponent from string
042D68             1502*    ;     Inputs: ASCII string at (IX)
042D68             1503*    ;             (IX points at 'E')
042D68             1504*    ;             A = initial value
042D68             1505*    ;    Outputs: A = new exponent
042D68             1506*    ;             IX updated.
042D68             1507*    ;   Destroys: A,A',IX,F,F'
042D68             1508*    ;
042D68 C5          1509*    GETEXP:			PUSH    BC              ;SAVE REGISTERS
042D69 47          1510*            		LD      B,A             ;INITIAL VALUE
042D6A 0E 02       1511*            		LD      C,2             ;2 DIGITS MAX
042D6C DD 23       1512*            		INC     IX              ;BUMP PAST 'E'
042D6E CD 58 31 04 1513*            		CALL    SIGNQ
042D72 08          1514*            		EX      AF,AF'          ;SAVE EXPONENT SIGN
042D73 CD 4E 31 04 1515*    GETEX1:			CALL    DIGITQ
042D77 38 18       1516*            		JR      C,GETEX2
042D79 78          1517*            		LD      A,B             ;B=B*10
042D7A 87          1518*            		ADD     A,A
042D7B 87          1519*            		ADD     A,A
042D7C 80          1520*            		ADD     A,B
042D7D 87          1521*            		ADD     A,A
042D7E 47          1522*            		LD      B,A
042D7F DD 7E 00    1523*            		LD      A,(IX)          ;GET BACK DIGIT
042D82 DD 23       1524*            		INC     IX
042D84 E6 0F       1525*            		AND     0FH             ;MASK UNWANTED BITS
042D86 80          1526*            		ADD     A,B             ;ADD IN DIGIT
042D87 47          1527*            		LD      B,A
042D88 0D          1528*            		DEC     C
042D89 F2 73 2D 04 1529*            		JP      P,GETEX1
042D8D 06 64       1530*            		LD      B,100           ;FORCE OVERFLOW
042D8F 18 E2       1531*            		JR      GETEX1
042D91 08          1532*    GETEX2:			EX      AF,AF'          ;RESTORE SIGN
042D92 FE 2D       1533*            		CP      '-'
042D94 78          1534*            		LD      A,B
042D95 C1          1535*            		POP     BC              ;RESTORE
042D96 C0          1536*            		RET     NZ
042D97 ED 44       1537*            		NEG                     ;NEGATE EXPONENT
042D99 C9          1538*            		RET
042D9A             1539*    ;
042D9A             1540*    ;UINT: Get unsigned integer from string.
042D9A             1541*    ;    Inputs: string at (IX)
042D9A             1542*    ;            C = truncated digit count
042D9A             1543*    ;                (initially zero)
042D9A             1544*    ;            B = total digit count
042D9A             1545*    ;            HLH'L' = initial value
042D9A             1546*    ;   Outputs: HLH'L' = number (binary integer)
042D9A             1547*    ;            A = delimiter.
042D9A             1548*    ;            B, C & IX updated
042D9A             1549*    ;  Destroys: A,B,C,D,E,H,L,B',C',D',E',H',L',IX,F
042D9A             1550*    ;
042D9A DD 23       1551*    NUMBIX:			INC     IX
042D9C CD 4E 31 04 1552*    UINT:			CALL    DIGITQ
042DA0 D8          1553*            		RET     C
042DA1 04          1554*            		INC     B               ;INCREMENT DIGIT COUNT
042DA2 DD 23       1555*            		INC     IX
042DA4 CD 97 2F 04 1556*            		CALL    X10             ;*10 & COPY OLD VALUE
042DA8 38 15       1557*            		JR      C,NUMB1         ;OVERFLOW
042DAA 0D          1558*            		DEC     C               ;SEE IF TRUNCATED
042DAB 0C          1559*            		INC     C
042DAC 20 11       1560*            		JR      NZ,NUMB1        ;IMPORTANT!
042DAE E6 0F       1561*            		AND     0FH
042DB0 D9          1562*            		EXX
042DB1 06 00       1563*            		LD      B,0
042DB3 4F          1564*            		LD      C,A
042DB4 52 09       1565*            		ADD.S   HL,BC           ;ADD IN DIGIT
042DB6 D9          1566*            		EXX
042DB7 30 E3       1567*            		JR      NC,UINT
042DB9 52 23       1568*            		INC.S   HL              ;CARRY
042DBB 7C          1569*            		LD      A,H
042DBC B5          1570*            		OR      L
042DBD 20 DD       1571*            		JR      NZ,UINT
042DBF 0C          1572*    NUMB1:			INC     C               ;TRUNCATION COUNTER
042DC0 CD F5 2E 04 1573*            		CALL    SWAP1           ;RESTORE PREVIOUS VALUE
042DC4 18 D6       1574*            		JR      UINT
042DC6             1575*    ;
042DC6             1576*    ;FIX - Fix number to specified exponent value.
042DC6             1577*    ;    Inputs: HLH'L'C = +ve non-zero number (floated)
042DC6             1578*    ;            A = desired exponent (A>C)
042DC6             1579*    ;   Outputs: HLH'L'C = fixed number (unsigned)
042DC6             1580*    ;            fraction shifted into B'C'
042DC6             1581*    ;            A'F' positive if integer input
042DC6             1582*    ;  Destroys: C,H,L,A',B',C',H',L',F,F'
042DC6             1583*    ;
042DC6 08          1584*    FIX:			EX      AF,AF'
042DC7 AF          1585*            		XOR     A
042DC8 08          1586*            		EX      AF,AF'
042DC9 CB FC       1587*            		SET     7,H             ;IMPLIED 1
042DCB CD FA 2E 04 1588*    FIX1:			CALL    DIV2
042DCF B9          1589*            		CP      C
042DD0 C8          1590*            		RET     Z
042DD1 D2 CB 2D 04 1591*            		JP      NC,FIX1
042DD5 C3 09 2F 04 1592*            		JP      OFLOW
042DD9             1593*    ;
042DD9             1594*    ;SFIX - Convert to integer if necessary.
042DD9             1595*    ;    Input: Variable-type number in HLH'L'C
042DD9             1596*    ;   Output: Integer in HLH'L', C=0
042DD9             1597*    ; Destroys: A,C,H,L,A',B',C',H',L',F,F'
042DD9             1598*    ;
042DD9             1599*    ;NEGATE - Negate HLH'L'
042DD9             1600*    ;    Destroys: H,L,H',L',F
042DD9             1601*    ;
042DD9 CD F2 2E 04 1602*    FIX2:			CALL    SWAP_FP
042DDD CD E5 2D 04 1603*            		CALL    SFIX_FP
042DE1 CD F2 2E 04 1604*            		CALL    SWAP_FP
042DE5 0D          1605*    SFIX_FP:			DEC     C
042DE6 0C          1606*            		INC     C
042DE7 C8          1607*            		RET     Z               ;INTEGER/ZERO
042DE8 CB 7C       1608*            		BIT     7,H             ;SIGN
042DEA F5          1609*            		PUSH    AF
042DEB 3E 9F       1610*            		LD      A,159
042DED CD C6 2D 04 1611*            		CALL    FIX
042DF1 F1          1612*            		POP     AF
042DF2 0E 00       1613*            		LD      C,0
042DF4 C8          1614*            		RET     Z
042DF5 B7          1615*    NEGATE:			OR      A               ;CLEAR CARRY
042DF6 D9          1616*            		EXX
042DF7 D5          1617*    NEG0:			PUSH    DE
042DF8 EB          1618*            		EX      DE,HL
042DF9 21 00 00 00 1619*            		LD      HL,0
042DFD 52 ED 52    1620*            		SBC.S   HL,DE
042E00 D1          1621*            		POP     DE
042E01 D9          1622*            		EXX
042E02 D5          1623*            		PUSH    DE
042E03 EB          1624*            		EX      DE,HL
042E04 21 00 00 00 1625*            		LD      HL,0
042E08 52 ED 52    1626*            		SBC.S   HL,DE
042E0B D1          1627*            		POP     DE
042E0C C9          1628*            		RET
042E0D             1629*    ;
042E0D             1630*    ;NEG - Negate HLH'L'B'C'
042E0D             1631*    ;    Also complements A (used in FADD)
042E0D             1632*    ;    Destroys: A,H,L,B',C',H',L',F
042E0D             1633*    ;
042E0D D9          1634*    NEG_:			EXX
042E0E 2F          1635*            		CPL
042E0F E5          1636*            		PUSH    HL
042E10 B7          1637*            		OR      A               ;CLEAR CARRY
042E11 21 00 00 00 1638*            		LD      HL,0
042E15 52 ED 42    1639*            		SBC.S   HL,BC
042E18 44          1640*            		LD      B,H
042E19 4D          1641*            		LD      C,L
042E1A E1          1642*            		POP     HL
042E1B 18 DA       1643*            		JR      NEG0
042E1D             1644*    ;
042E1D             1645*    ;SCALE - Trig scaling.
042E1D             1646*    ;MOD48 - 48-bit floating-point "modulus" (remainder).
042E1D             1647*    ;   Inputs: HLH'L'C unsigned floating-point dividend
042E1D             1648*    ;           DED'E'B'C'B unsigned 48-bit FP divisor
042E1D             1649*    ;  Outputs: HLH'L'C floating point remainder (H7=1)
042E1D             1650*    ;           E = quotient (bit 7 is sticky)
042E1D             1651*    ; Destroys: A,B,C,D,E,H,L,B',C',D',E',H',L',IX,F
042E1D             1652*    ;FLO48 - Float unsigned number (48 bits)
042E1D             1653*    ;    Input/output in HLH'L'B'C'C
042E1D             1654*    ;   Destroys: C,H,L,B',C',H',L',F
042E1D             1655*    ;
042E1D 3E 96       1656*    SCALE:			LD      A,150
042E1F B9          1657*            		CP      C
042E20 3E 17       1658*            		LD      A,ACLOST
042E22 DA 98 23 04 1659*            		JP      C,ERROR_FP_         ;"Accuracy lost"
042E26 CD 63 29 04 1660*            		CALL    PIBY4
042E2A D9          1661*            		EXX
042E2B 01 69 21 00 1662*            		LD      BC,2169H        ;3.141592653589793238
042E2F D9          1663*            		EXX
042E30 CB FA       1664*    MOD48:			SET     7,D             ;IMPLIED 1
042E32 CB FC       1665*            		SET     7,H
042E34 79          1666*            		LD      A,C
042E35 0E 00       1667*            		LD      C,0             ;INIT QUOTIENT
042E37 DD 21 00 00 1668*            		LD      IX,0
       00          
042E3C DD E5       1669*            		PUSH    IX              ;PUT ZERO ON STACK
042E3E B8          1670*            		CP      B
042E3F 38 46       1671*            		JR      C,MOD485        ;DIVIDEND<DIVISOR
042E41 D9          1672*    MOD481:			EXX                     ;CARRY=0 HERE
042E42 E3          1673*            		EX      (SP),HL
042E43 52 ED 42    1674*            		SBC.S   HL,BC
042E46 E3          1675*            		EX      (SP),HL
042E47 52 ED 52    1676*            		SBC.S   HL,DE
042E4A D9          1677*            		EXX
042E4B 52 ED 52    1678*            		SBC.S   HL,DE
042E4E 30 0C       1679*            		JR      NC,MOD482       ;DIVIDEND>=DIVISOR
042E50 D9          1680*            		EXX
042E51 E3          1681*            		EX      (SP),HL
042E52 52 09       1682*            		ADD.S   HL,BC
042E54 E3          1683*            		EX      (SP),HL
042E55 52 ED 5A    1684*            		ADC.S   HL,DE
042E58 D9          1685*            		EXX
042E59 52 ED 5A    1686*            		ADC.S   HL,DE
042E5C 3F          1687*    MOD482:			CCF
042E5D CB 11       1688*            		RL      C               ;QUOTIENT
042E5F 30 02       1689*            		JR      NC,MOD483
042E61 CB F9       1690*            		SET     7,C             ;STICKY BIT
042E63 3D          1691*    MOD483:			DEC     A
042E64 B8          1692*            		CP      B
042E65 38 1F       1693*            		JR      C,MOD484        ;DIVIDEND<DIVISOR
042E67 E3          1694*            		EX      (SP),HL
042E68 52 29       1695*            		ADD.S   HL,HL           ;DIVIDEND * 2
042E6A E3          1696*            		EX      (SP),HL
042E6B D9          1697*            		EXX
042E6C 52 ED 6A    1698*            		ADC.S   HL,HL
042E6F D9          1699*            		EXX
042E70 52 ED 6A    1700*            		ADC.S   HL,HL
042E73 30 CC       1701*            		JR      NC,MOD481       ;AGAIN
042E75 B7          1702*            		OR      A
042E76 D9          1703*            		EXX
042E77 E3          1704*            		EX      (SP),HL
042E78 52 ED 42    1705*            		SBC.S   HL,BC           ;OVERFLOW, SO SUBTRACT
042E7B E3          1706*            		EX      (SP),HL
042E7C 52 ED 52    1707*            		SBC.S   HL,DE
042E7F D9          1708*            		EXX
042E80 52 ED 52    1709*            		SBC.S   HL,DE
042E83 B7          1710*            		OR      A
042E84 18 D6       1711*            		JR      MOD482
042E86             1712*    ;
042E86 3C          1713*    MOD484:			INC     A
042E87 59          1714*    MOD485:			LD      E,C             ;QUOTIENT
042E88 4F          1715*            		LD      C,A             ;REMAINDER EXPONENT
042E89 D9          1716*            		EXX
042E8A C1          1717*            		POP     BC
042E8B D9          1718*            		EXX
042E8C CB 7C       1719*    FLO48:			BIT     7,H
042E8E C0          1720*            		RET     NZ
042E8F D9          1721*            		EXX
042E90 CB 21       1722*            		SLA     C
042E92 CB 10       1723*            		RL      B
042E94 52 ED 6A    1724*            		ADC.S   HL,HL
042E97 D9          1725*            		EXX
042E98 52 ED 6A    1726*            		ADC.S   HL,HL
042E9B 0D          1727*            		DEC     C
042E9C C2 8C 2E 04 1728*            		JP      NZ,FLO48
042EA0 C9          1729*            		RET
042EA1             1730*    ;
042EA1             1731*    ;Float unsigned number
042EA1             1732*    ;    Input/output in HLH'L'C
042EA1             1733*    ;   Destroys: C,H,L,H',L',F
042EA1             1734*    ;
042EA1 CB 7C       1735*    FLOAT_:			BIT     7,H
042EA3 C0          1736*            		RET     NZ
042EA4 D9          1737*            		EXX                     ;SAME AS "X2"
042EA5 52 29       1738*            		ADD.S   HL,HL           ;TIME-CRITICAL
042EA7 D9          1739*            		EXX                     ;REGION
042EA8 52 ED 6A    1740*            		ADC.S   HL,HL           ;(BENCHMARKS)
042EAB 0D          1741*            		DEC     C
042EAC C2 A1 2E 04 1742*            		JP      NZ,FLOAT_
042EB0 C9          1743*            		RET
042EB1             1744*    ;
042EB1             1745*    ;SFLOAT - Convert to floating-point if necessary.
042EB1             1746*    ;    Input: Variable-type number in HLH'L'C
042EB1             1747*    ;    Output: Floating-point in HLH'L'C
042EB1             1748*    ;    Destroys: A,C,H,L,H',L',F
042EB1             1749*    ;
042EB1 08          1750*    FLOATA:			EX      AF,AF'
042EB2             1751*            		; ADD     A,(RTABLE-DTABLE)/3
042EB2 C6 2A       1752*            		ADD     A,RTABLE-DTABLE/3 ; ez80asm doesn't do nested expressions
042EB4 08          1753*            		EX      AF,AF'
042EB5 CD F2 2E 04 1754*    FLOAT2:			CALL    SWAP_FP
042EB9 CD C1 2E 04 1755*            		CALL    SFLOAT_FP
042EBD CD F2 2E 04 1756*            		CALL    SWAP_FP
042EC1 0D          1757*    SFLOAT_FP:			DEC     C
042EC2 0C          1758*            		INC     C
042EC3 C0          1759*            		RET     NZ              ;ALREADY FLOATING-POINT
042EC4 CD 1A 2F 04 1760*            		CALL    TEST_FP
042EC8 C8          1761*            		RET     Z               ;ZERO
042EC9 7C          1762*            		LD      A,H
042ECA B7          1763*            		OR      A
042ECB FC F5 2D 04 1764*            		CALL    M,NEGATE
042ECF 0E 9F       1765*            		LD      C,159
042ED1 CD A1 2E 04 1766*            		CALL    FLOAT_
042ED5 B7          1767*            		OR      A
042ED6 F8          1768*            		RET     M               ;NEGATIVE
042ED7 CB BC       1769*            		RES     7,H
042ED9 C9          1770*            		RET
042EDA             1771*    ;
042EDA             1772*    ;ROUND UP
042EDA             1773*    ;Return with carry set if 32-bit overflow
042EDA             1774*    ;   Destroys: H,L,B',C',H',L',F
042EDA             1775*    ;
042EDA D9          1776*    ADD1_FP:			EXX
042EDB 01 01 00 00 1777*            		LD      BC,1
042EDF 52 09       1778*            		ADD.S   HL,BC
042EE1 D9          1779*            		EXX
042EE2 D0          1780*            		RET     NC
042EE3 C5          1781*            		PUSH    BC
042EE4 01 01 00 00 1782*            		LD      BC,1
042EE8 52 09       1783*            		ADD.S   HL,BC
042EEA C1          1784*            		POP     BC
042EEB C9          1785*            		RET
042EEC             1786*    ;
042EEC             1787*    ;ODD - Add one if even, leave alone if odd.
042EEC             1788*    ; (Used to perform unbiassed rounding, i.e.
042EEC             1789*    ;  number is rounded up half the time)
042EEC             1790*    ;    Destroys: L',F (carry cleared)
042EEC             1791*    ;
042EEC B7          1792*    ODD:			OR      A               ;CLEAR CARRY
042EED D9          1793*            		EXX
042EEE CB C5       1794*            		SET     0,L             ;MAKE ODD
042EF0 D9          1795*            		EXX
042EF1 C9          1796*            		RET
042EF2             1797*    ;
042EF2             1798*    ;SWAP_FP - Swap arguments.
042EF2             1799*    ;    Exchanges DE,HL D'E',H'L' and B,C
042EF2             1800*    ;    Destroys: A,B,C,D,E,H,L,D',E',H',L'
042EF2             1801*    ;SWAP1 - Swap DEHL with D'E'H'L'
042EF2             1802*    ;    Destroys: D,E,H,L,D',E',H',L'
042EF2             1803*    ;
042EF2 79          1804*    SWAP_FP:			LD      A,C
042EF3 48          1805*            		LD      C,B
042EF4 47          1806*            		LD      B,A
042EF5 EB          1807*    SWAP1:			EX      DE,HL
042EF6 D9          1808*            		EXX
042EF7 EB          1809*            		EX      DE,HL
042EF8 D9          1810*            		EXX
042EF9 C9          1811*            		RET
042EFA             1812*    ;
042EFA             1813*    ; DIV2 - destroys C,H,L,A',B',C',H',L',F,F'
042EFA             1814*    ; INCC - destroys C,F
042EFA             1815*    ; OFLOW
042EFA             1816*    ;
042EFA CD B3 2F 04 1817*    DIV2:			CALL    D2
042EFE D9          1818*            		EXX
042EFF CB 18       1819*            		RR      B
042F01 CB 19       1820*            		RR      C
042F03 08          1821*            		EX      AF,AF'
042F04 B0          1822*            		OR      B
042F05 08          1823*            		EX      AF,AF'
042F06 D9          1824*            		EXX
042F07 0C          1825*    INCC:			INC     C
042F08 C0          1826*            		RET     NZ
042F09 3E 14       1827*    OFLOW:			LD      A,TOOBIG_FP
042F0B C3 98 23 04 1828*            		JP      ERROR_FP_           ;"Too big"
042F0F             1829*    ;
042F0F             1830*    ; FTEST - Test for zero & sign
042F0F             1831*    ;     Output: A=0 if zero, A=&40 if +ve, A=&C0 if -ve
042F0F             1832*    ;
042F0F CD 1A 2F 04 1833*    FTEST_FP:			CALL    TEST_FP
042F13 C8          1834*            		RET     Z
042F14 7C          1835*            		LD      A,H
042F15 E6 80       1836*            		AND     10000000B
042F17 F6 40       1837*            		OR      01000000B
042F19 C9          1838*            		RET
042F1A             1839*    ;
042F1A             1840*    ; TEST_FP - Test HLH'L' for zero.
042F1A             1841*    ;     Output: Z-flag set & A=0 if HLH'L'=0
042F1A             1842*    ;     Destroys: A,F
042F1A             1843*    ;
042F1A 7C          1844*    TEST_FP:			LD      A,H
042F1B B5          1845*            		OR      L
042F1C D9          1846*            		EXX
042F1D B4          1847*            		OR      H
042F1E B5          1848*            		OR      L
042F1F D9          1849*            		EXX
042F20 C9          1850*            		RET
042F21             1851*    ;
042F21             1852*    ; FCOMP - Compare two numbers
042F21             1853*    ;     Output: A=0 if equal, A=&40 if L>R, A=&C0 if L<R
042F21             1854*    ;
042F21 78          1855*    FCOMP_FP:			LD      A,B
042F22 B1          1856*            		OR      C               ;Both integer?
042F23 20 0B       1857*            		JR      NZ,FCOMP1
042F25 CD 3A 2F 04 1858*            		CALL    ICP
042F29 3E 00       1859*    FCOMP0:			LD      A,0
042F2B C8          1860*            		RET     Z               ;Equal
042F2C 3E 80       1861*            		LD      A,80H
042F2E 1F          1862*            		RRA
042F2F C9          1863*            		RET
042F30             1864*    ;
042F30 CD B5 2E 04 1865*    FCOMP1:			CALL    FLOAT2          ;Float both
042F34 CD 48 2F 04 1866*            		CALL    FCP
042F38 18 EF       1867*            		JR      FCOMP0
042F3A             1868*    ;
042F3A             1869*    ; Integer and floating point compare.
042F3A             1870*    ; Sets carry & zero flags according to HLH'L'C-DED'E'B
042F3A             1871*    ; Result pre-set to FALSE
042F3A             1872*    ; ICP1, FCP1 destroy A,F
042F3A             1873*    ;
042F3A             1874*    ; ZERO - Return zero.
042F3A             1875*    ;  Destroys: A,C,H,L,H',L'
042F3A             1876*    ;
042F3A CD 6D 2F 04 1877*    ICP:			CALL    ICP1
042F3E 3E 00       1878*    ZERO_FP:			LD      A,0
042F40 D9          1879*            		EXX
042F41 67          1880*            		LD      H,A
042F42 6F          1881*    	       		LD      L,A
042F43 D9          1882*            		EXX
042F44 67          1883*          			LD      H,A
042F45 6F          1884*         			LD      L,A
042F46 4F          1885*    	    		LD      C,A
042F47 C9          1886*            		RET
042F48             1887*    ;
042F48 CD 5F 2F 04 1888*    FCP:			CALL    FCP1
042F4C 18 F0       1889*            		JR      ZERO_FP            ;PRESET FALSE
042F4E             1890*    ;
042F4E 79          1891*    FCP0:			LD      A,C
042F4F B8          1892*            		CP      B               ;COMPARE EXPONENTS
042F50 C0          1893*            		RET     NZ
042F51             1894*    ICP0:
042F51 52 ED 52    1895*    			SBC.S   HL,DE           ;COMP MANTISSA MSB
042F54 52 19       1896*            		ADD.S   HL,DE
042F56 C0          1897*            		RET     NZ
042F57 D9          1898*            		EXX
042F58 52 ED 52    1899*            		SBC.S   HL,DE           ;COMP MANTISSA LSB
042F5B 52 19       1900*            		ADD.S   HL,DE
042F5D D9          1901*            		EXX
042F5E C9          1902*            		RET
042F5F             1903*    ;
042F5F 7C          1904*    FCP1:			LD      A,H
042F60 AA          1905*            		XOR     D
042F61 7C          1906*            		LD      A,H
042F62 17          1907*            		RLA
042F63 F8          1908*            		RET     M
042F64 30 E8       1909*            		JR      NC,FCP0
042F66 CD 4E 2F 04 1910*            		CALL    FCP0
042F6A C8          1911*            		RET     Z               ;** V0.1 BUG FIX
042F6B 3F          1912*            		CCF
042F6C C9          1913*            		RET
042F6D             1914*    ;
042F6D 7C          1915*    ICP1:			LD      A,H
042F6E AA          1916*            		XOR     D
042F6F F2 51 2F 04 1917*            		JP      P,ICP0
042F73 7C          1918*            		LD      A,H
042F74 17          1919*            		RLA
042F75 C9          1920*            		RET
042F76             1921*    ;
042F76             1922*    ; ADD - Integer add.
042F76             1923*    ; Carry, sign & zero flags valid on exit
042F76             1924*    ;     Destroys: H,L,H',L',F
042F76             1925*    ;
042F76 05          1926*    X10B:			DEC     B
042F77 0C          1927*            		INC     C
042F78 CD BF 2F 04 1928*    X5:			CALL    COPY0
042F7C CD B2 2F 04 1929*            		CALL    D2C
042F80 CD B2 2F 04 1930*            		CALL    D2C
042F84 08          1931*            		EX      AF,AF'          ;SAVE CARRY
042F85 D9          1932*    ADD_:			EXX
042F86 52 19       1933*            		ADD.S   HL,DE
042F88 D9          1934*            		EXX
042F89 52 ED 5A    1935*            		ADC.S   HL,DE
042F8C C9          1936*            		RET
042F8D             1937*    ;
042F8D             1938*    ; SUB - Integer subtract.
042F8D             1939*    ; Carry, sign & zero flags valid on exit
042F8D             1940*    ;     Destroys: H,L,H',L',F
042F8D             1941*    ;
042F8D D9          1942*    SUB_:			EXX
042F8E B7          1943*            		OR      A
042F8F 52 ED 52    1944*            		SBC.S   HL,DE
042F92 D9          1945*            		EXX
042F93 52 ED 52    1946*            		SBC.S   HL,DE
042F96 C9          1947*            		RET
042F97             1948*    ;
042F97             1949*    ; X10 - unsigned integer * 10
042F97             1950*    ;    Inputs: HLH'L' initial value
042F97             1951*    ;   Outputs: DED'E' = initial HLH'L'
042F97             1952*    ;            Carry bit set if overflow
042F97             1953*    ;            If carry not set HLH'L'=result
042F97             1954*    ;  Destroys: D,E,H,L,D',E',H',L',F
042F97             1955*    ; X2 - Multiply HLH'L' by 2 as 32-bit integer.
042F97             1956*    ;     Carry set if MSB=1 before shift.
042F97             1957*    ;     Sign set if MSB=1 after shift.
042F97             1958*    ;     Destroys: H,L,H',L',F
042F97             1959*    ;
042F97 CD BF 2F 04 1960*    X10:			CALL    COPY0           ;DED'E'=HLH'L'
042F9B CD AA 2F 04 1961*            		CALL    X2
042F9F D8          1962*            		RET     C               ;TOO BIG
042FA0 CD AA 2F 04 1963*            		CALL    X2
042FA4 D8          1964*            		RET     C
042FA5 CD 85 2F 04 1965*            		CALL    ADD_
042FA9 D8          1966*            		RET     C
042FAA D9          1967*    X2:			EXX
042FAB 52 29       1968*            		ADD.S   HL,HL
042FAD D9          1969*            		EXX
042FAE 52 ED 6A    1970*            		ADC.S   HL,HL
042FB1 C9          1971*            		RET
042FB2             1972*    ;
042FB2             1973*    ; D2 - Divide HLH'L' by 2 as 32-bit integer.
042FB2             1974*    ;     Carry set if LSB=1 before shift.
042FB2             1975*    ;     Destroys: H,L,H',L',F
042FB2             1976*    ;
042FB2 0C          1977*    D2C:			INC     C
042FB3 CB 3C       1978*    D2:			SRL     H
042FB5 CB 1D       1979*            		RR      L
042FB7 D9          1980*            		EXX
042FB8 CB 1C       1981*            		RR      H
042FBA CB 1D       1982*            		RR      L
042FBC D9          1983*            		EXX
042FBD C9          1984*            		RET
042FBE             1985*    ;
042FBE             1986*    ; COPY - COPY HLH'L'C INTO DED'E'B
042FBE             1987*    ;   Destroys: B,C,D,E,H,L,D',E',H',L'
042FBE             1988*    ;
042FBE 41          1989*    COPY_:			LD      B,C
042FBF 54          1990*    COPY0:			LD      D,H
042FC0 5D          1991*            		LD      E,L
042FC1 D9          1992*            		EXX
042FC2 54          1993*            		LD      D,H
042FC3 5D          1994*            		LD      E,L
042FC4 D9          1995*            		EXX
042FC5 C9          1996*            		RET
042FC6             1997*    ;
042FC6             1998*    ; SQUARE - PUSH X*X
042FC6             1999*    ; PUSH5 - PUSH HLH'L'C ONTO STACK.
042FC6             2000*    ;   Destroys: SP,IX
042FC6             2001*    ;
042FC6 CD BE 2F 04 2002*    SQUARE:			CALL    COPY_
042FCA CD 29 26 04 2003*            		CALL    FMUL
042FCE DD E1       2004*    PUSH5:			POP     IX              ;RETURN ADDRESS
042FD0 C5          2005*            		PUSH    BC
042FD1 E5          2006*            		PUSH    HL
042FD2 D9          2007*            		EXX
042FD3 E5          2008*            		PUSH    HL
042FD4 D9          2009*            		EXX
042FD5 DD E9       2010*            		JP      (IX)            ;"RETURN"
042FD7             2011*    ;
042FD7             2012*    ; POP5 - POP DED'E'B OFF STACK.
042FD7             2013*    ;   Destroys: A,B,D,E,D',E',SP,IX
042FD7             2014*    ;
042FD7 DD E1       2015*    POP5:			POP     IX              ;RETURN ADDRESS
042FD9 D9          2016*            		EXX
042FDA D1          2017*            		POP     DE
042FDB D9          2018*            		EXX
042FDC D1          2019*            		POP     DE
042FDD 79          2020*            		LD      A,C
042FDE C1          2021*            		POP     BC
042FDF 41          2022*            		LD      B,C
042FE0 4F          2023*            		LD      C,A
042FE1 DD E9       2024*            		JP      (IX)            ;"RETURN"
042FE3             2025*    ;
042FE3             2026*    ; RATIO - Calculate (X-1)/(X+1)
042FE3             2027*    ;     Inputs: X in HLH'L'C
042FE3             2028*    ;    Outputs: (X-1)/(X+1) in HLH'L'C
042FE3             2029*    ;   Destroys: Everything except IY,SP,I
042FE3             2030*    ;
042FE3 CD CE 2F 04 2031*    RATIO:			CALL    PUSH5           ;SAVE X
042FE7 CD 56 29 04 2032*            		CALL    DONE
042FEB CD 17 25 04 2033*            		CALL    FADD
042FEF CD D7 2F 04 2034*            		CALL    POP5            ;RESTORE X
042FF3 CD CE 2F 04 2035*            		CALL    PUSH5           ;SAVE X+1
042FF7 CD F2 2E 04 2036*            		CALL    SWAP_FP
042FFB CD 56 29 04 2037*            		CALL    DONE
042FFF CD FE 24 04 2038*            		CALL    FSUB
043003 CD D7 2F 04 2039*            		CALL    POP5            ;RESTORE X+1
043007 C3 80 25 04 2040*            		JP      FDIV
04300B             2041*    ;
04300B             2042*    ; POLY - Evaluate a polynomial.
04300B             2043*    ;     Inputs: X in HLH'L'C and also stored at (SP+2)
04300B             2044*    ;             Polynomial coefficients follow call.
04300B             2045*    ;    Outputs: Result in HLH'L'C
04300B             2046*    ;   Destroys: Everything except IY,SP,I
04300B             2047*    ; Routine terminates on finding a coefficient >=1.
04300B             2048*    ; Note: The last coefficient is EXECUTED on return
04300B             2049*    ;       so must contain only innocuous bytes!
04300B             2050*    ;
04300B DD 21 03 00 2051*    POLY:			LD      IX, 3				; Advance the SP to the return address
       00          
043010 DD 39       2052*            		ADD     IX, SP
043012 DD E3       2053*            		EX      (SP), IX			; IX: Points to the inline list of coefficients
043014             2054*    ;
043014 CD EA 2C 04 2055*            		CALL    DLOAD5          		; Load the first coefficient from (IX)
043018 CD 29 26 04 2056*    POLY1:			CALL    FMUL
04301C 11 05 00 00 2057*            		LD      DE, 5				; Skip to the next coefficient
043020 DD 19       2058*            		ADD     IX, DE
043022 CD EA 2C 04 2059*            		CALL    DLOAD5          		; Load the second coefficient from (IX)
043026 DD E3       2060*            		EX      (SP), IX			; Restore the SP just in case we need to return
043028 04          2061*            		INC     B
043029 05          2062*            		DEC     B               		; Test B for end byte (80h)
04302A FA 17 25 04 2063*            		JP      M,FADD				; Yes, so add and return
04302E CD 17 25 04 2064*            		CALL    FADD				; No, so add
043032 CD FC 2C 04 2065*            		CALL    DLOAD5_SPL			; Load X from SP
043036 DD E3       2066*            		EX      (SP), IX			; IX: Points to the inline list of coefficients
043038 18 DE       2067*            		JR      POLY1				; And loop
04303A             2068*    ;
04303A             2069*    ; POWR10 - Calculate power of ten.
04303A             2070*    ;     Inputs: A=power of 10 required (A<128)
04303A             2071*    ;             A=binary exponent to be exceeded (A>=128)
04303A             2072*    ;    Outputs: DED'E'B = result
04303A             2073*    ;             A = actual power of ten returned
04303A             2074*    ;   Destroys: A,B,D,E,A',D',E',F,F'
04303A             2075*    ;
04303A 3C          2076*    POWR10:			INC     A
04303B 08          2077*            		EX      AF,AF'
04303C E5          2078*            		PUSH    HL
04303D D9          2079*            		EXX
04303E E5          2080*            		PUSH    HL
04303F D9          2081*            		EXX
043040 CD 56 29 04 2082*            		CALL    DONE
043044 CD F2 2E 04 2083*            		CALL    SWAP_FP
043048 AF          2084*            		XOR     A
043049 08          2085*    POWR11:			EX      AF,AF'
04304A 3D          2086*            		DEC     A
04304B 28 26       2087*            		JR      Z,POWR14        ;EXIT TYPE 1
04304D F2 55 30 04 2088*            		JP      P,POWR13
043051 B9          2089*            		CP      C
043052 38 1F       2090*            		JR      C,POWR14        ;EXIT TYPE 2
043054 3C          2091*            		INC     A
043055 08          2092*    POWR13:			EX      AF,AF'
043056 3C          2093*            		INC     A
043057 CB FC       2094*            		SET     7,H
043059 CD 78 2F 04 2095*            		CALL    X5
04305D 30 06       2096*            		JR      NC,POWR12
04305F 08          2097*            		EX      AF,AF'
043060 CD B2 2F 04 2098*            		CALL    D2C
043064 08          2099*            		EX      AF,AF'
043065 08          2100*    POWR12:			EX      AF,AF'
043066 DC DA 2E 04 2101*            		CALL    C,ADD1_FP          ;ROUND UP
04306A 0C          2102*            		INC     C
04306B FA 49 30 04 2103*            		JP      M,POWR11
04306F C3 09 2F 04 2104*            		JP      OFLOW
043073 CD F2 2E 04 2105*    POWR14:			CALL    SWAP_FP
043077 CB BA       2106*            		RES     7,D
043079 D9          2107*            		EXX
04307A E1          2108*            		POP     HL
04307B D9          2109*            		EXX
04307C E1          2110*            		POP     HL
04307D 08          2111*            		EX      AF,AF'
04307E C9          2112*            		RET
04307F             2113*    ;
04307F             2114*    ; DIVA, DIVB - DIVISION PRIMITIVE.
04307F             2115*    ;     Function: D'E'DE = H'L'HLD'E'DE / B'C'BC
04307F             2116*    ;               Remainder in H'L'HL
04307F             2117*    ;     Inputs: A = loop counter (normally -32)
04307F             2118*    ;     Destroys: A,D,E,H,L,D',E',H',L',F
04307F             2119*    ;
04307F B7          2120*    DIVA:			OR      A               ;CLEAR CARRY
043080             2121*    DIV0:
043080 52 ED 42    2122*    			SBC.S   HL,BC           ;DIVIDEND-DIVISOR
043083 D9          2123*            		EXX
043084 52 ED 42    2124*            		SBC.S   HL,BC
043087 D9          2125*            		EXX
043088 30 07       2126*            		JR      NC,DIV1
04308A 52 09       2127*            		ADD.S   HL,BC           ;DIVIDEND+DIVISOR
04308C D9          2128*            		EXX
04308D 52 ED 4A    2129*            		ADC.S   HL,BC
043090 D9          2130*            		EXX
043091 3F          2131*    DIV1:			CCF
043092 CB 13       2132*    DIVC:			RL      E               ;SHIFT RESULT INTO DE
043094 CB 12       2133*            		RL      D
043096 D9          2134*            		EXX
043097 CB 13       2135*            		RL      E
043099 CB 12       2136*            		RL      D
04309B D9          2137*            		EXX
04309C 3C          2138*            		INC     A
04309D F0          2139*            		RET     P
04309E             2140*    DIVB:
04309E 52 ED 6A    2141*    			ADC.S   HL,HL           ;DIVIDEND*2
0430A1 D9          2142*            		EXX
0430A2 52 ED 6A    2143*            		ADC.S   HL,HL
0430A5 D9          2144*            		EXX
0430A6 30 D8       2145*            		JR      NC,DIV0
0430A8 B7          2146*            		OR      A
0430A9 52 ED 42    2147*            		SBC.S   HL,BC           ;DIVIDEND-DIVISOR
0430AC D9          2148*            		EXX
0430AD 52 ED 42    2149*            		SBC.S   HL,BC
0430B0 D9          2150*            		EXX
0430B1 37          2151*            		SCF
0430B2 C3 92 30 04 2152*            		JP      DIVC
0430B6             2153*    ;
0430B6             2154*    ;MULA, MULB - MULTIPLICATION PRIMITIVE.
0430B6             2155*    ;    Function: H'L'HLD'E'DE = B'C'BC * D'E'DE
0430B6             2156*    ;    Inputs: A = loop counter (usually -32)
0430B6             2157*    ;            H'L'HL = 0
0430B6             2158*    ;    Destroys: D,E,H,L,D',E',H',L',A,F
0430B6             2159*    ;
0430B6 B7          2160*    MULA:			OR      A               ;CLEAR CARRY
0430B7 D9          2161*    MUL0:			EXX
0430B8 CB 1A       2162*            		RR      D               ;MULTIPLIER/2
0430BA CB 1B       2163*            		RR      E
0430BC D9          2164*            		EXX
0430BD CB 1A       2165*            		RR      D
0430BF CB 1B       2166*            		RR      E
0430C1 30 07       2167*            		JR      NC,MUL1
0430C3 52 09       2168*            		ADD.S   HL,BC           ;ADD IN MULTIPLICAND
0430C5 D9          2169*            		EXX
0430C6 52 ED 4A    2170*            		ADC.S   HL,BC
0430C9 D9          2171*            		EXX
0430CA 3C          2172*    MUL1:			INC     A
0430CB F0          2173*            		RET     P
0430CC D9          2174*    MULB:			EXX
0430CD CB 1C       2175*            		RR      H               ;PRODUCT/2
0430CF CB 1D       2176*            		RR      L
0430D1 D9          2177*            		EXX
0430D2 CB 1C       2178*            		RR      H
0430D4 CB 1D       2179*            		RR      L
0430D6 C3 B7 30 04 2180*            		JP      MUL0
0430DA             2181*    ;
0430DA             2182*    ; SQRA, SQRB - SQUARE ROOT PRIMITIVES
0430DA             2183*    ;     Function: B'C'BC = SQR (D'E'DE)
0430DA             2184*    ;     Inputs: A = loop counter (normally -31)
0430DA             2185*    ;             B'C'BCH'L'HL initialised to 0
0430DA             2186*    ;   Destroys: A,B,C,D,E,H,L,B',C',D',E',H',L',F
0430DA             2187*    ;
0430DA             2188*    SQR1:
0430DA 52 ED 42    2189*    			SBC.S   HL,BC
0430DD D9          2190*            		EXX
0430DE 52 ED 42    2191*            		SBC.S   HL,BC
0430E1 D9          2192*            		EXX
0430E2 0C          2193*            		INC     C
0430E3 30 09       2194*            		JR      NC,SQR2
0430E5 0D          2195*            		DEC     C
0430E6 52 09       2196*            		ADD.S   HL,BC
0430E8 D9          2197*            		EXX
0430E9 52 ED 4A    2198*            		ADC.S   HL,BC
0430EC D9          2199*            		EXX
0430ED 0D          2200*            		DEC     C
0430EE 3C          2201*    SQR2:			INC     A
0430EF F0          2202*            		RET     P
0430F0 CB 21       2203*    SQRA:			SLA     C
0430F2 CB 10       2204*            		RL      B
0430F4 D9          2205*            		EXX
0430F5 CB 11       2206*            		RL      C
0430F7 CB 10       2207*            		RL      B
0430F9 D9          2208*            		EXX
0430FA 0C          2209*            		INC     C
0430FB CB 23       2210*            		SLA     E
0430FD CB 12       2211*            		RL      D
0430FF D9          2212*            		EXX
043100 CB 13       2213*            		RL      E
043102 CB 12       2214*            		RL      D
043104 D9          2215*            		EXX
043105 52 ED 6A    2216*            		ADC.S   HL,HL
043108 D9          2217*            		EXX
043109 52 ED 6A    2218*            		ADC.S   HL,HL
04310C D9          2219*            		EXX
04310D CB 23       2220*            		SLA     E
04310F CB 12       2221*            		RL      D
043111 D9          2222*            		EXX
043112 CB 13       2223*            		RL      E
043114 CB 12       2224*            		RL      D
043116 D9          2225*            		EXX
043117 52 ED 6A    2226*            		ADC.S   HL,HL
04311A D9          2227*            		EXX
04311B 52 ED 6A    2228*            		ADC.S   HL,HL
04311E D9          2229*            		EXX
04311F D2 DA 30 04 2230*            		JP      NC,SQR1
043123 B7          2231*    SQR3:			OR      A
043124 52 ED 42    2232*            		SBC.S   HL,BC
043127 D9          2233*            		EXX
043128 52 ED 42    2234*            		SBC.S   HL,BC
04312B D9          2235*            		EXX
04312C 0C          2236*            		INC     C
04312D C3 EE 30 04 2237*            		JP      SQR2
043131             2238*    ;
043131             2239*    SQRB:
043131 52 29       2240*    			ADD.S   HL,HL
043133 D9          2241*            		EXX
043134 52 ED 6A    2242*            		ADC.S   HL,HL
043137 D9          2243*            		EXX
043138 38 E9       2244*            		JR      C,SQR3
04313A 3C          2245*            		INC     A
04313B 0C          2246*            		INC     C
04313C 52 ED 42    2247*            		SBC.S   HL,BC
04313F D9          2248*            		EXX
043140 52 ED 42    2249*            		SBC.S   HL,BC
043143 D9          2250*            		EXX
043144 D0          2251*            		RET     NC
043145 52 09       2252*            		ADD.S   HL,BC
043147 D9          2253*            		EXX
043148 52 ED 4A    2254*            		ADC.S   HL,BC
04314B D9          2255*            		EXX
04314C 0D          2256*            		DEC     C
04314D C9          2257*            		RET
04314E             2258*    ;
04314E DD 7E 00    2259*    DIGITQ:			LD      A,(IX)
043151 FE 3A       2260*            		CP      '9'+1
043153 3F          2261*            		CCF
043154 D8          2262*            		RET     C
043155 FE 30       2263*            		CP      '0'
043157 C9          2264*            		RET
043158             2265*    ;
043158 DD 7E 00    2266*    SIGNQ:			LD      A,(IX)
04315B DD 23       2267*            		INC     IX
04315D FE 20       2268*            		CP      ' '
04315F 28 F7       2269*            		JR      Z,SIGNQ
043161 FE 2B       2270*            		CP      '+'
043163 C8          2271*            		RET     Z
043164 FE 2D       2272*            		CP      '-'
043166 C8          2273*            		RET     Z
043167 DD 2B       2274*            		DEC     IX
043169 C9          2275*            		RET
04316A             0046         include "fpp_ext.inc"
04316A             0001*    ; integer operations
04316A             0002*    iand:	EQU 58	; AND (INTEGER)
04316A             0003*    ibdiv:	EQU 59	; DIV
04316A             0004*    ieor:	EQU 60	; EOR
04316A             0005*    imod:	EQU 61	; MOD
04316A             0006*    ior:	EQU 62	; OR
04316A             0007*    ile:	EQU 63	; <=
04316A             0008*    ine:	EQU 64	; <>
04316A             0009*    ige:	EQU 65	; >=
04316A             0010*    ilt:	EQU 66	; <
04316A             0011*    ieq:	EQU 67	; =
04316A             0012*    imul:	EQU 68	; *
04316A             0013*    iadd:	EQU 69	; +
04316A             0014*    igt:	EQU 70	; >
04316A             0015*    isub:	EQU 71	; -
04316A             0016*    ipow:	EQU 72	; ^
04316A             0017*    idiv:	EQU 73	; /
04316A             0018*    ;
04316A             0019*    ; floating point functions
04316A             0020*    absv:	EQU 16	; ABS
04316A             0021*    acs:	EQU 17	; ACS
04316A             0022*    asn:	EQU 18	; ASN
04316A             0023*    atn:	EQU 19	; ATN
04316A             0024*    cos:	EQU 20	; COS
04316A             0025*    deg:	EQU 21	; DEG
04316A             0026*    exp:	EQU 22	; EXP
04316A             0027*    int_:	EQU 23	; INT
04316A             0028*    ln:	    EQU 24	; LN
04316A             0029*    log:	EQU 25	; LOG
04316A             0030*    notk:	EQU 26	; NOT
04316A             0031*    rad:	EQU 27	; RAD
04316A             0032*    sgn:	EQU 28	; SGN
04316A             0033*    sin:	EQU 29	; SIN
04316A             0034*    sqr:	EQU 30	; SQR
04316A             0035*    tan:	EQU 31	; TAN
04316A             0036*    zero:	EQU 32	; ZERO
04316A             0037*    fone:	EQU 33	; FONE
04316A             0038*    true:	EQU 34	; TRUE
04316A             0039*    pi:	    EQU 35	; PI
04316A             0040*    val:	EQU 36	; VAL
04316A             0041*    str:	EQU 37	; STR$
04316A             0042*    sfix:	EQU 38	; FIX
04316A             0043*    sfloat:	EQU 39	; FLOAT
04316A             0044*    ftest:	EQU 40	; TEST
04316A             0045*    fcomp:	EQU 41	; COMPARE
04316A             0046*    ;
04316A             0047*    ; floating point operations
04316A             0048*    fand:	EQU  0	; AND (FLOATING-POINT)
04316A             0049*    fbdiv:	EQU  1	; DIV
04316A             0050*    feor:	EQU  2	; EOR
04316A             0051*    fmod:	EQU  3	; MOD
04316A             0052*    ffor:	EQU  4	; OR
04316A             0053*    fle:	EQU  5	; <=
04316A             0054*    fne:	EQU  6	; <>
04316A             0055*    fge:	EQU  7	; >=
04316A             0056*    flt:	EQU  8	; <
04316A             0057*    feq:	EQU  9	; =
04316A             0058*    fmul:	EQU 10	; *
04316A             0059*    fadd:	EQU 11	; +
04316A             0060*    fgt:	EQU 12	; >
04316A             0061*    fsub:	EQU 13	; -
04316A             0062*    fpow:	EQU 14	; ^
04316A             0063*    fdiv:	EQU 15	; /
04316A             0064*    
04316A             0065*        MACRO LOAD_FLOAT ARG
04316A             0066*        ld ix,$+11
04316A             0067*        call val_fp ; convert the string to a float
04316A             0068*        jp (ix)
04316A             0069*        asciz ARG
04316A             0070*        ENDMACRO
04316A             0071*    
04316A             0072*    ; --- originally in eval.asm ---
04316A             0073*    ;SWAP - Swap arguments
04316A             0074*    ;Exchanges DE,HL D'E',H'L' and B,C
04316A             0075*    ;Destroys: A,B,C,D,E,H,L,D',E',H',L'
04316A             0076*    ;
04316A 79          0077*    SWAP:			LD      A,C
04316B 48          0078*    			LD      C,B
04316C 47          0079*    			LD      B,A
04316D EB          0080*    			EX      DE,HL
04316E D9          0081*    			EXX
04316F EB          0082*    			EX      DE,HL
043170 D9          0083*    			EXX
043171 C9          0084*    			RET
043172             0085*    
043172             0086*    ; same as VAL_FP in fpp.asm, but preserves any float stored in DED'E'B
043172             0087*    val_fp:
043172 FD E5       0088*        push iy ; preserve
043174 FD 21 8F 31 0089*        ld iy,@val
       04          
043179 CD 33 32 04 0090*        call store_float_iy_alt
04317D 3E 24       0091*        ld a,val
04317F CD 85 23 04 0092*        call FPP ; string converted to float in HLH'L'C
043183 FD 21 8F 31 0093*        ld iy,@val
       04          
043188 CD 45 32 04 0094*        call fetch_float_iy_alt
04318C FD E1       0095*        pop iy ; restore
04318E C9          0096*        ret
04318F             0097*    @val: ds 5
043194             0098*    
043194             0099*    ; same as INT_FP_ in fpp.asm but preserves B, which keeps any float stored in DED'E'B intact
043194             0100*    ; af will also return differently from the original
043194             0101*    ;INT - Floor function
043194             0102*    ;Result is integer numeric.
043194             0103*    ;
043194             0104*    int_fp_:
       FF FF FF FF 
       FF 
043194 C5          0105*        push bc ; preserve b
043195 3E 17       0106*        ld a,int_
043197 CD 85 23 04 0107*        call FPP
04319B F1          0108*        pop af ; restore b to a
04319C 47          0109*        ld b,a ; restore b
04319D C9          0110*        RET
04319E             0111*    
04319E             0112*    ; convert floating point number to integer and store it in HLU
04319E             0113*    ; inputs: HLH'L'C = floating point number
04319E             0114*    ; outputs: HLU = integer part of the number
04319E             0115*    ; destroys: all except DEU and U'D'E'B, index registers
04319E             0116*    int2hlu:
04319E CD 94 31 04 0117*        call int_fp_
0431A2 7D          0118*        ld a,l
0431A3 F5          0119*        push af
0431A4 D9          0120*        exx
0431A5 E5          0121*        push hl
0431A6 D9          0122*        exx
0431A7 E1          0123*        pop hl
0431A8 F1          0124*        pop af
0431A9             0125*        A_TO_HLU
                       M1 Args: none
0431A9 AF          0001*M1      xor a ; 1 cycle
0431AA 22 B3 31 04 0002*M1      ld ($+8+1),hl ; 7 cycles
0431AE 32 B5 31 04 0003*M1      ld ($+4+3),a ; 5 cycles
0431B2 21 00 00 00 0004*M1      ld hl,0x000000 ; 4 cycles
0431B6             0005*M1      ; 17 cycles total
0431B6 C9          0126*        ret
0431B7             0127*    
0431B7             0128*    ; convert the integer value in HLU to a floating point number with exponent of 0
0431B7             0129*    hlu2float:
0431B7 0E 00       0130*        ld c,0 ; exponent = 0
0431B9 E5          0131*        push hl
0431BA D9          0132*        exx
0431BB E1          0133*        pop hl
0431BC D9          0134*        exx
0431BD             0135*        HLU_TO_A
                       M1 Args: none
0431BD 3B          0001*M1      dec sp ; 1 cycle
0431BE E5          0002*M1      push hl ; 4 cycles
0431BF 33          0003*M1      inc sp ; 1 cycle
0431C0 F1          0004*M1      pop af ; 4 cycles
0431C1             0005*M1      ; 10 cycles total
0431C1 21 00 00 00 0136*        ld hl,0
0431C5 6F          0137*        ld l,a
0431C6 C9          0138*        ret
0431C7             0139*    
0431C7             0140*    ; store HLH'L'C floating point number in a 40-bit buffer
0431C7             0141*    ; inputs: HLH'L'C = floating point number
0431C7             0142*    ;         ix = buffer address
0431C7             0143*    ; outputs: buffer filled with floating point number
0431C7             0144*    ; destroys: nothing
0431C7             0145*    store_float_nor:
0431C7 DD 71 00    0146*        ld (ix+0),c
0431CA D9          0147*        exx
0431CB DD 75 01    0148*        ld (ix+1),l
0431CE DD 74 02    0149*        ld (ix+2),h
0431D1 D9          0150*        exx
0431D2 DD 75 03    0151*        ld (ix+3),l
0431D5 DD 74 04    0152*        ld (ix+4),h
0431D8 C9          0153*        ret
0431D9             0154*    
0431D9             0155*    ; fetch HLH'L'C floating point number from a 40-bit buffer
0431D9             0156*    ; inputs: ix = buffer address
0431D9             0157*    ; outputs: HLH'L'C = floating point number
0431D9             0158*    ; destroys: HLH'L'C
0431D9             0159*    fetch_float_nor:
0431D9 DD 4E 00    0160*        ld c,(ix+0)
0431DC D9          0161*        exx
0431DD DD 6E 01    0162*        ld l,(ix+1)
0431E0 DD 66 02    0163*        ld h,(ix+2)
0431E3 D9          0164*        exx
0431E4 DD 6E 03    0165*        ld l,(ix+3)
0431E7 DD 66 04    0166*        ld h,(ix+4)
0431EA C9          0167*        ret
0431EB             0168*    
0431EB             0169*    ; store DED'E'B floating point number in a 40-bit buffer
0431EB             0170*    ; inputs: DED'E'B = floating point number
0431EB             0171*    ;         ix = buffer address
0431EB             0172*    ; outputs: buffer filled with floating point number
0431EB             0173*    ; destroys: nothing
0431EB             0174*    store_float_alt:
0431EB DD 70 00    0175*        ld (ix+0),b
0431EE D9          0176*        exx
0431EF DD 73 01    0177*        ld (ix+1),e
0431F2 DD 72 02    0178*        ld (ix+2),d
0431F5 D9          0179*        exx
0431F6 DD 73 03    0180*        ld (ix+3),e
0431F9 DD 72 04    0181*        ld (ix+4),d
0431FC C9          0182*        ret
0431FD             0183*    
0431FD             0184*    ; fetch DED'E'B floating point number from a 40-bit buffer
0431FD             0185*    ; inputs: ix = buffer address
0431FD             0186*    ; outputs: DED'E'B = floating point number
0431FD             0187*    ; destroys: DED'E'B
0431FD             0188*    fetch_float_alt:
0431FD DD 46 00    0189*        ld b,(ix+0)
043200 D9          0190*        exx
043201 DD 5E 01    0191*        ld e,(ix+1)
043204 DD 56 02    0192*        ld d,(ix+2)
043207 D9          0193*        exx
043208 DD 5E 03    0194*        ld e,(ix+3)
04320B DD 56 04    0195*        ld d,(ix+4)
04320E C9          0196*        ret
04320F             0197*    
04320F             0198*    
04320F             0199*    ; store HLH'L'C floating point number in a 40-bit buffer
04320F             0200*    ; inputs: HLH'L'C = floating point number
04320F             0201*    ;         iy = buffer address
04320F             0202*    ; outputs: buffer filled with floating point number
04320F             0203*    ; destroys: nothing
04320F             0204*    store_float_iy_nor:
04320F FD 71 00    0205*        ld (iy+0),c
043212 D9          0206*        exx
043213 FD 75 01    0207*        ld (iy+1),l
043216 FD 74 02    0208*        ld (iy+2),h
043219 D9          0209*        exx
04321A FD 75 03    0210*        ld (iy+3),l
04321D FD 74 04    0211*        ld (iy+4),h
043220 C9          0212*        ret
043221             0213*    
043221             0214*    ; fetch HLH'L'C floating point number from a 40-bit buffer
043221             0215*    ; inputs: iy = buffer address
043221             0216*    ; outputs: HLH'L'C = floating point number
043221             0217*    ; destroys: HLH'L'C
043221             0218*    fetch_float_iy_nor:
043221 FD 4E 00    0219*        ld c,(iy+0)
043224 D9          0220*        exx
043225 FD 6E 01    0221*        ld l,(iy+1)
043228 FD 66 02    0222*        ld h,(iy+2)
04322B D9          0223*        exx
04322C FD 6E 03    0224*        ld l,(iy+3)
04322F FD 66 04    0225*        ld h,(iy+4)
043232 C9          0226*        ret
043233             0227*    
043233             0228*    ; store DED'E'B floating point number in a 40-bit buffer
043233             0229*    ; inputs: DED'E'B = floating point number
043233             0230*    ;         iy = buffer address
043233             0231*    ; outputs: buffer filled with floating point number
043233             0232*    ; destroys: nothing
043233             0233*    store_float_iy_alt:
043233 FD 70 00    0234*        ld (iy+0),b
043236 D9          0235*        exx
043237 FD 73 01    0236*        ld (iy+1),e
04323A FD 72 02    0237*        ld (iy+2),d
04323D D9          0238*        exx
04323E FD 73 03    0239*        ld (iy+3),e
043241 FD 72 04    0240*        ld (iy+4),d
043244 C9          0241*        ret
043245             0242*    
043245             0243*    ; fetch DED'E'B floating point number from a 40-bit buffer
043245             0244*    ; inputs: iy = buffer address
043245             0245*    ; outputs: DED'E'B = floating point number
043245             0246*    ; destroys: DED'E'B
043245             0247*    fetch_float_iy_alt:
043245 FD 46 00    0248*        ld b,(iy+0)
043248 D9          0249*        exx
043249 FD 5E 01    0250*        ld e,(iy+1)
04324C FD 56 02    0251*        ld d,(iy+2)
04324F D9          0252*        exx
043250 FD 5E 03    0253*        ld e,(iy+3)
043253 FD 56 04    0254*        ld d,(iy+4)
043256 C9          0255*        ret
043257             0256*    
043257             0257*    ; store HLH'L'C integer number in a 32-bit buffer
043257             0258*    ; inputs: HLH'L'C = integer number
043257             0259*    ;         ix = buffer address
043257             0260*    ; outputs: buffer filled with integer number
043257             0261*    ; destroys: nothing
043257             0262*    store_int_nor:
043257 D9          0263*        exx
043258 DD 75 00    0264*        ld (ix+0),l
04325B DD 74 01    0265*        ld (ix+1),h
04325E D9          0266*        exx
04325F DD 75 02    0267*        ld (ix+2),l
043262 DD 74 03    0268*        ld (ix+3),h
043265 C9          0269*        ret
043266             0270*    
043266             0271*    ; fetch HLH'L'C integer number from a 32-bit buffer
043266             0272*    ; inputs: ix = buffer address
043266             0273*    ; outputs: HLH'L'C = integer number
043266             0274*    ; destroys: HLH'L'C
043266             0275*    fetch_int_nor:
043266 0E 00       0276*        ld c,0 ; set exponent to 0
043268 D9          0277*        exx
043269 DD 6E 00    0278*        ld l,(ix+0)
04326C DD 66 01    0279*        ld h,(ix+1)
04326F D9          0280*        exx
043270 DD 6E 02    0281*        ld l,(ix+2)
043273 DD 66 03    0282*        ld h,(ix+3)
043276 C9          0283*        ret
043277             0284*    
043277             0285*    ; store DED'E'B integer number in a 32-bit buffer
043277             0286*    ; inputs: DED'E'B = integer number
043277             0287*    ;         ix = buffer address
043277             0288*    ; outputs: buffer filled with integer number
043277             0289*    ; destroys: nothing
043277             0290*    store_int_alt:
043277 D9          0291*        exx
043278 DD 73 00    0292*        ld (ix+0),e
04327B DD 72 01    0293*        ld (ix+1),d
04327E D9          0294*        exx
04327F DD 73 02    0295*        ld (ix+2),e
043282 DD 72 03    0296*        ld (ix+3),d
043285 C9          0297*        ret
043286             0298*    
043286             0299*    ; fetch DED'E'B integer number from a 32-bit buffer
043286             0300*    ; inputs: ix = buffer address
043286             0301*    ; outputs: DED'E'B = integer number
043286             0302*    ; destroys: DED'E'B
043286             0303*    fetch_int_alt:
043286 06 00       0304*        ld b,0 ; set exponent to 0
043288 D9          0305*        exx
043289 DD 5E 00    0306*        ld e,(ix+0)
04328C DD 56 01    0307*        ld d,(ix+1)
04328F D9          0308*        exx
043290 DD 5E 02    0309*        ld e,(ix+2)
043293 DD 56 03    0310*        ld d,(ix+3)
043296 C9          0311*        ret
043297             0312*    
043297             0313*    ; store HLH'L'C integer number in a 32-bit buffer
043297             0314*    ; inputs: HLH'L'C = integer number
043297             0315*    ;         iy = buffer address
043297             0316*    ; outputs: buffer filled with integer number
043297             0317*    ; destroys: nothing
043297             0318*    store_int_iy_nor:
043297 D9          0319*        exx
043298 FD 75 00    0320*        ld (iy+0),l
04329B FD 74 01    0321*        ld (iy+1),h
04329E D9          0322*        exx
04329F FD 75 02    0323*        ld (iy+2),l
0432A2 FD 74 03    0324*        ld (iy+3),h
0432A5 C9          0325*        ret
0432A6             0326*    
0432A6             0327*    ; fetch HLH'L'C integer number from a 32-bit buffer
0432A6             0328*    ; inputs: iy = buffer address
0432A6             0329*    ; outputs: HLH'L'C = integer number
0432A6             0330*    ; destroys: HLH'L'C
0432A6             0331*    fetch_int_iy_nor:
0432A6 0E 00       0332*        ld c,0 ; set exponent to 0
0432A8 D9          0333*        exx
0432A9 FD 6E 00    0334*        ld l,(iy+0)
0432AC FD 66 01    0335*        ld h,(iy+1)
0432AF D9          0336*        exx
0432B0 FD 6E 02    0337*        ld l,(iy+2)
0432B3 FD 66 03    0338*        ld h,(iy+3)
0432B6 C9          0339*        ret
0432B7             0340*    
0432B7             0341*    ; store DED'E'B integer number in a 32-bit buffer
0432B7             0342*    ; inputs: DED'E'B = integer number
0432B7             0343*    ;         iy = buffer address
0432B7             0344*    ; outputs: buffer filled with integer number
0432B7             0345*    ; destroys: nothing
0432B7             0346*    store_int_iy_alt:
0432B7 D9          0347*        exx
0432B8 FD 73 00    0348*        ld (iy+0),e
0432BB FD 72 01    0349*        ld (iy+1),d
0432BE D9          0350*        exx
0432BF FD 73 02    0351*        ld (iy+2),e
0432C2 FD 72 03    0352*        ld (iy+3),d
0432C5 C9          0353*        ret
0432C6             0354*    
0432C6             0355*    ; fetch DED'E'B integer number from a 32-bit buffer
0432C6             0356*    ; inputs: iy = buffer address
0432C6             0357*    ; outputs: DED'E'B = integer number
0432C6             0358*    ; destroys: DED'E'B
0432C6             0359*    fetch_int_iy_alt:
0432C6 06 00       0360*        ld b,0 ; set exponent to 0
0432C8 D9          0361*        exx
0432C9 FD 5E 00    0362*        ld e,(iy+0)
0432CC FD 56 01    0363*        ld d,(iy+1)
0432CF D9          0364*        exx
0432D0 FD 5E 02    0365*        ld e,(iy+2)
0432D3 FD 56 03    0366*        ld d,(iy+3)
0432D6 C9          0367*        ret
0432D7             0368*    
0432D7             0369*    ; print HLH'L'C floating point number in hex format
0432D7             0370*    ; inputs: HLH'L'C = floating point number
0432D7             0371*    print_float_hex_nor:
0432D7             0372*        PUSH_ALL
                       M1 Args: none
0432D7 08          0001*M1      ex af,af'
0432D8 D9          0002*M1      exx
0432D9 F5          0003*M1      push af
0432DA E5          0004*M1      push hl
0432DB C5          0005*M1      push bc
0432DC D5          0006*M1      push de
0432DD             0007*M1  
0432DD 08          0008*M1      ex af,af'
0432DE D9          0009*M1      exx
0432DF F5          0010*M1      push af
0432E0 E5          0011*M1      push hl
0432E1 C5          0012*M1      push bc
0432E2 D5          0013*M1      push de
0432E3 DD E5       0014*M1      push ix
0432E5 FD E5       0015*M1      push iy
0432E7 C5          0373*        push bc ; preserve c
0432E8 CD A8 00 04 0374*        call printHex16
0432EC 3E 2E       0375*        ld a,'.'
0432EE 5B D7       0376*        rst.lil 10h
0432F0 D9          0377*        exx
0432F1 CD A8 00 04 0378*        call printHex16
0432F5 D9          0379*        exx
0432F6 3E 5E       0380*        ld a,'^'
0432F8 5B D7       0381*        rst.lil 10h
0432FA C1          0382*        pop bc ; restore c
0432FB 79          0383*        ld a,c
0432FC CD AE 00 04 0384*        call printHex8
043300             0385*        POP_ALL
                       M1 Args: none
043300 FD E1       0001*M1      pop iy
043302 DD E1       0002*M1      pop ix
043304 D1          0003*M1      pop de
043305 C1          0004*M1      pop bc
043306 E1          0005*M1      pop hl
043307 F1          0006*M1      pop af
043308 08          0007*M1      ex af,af'
043309 D9          0008*M1      exx
04330A             0009*M1  
04330A D1          0010*M1      pop de
04330B C1          0011*M1      pop bc
04330C E1          0012*M1      pop hl
04330D F1          0013*M1      pop af
04330E 08          0014*M1      ex af,af'
04330F D9          0015*M1      exx
043310 C9          0386*        ret
043311             0387*    
043311             0388*    ; print DED'E'B floating point number in hex format
043311             0389*    ; inputs: DED'E'B = floating point number
043311             0390*    print_float_hex_alt:
043311             0391*        PUSH_ALL
                       M1 Args: none
043311 08          0001*M1      ex af,af'
043312 D9          0002*M1      exx
043313 F5          0003*M1      push af
043314 E5          0004*M1      push hl
043315 C5          0005*M1      push bc
043316 D5          0006*M1      push de
043317             0007*M1  
043317 08          0008*M1      ex af,af'
043318 D9          0009*M1      exx
043319 F5          0010*M1      push af
04331A E5          0011*M1      push hl
04331B C5          0012*M1      push bc
04331C D5          0013*M1      push de
04331D DD E5       0014*M1      push ix
04331F FD E5       0015*M1      push iy
043321 C5          0392*        push bc ; preserve b
043322 EB          0393*        ex de,hl
043323 CD A8 00 04 0394*        call printHex16
043327 EB          0395*        ex de,hl
043328 3E 2E       0396*        ld a,'.'
04332A 5B D7       0397*        rst.lil 10h
04332C D9          0398*        exx
04332D EB          0399*        ex de,hl
04332E CD A8 00 04 0400*        call printHex16
043332 EB          0401*        ex de,hl
043333 D9          0402*        exx
043334 3E 5E       0403*        ld a,'^'
043336 5B D7       0404*        rst.lil 10h
043338 F1          0405*        pop af ; restore b to a
043339 CD AE 00 04 0406*        call printHex8
04333D             0407*        POP_ALL
                       M1 Args: none
04333D FD E1       0001*M1      pop iy
04333F DD E1       0002*M1      pop ix
043341 D1          0003*M1      pop de
043342 C1          0004*M1      pop bc
043343 E1          0005*M1      pop hl
043344 F1          0006*M1      pop af
043345 08          0007*M1      ex af,af'
043346 D9          0008*M1      exx
043347             0009*M1  
043347 D1          0010*M1      pop de
043348 C1          0011*M1      pop bc
043349 E1          0012*M1      pop hl
04334A F1          0013*M1      pop af
04334B 08          0014*M1      ex af,af'
04334C D9          0015*M1      exx
04334D C9          0408*        ret
04334E             0409*    
04334E             0410*    print_floats_hex:
04334E CD D7 32 04 0411*        call print_float_hex_nor
043352 3E 20       0412*        ld a,' '
043354 5B D7       0413*        rst.lil 10h
043356 CD 11 33 04 0414*        call print_float_hex_alt
04335A C9          0415*        ret
04335B             0416*    
04335B             0417*    ; print a floating point number in decimal format
04335B             0418*    ; inputs: HL'H'L'C is the number to print
04335B             0419*    ; outputs: number printed to screen
04335B             0420*    ;          ACCS null-terminated string representation of the number
04335B             0421*    ; destroys: everything except ix
04335B             0422*    print_float_dec:
04335B             0423*    print_float_dec_nor:
04335B DD E5       0424*        push ix             ; preserve
04335D             0425*    
04335D             0426*    ; back up floats in normal and alternate registers
04335D DD 21 9E 33 0427*        ld ix,@float_nor
       04          
043362 CD C7 31 04 0428*        call store_float_nor
043366 DD 21 A3 33 0429*        ld ix,@float_alt
       04          
04336B CD EB 31 04 0430*        call store_float_alt
04336F             0431*    
04336F             0432*    ; convert the number to a string
04336F 11 00 34 04 0433*        ld de,ACCS          ; point to the string accumulator
043373 DD 21 9B 33 0434*        ld ix,@G9-1         ; get the format code for the number
       04          
043378 CD 84 2B 04 0435*        call STR_FP         ; convert the number to a string
04337C EB          0436*        ex de,hl            ; point to end of the string
04337D 36 00       0437*        ld (hl),0           ; null-terminate the string
04337F 21 00 34 04 0438*        ld hl,ACCS          ; point to the string accumulator
043383 CD 67 00 04 0439*        call printString
043387             0440*    
043387             0441*    ; restore floats in normal and alternate registers
043387 DD 21 9E 33 0442*        ld ix,@float_nor
       04          
04338C CD D9 31 04 0443*        call fetch_float_nor
043390 DD 21 A3 33 0444*        ld ix,@float_alt
       04          
043395 CD FD 31 04 0445*        call fetch_float_alt
043399             0446*    
043399             0447*    ; cleanup and go home
043399 DD E1       0448*        pop ix              ; restore
04339B C9          0449*        ret
04339C 09 00       0450*    @G9:			DW    9
04339E             0451*    @float_nor: ds 5
0433A3             0452*    @float_alt: ds 5
0433A8             0453*    
0433A8             0454*    print_float_dec_alt:
       FF FF FF FF 
       FF FF FF FF 
       FF FF 
0433A8 CD 6A 31 04 0455*        CALL SWAP
0433AC CD 5B 33 04 0456*        CALL print_float_dec_nor
0433B0 CD 6A 31 04 0457*        CALL SWAP
0433B4 C9          0458*        ret
0433B5             0459*    
0433B5             0460*    ;PI - Return PI (3.14159265)
0433B5             0461*    ;Result is floating-point numeric.
0433B5             0462*    ;
0433B5 11 0F 49 00 0463*    pi_alt:			LD      DE,0x490F
0433B9 D9          0464*            		EXX
0433BA 11 A2 DA 00 0465*            		LD      DE,0xDAA2
0433BE D9          0466*            		EXX
0433BF 06 81       0467*            		LD      B,0x81
0433C1 AF          0468*            		XOR     A               ;NUMERIC MARKER
0433C2 C9          0469*            		RET
0433C3             0470*    
0433C3             0471*    ;PI - Return PI * 2 (6.28318531)
0433C3             0472*    ;Result is floating-point numeric.
0433C3             0473*    ;
0433C3 11 0F 49 00 0474*    pi2_alt:		LD      DE,0x490F
0433C7 D9          0475*            		EXX
0433C8 11 A3 DA 00 0476*            		LD      DE,0xDAA3
0433CC D9          0477*            		EXX
0433CD 06 82       0478*            		LD      B,0x82
0433CF AF          0479*            		XOR     A               ;NUMERIC MARKER
0433D0 C9          0480*            		RET
0433D1             0481*    
0433D1             0482*    			ALIGN 		256		; ACCS, BUFFER & STAVAR must be on page boundaries
043400             0483*    RAM_START:
043400             0484*    ;
       FF FF FF FF 
       FF FF FF FF 
       FF FF FF FF 
       FF FF FF FF 
       FF FF FF FF 
       FF FF FF FF 
       FF FF FF FF 
       FF FF FF FF 
       FF FF FF FF 
       FF FF FF FF 
       FF FF FF FF 
       FF FF FF 
043400 00 00 00 00 0485*    ACCS:           BLKB    256,0             ; String Accumulator
       00 00 00 00 
       00 00 00 00 
       00 00 00 00 
       00 00 00 00 
       00 00 00 00 
       00 00 00 00 
       00 00 00 00 
       00 00 00 00 
       00 00 00 00 
       00 00 00 00 
       00 00 00 00 
       00 00 00 00 
       00 00 00 00 
       00 00 00 00 
       00 00 00 00 
       00 00 00 00 
       00 00 00 00 
       00 00 00 00 
       00 00 00 00 
       00 00 00 00 
       00 00 00 00 
       00 00 00 00 
       00 00 00 00 
       00 00 00 00 
       00 00 00 00 
       00 00 00 00 
       00 00 00 00 
       00 00 00 00 
       00 00 00 00 
       00 00 00 00 
       00 00 00 00 
       00 00 00 00 
       00 00 00 00 
       00 00 00 00 
       00 00 00 00 
       00 00 00 00 
       00 00 00 00 
       00 00 00 00 
       00 00 00 00 
       00 00 00 00 
       00 00 00 00 
       00 00 00 00 
       00 00 00 00 
       00 00 00 00 
       00 00 00 00 
       00 00 00 00 
       00 00 00 00 
       00 00 00 00 
       00 00 00 00 
       00 00 00 00 
       00 00 00 00 
       00 00 00 00 
       00 00 00 00 
       00 00 00 00 
       00 00 00 00 
       00 00 00 00 
       00 00 00 00 
       00 00 00 00 
       00 00 00 00 
       00 00 00 00 
       00 00 00 00 
       00 00 00 00 
       00 00 00 00 
043500             0047     
043500             0048     ; APPLICATION INCLUDES
043500             0049         include "layout.inc"
043500             0001*    text_top: equ 0
043500             0002*    text_left: equ 0
043500             0003*    text_bottom: equ 47      ; 48 rows, zero-based
043500             0004*    text_right: equ 63       ; 64 columns, zero-based
043500 00 00 00    0005*    screen_width: dl 0
043503 00 00 00    0006*    screen_height: dl 0
043506             0007*    
043506 00          0008*    original_screen_mode: db 0 ; screen mode when app started so we can return to it on exit
043507             0009*    
043507 2D 2D 2D 2D 0010*    str_dashes_thin: asciz  "----------------------------------------------------------------"
       2D 2D 2D 2D 
       2D 2D 2D 2D 
       2D 2D 2D 2D 
       2D 2D 2D 2D 
       2D 2D 2D 2D 
       2D 2D 2D 2D 
       2D 2D 2D 2D 
       2D 2D 2D 2D 
       2D 2D 2D 2D 
       2D 2D 2D 2D 
       2D 2D 2D 2D 
       2D 2D 2D 2D 
       2D 2D 2D 2D 
       2D 2D 2D 2D 
       2D 2D 2D 2D 
       00          
043548 3D 3D 3D 3D 0011*    str_dashes_thick: asciz "================================================================"
       3D 3D 3D 3D 
       3D 3D 3D 3D 
       3D 3D 3D 3D 
       3D 3D 3D 3D 
       3D 3D 3D 3D 
       3D 3D 3D 3D 
       3D 3D 3D 3D 
       3D 3D 3D 3D 
       3D 3D 3D 3D 
       3D 3D 3D 3D 
       3D 3D 3D 3D 
       3D 3D 3D 3D 
       3D 3D 3D 3D 
       3D 3D 3D 3D 
       3D 3D 3D 3D 
       00          
043589             0012*    
043589             0013*    ; set text viewport for current playing song
043589             0014*    vp_now_playing_top: equ 34
043589             0015*    vp_now_playing:
043589 0E 00       0016*        ld c, text_left
04358B 16 22       0017*        ld d, vp_now_playing_top
04358D 1E 3F       0018*        ld e, text_right
04358F 06 22       0019*        ld b, vp_now_playing_top
043591 CD 3F 1C 04 0020*        call vdu_set_txt_viewport
043595 C9          0021*        ret
043596             0022*    ; end vp_now_playing
043596             0023*    
043596             0024*    ; set text viewport for elapsed time
043596             0025*    vp_elapsed_top: equ vp_now_playing_top+1
043596             0026*    vp_elapsed_right: equ text_left+7 ; 8 chars for HH:MM:SS
043596             0027*    vp_elapsed:
043596 0E 00       0028*        ld c, text_left
043598 16 23       0029*        ld d, vp_elapsed_top
04359A 1E 07       0030*        ld e, vp_elapsed_right
04359C 06 23       0031*        ld b, vp_elapsed_top
04359E CD 3F 1C 04 0032*        call vdu_set_txt_viewport
0435A2 C9          0033*        ret
0435A3             0034*    ; end vp_elapsed
0435A3             0035*    
0435A3             0036*    ; set text viewport for song duration
0435A3             0037*    vp_duration_left: equ text_right-7 ; 8 chars for HH:MM:SS
0435A3             0038*    vp_duration_top: equ vp_now_playing_top+1
0435A3             0039*    vp_duration:
0435A3 0E 38       0040*        ld c, vp_duration_left
0435A5 16 23       0041*        ld d, vp_duration_top
0435A7 1E 3F       0042*        ld e, text_right
0435A9 06 23       0043*        ld b, vp_duration_top
0435AB CD 3F 1C 04 0044*        call vdu_set_txt_viewport
0435AF C9          0045*        ret
0435B0             0046*    ; end vp_duration
0435B0             0047*    
0435B0             0048*    ; set text viewport for playing breadcrumbs
0435B0             0049*    vp_playbar_left: equ 10
0435B0             0050*    vp_playbar_top: equ vp_now_playing_top+1
0435B0             0051*    vp_playbar_right: equ 53
0435B0             0052*    vp_playbar:
0435B0 0E 0A       0053*        ld c, vp_playbar_left
0435B2 16 23       0054*        ld d, vp_playbar_top
0435B4 1E 35       0055*        ld e, vp_playbar_right
0435B6 06 23       0056*        ld b, vp_playbar_top
0435B8 CD 3F 1C 04 0057*        call vdu_set_txt_viewport
0435BC C9          0058*        ret
0435BD             0059*    ; end vp_playbar
0435BD             0060*    
0435BD             0061*    vp_dir_hdr_top: equ 20
0435BD             0062*    vp_dir_hdr:
0435BD 0E 00       0063*        ld c,text_left
0435BF 16 14       0064*        ld d,vp_dir_hdr_top
0435C1 1E 3F       0065*        ld e,text_right
0435C3 06 14       0066*        ld b,vp_dir_hdr_top
0435C5 CD 3F 1C 04 0067*        call vdu_set_txt_viewport
0435C9 C9          0068*        ret
0435CA             0069*    
0435CA             0070*    vp_dir_name_top: equ vp_dir_hdr_top+1
0435CA             0071*    vp_dir_name:
0435CA 0E 00       0072*        ld c,text_left
0435CC 16 15       0073*        ld d,vp_dir_name_top
0435CE 1E 3F       0074*        ld e,text_right
0435D0 06 15       0075*        ld b,vp_dir_name_top
0435D2 CD 3F 1C 04 0076*        call vdu_set_txt_viewport
0435D6 C9          0077*        ret
0435D7             0078*    
0435D7             0079*    ; set text viewport for directory listing
0435D7             0080*    vp_dir_top: equ vp_dir_hdr_top+3
0435D7             0081*    vp_dir_bottom: equ vp_dir_top+9
0435D7             0082*    vp_dir:
0435D7 0E 00       0083*        ld c,text_left
0435D9 16 17       0084*        ld d,vp_dir_top
0435DB 1E 3F       0085*        ld e,text_right
0435DD 06 20       0086*        ld b,vp_dir_bottom
0435DF CD 3F 1C 04 0087*        call vdu_set_txt_viewport
0435E3 C9          0088*        ret
0435E4             0089*    
0435E4             0090*    vp_legend_top: equ vp_playbar_top+2
0435E4             0091*    vp_legend:
0435E4 0E 00       0092*        ld c,text_left
0435E6 16 25       0093*        ld d,vp_legend_top
0435E8 1E 3F       0094*        ld e,text_right
0435EA 06 27       0095*        ld b,vp_legend_top+2
0435EC CD 3F 1C 04 0096*        call vdu_set_txt_viewport
0435F0 C9          0097*        ret
0435F1             0098*    
0435F1             0099*    vp_legend_page_num_top: equ vp_legend_top
0435F1             0100*    vp_legend_page_num_left: equ text_left+29
0435F1             0101*    vp_legend_page_num:
0435F1 0E 1D       0102*        ld c,vp_legend_page_num_left
0435F3 16 25       0103*        ld d,vp_legend_page_num_top
0435F5 1E 1E       0104*        ld e,vp_legend_page_num_left+1
0435F7 06 25       0105*        ld b,vp_legend_page_num_top
0435F9 CD 3F 1C 04 0106*        call vdu_set_txt_viewport
0435FD C9          0107*        ret
0435FE             0108*    
0435FE             0109*    vp_legend_num_pages_top: equ vp_legend_top
0435FE             0110*    vp_legend_num_pages_left: equ text_left+36
0435FE             0111*    vp_legend_num_pages:
0435FE 0E 24       0112*        ld c,vp_legend_num_pages_left
043600 16 25       0113*        ld d,vp_legend_num_pages_top
043602 1E 25       0114*        ld e,vp_legend_num_pages_left+1
043604 06 25       0115*        ld b,vp_legend_num_pages_top
043606 CD 3F 1C 04 0116*        call vdu_set_txt_viewport
04360A C9          0117*        ret
04360B             0118*    
04360B             0119*    vp_legend_shuffle_top: equ vp_legend_top+1
04360B             0120*    vp_legend_shuffle_left: equ text_left+34
04360B             0121*    vp_legend_shuffle:
04360B 0E 22       0122*        ld c,vp_legend_shuffle_left
04360D 16 26       0123*        ld d,vp_legend_shuffle_top
04360F 1E 24       0124*        ld e,vp_legend_shuffle_left+2
043611 06 26       0125*        ld b,vp_legend_shuffle_top
043613 CD 3F 1C 04 0126*        call vdu_set_txt_viewport
043617 C9          0127*        ret
043618             0128*    
043618             0129*    vp_legend_loop_top: equ vp_legend_top+1
043618             0130*    vp_legend_loop_left: equ text_left+51
043618             0131*    vp_legend_loop:
043618 0E 33       0132*        ld c,vp_legend_loop_left
04361A 16 26       0133*        ld d,vp_legend_loop_top
04361C 1E 35       0134*        ld e,vp_legend_loop_left+2
04361E 06 26       0135*        ld b,vp_legend_loop_top
043620 CD 3F 1C 04 0136*        call vdu_set_txt_viewport
043624 C9          0137*        ret
043625             0138*    
043625             0139*    vp_legend_volume_top: equ vp_legend_loop_top+1
043625             0140*    vp_legend_volume_left: equ text_left+50
043625             0141*    vp_legend_volume:
043625 0E 32       0142*        ld c,vp_legend_volume_left
043627 16 27       0143*        ld d,vp_legend_volume_top
043629 1E 35       0144*        ld e,vp_legend_volume_left+3
04362B 06 27       0145*        ld b,vp_legend_volume_top
04362D CD 3F 1C 04 0146*        call vdu_set_txt_viewport
043631 C9          0147*        ret
043632             0148*    
043632             0149*    vp_seek_rate_top: equ vp_legend_top+2
043632             0150*    vp_seek_rate_left: equ text_left+29
043632             0151*    vp_seek_rate:
043632 0E 1D       0152*        ld c,vp_seek_rate_left
043634 16 27       0153*        ld d,vp_seek_rate_top
043636 1E 20       0154*        ld e,vp_seek_rate_left+3
043638 06 27       0155*        ld b,vp_seek_rate_top
04363A CD 3F 1C 04 0156*        call vdu_set_txt_viewport
04363E C9          0157*        ret
04363F             0158*    
04363F             0159*    vp_messages_top: equ vp_playbar_top+6
04363F             0160*    vp_messages_bottom: equ text_bottom
04363F             0161*    ; set text viewport for messages
04363F             0162*    vp_messages:
04363F 0E 00       0163*        ld c,text_left
043641 16 29       0164*        ld d,vp_messages_top
043643 1E 3F       0165*        ld e,text_right
043645 06 2F       0166*        ld b,vp_messages_bottom
043647 CD 3F 1C 04 0167*        call vdu_set_txt_viewport
04364B C9          0168*        ret
04364C             0169*    
04364C             0170*    vp_debug_top: equ vp_messages_top
04364C             0171*    vp_debug_bottom: equ text_bottom
04364C             0172*    ; set text viewport for messages
04364C             0173*    vp_debug:
04364C 0E 00       0174*        ld c,text_left
04364E 16 29       0175*        ld d,vp_debug_top
043650 1E 3F       0176*        ld e,text_right
043652 06 2F       0177*        ld b,vp_debug_bottom
043654 CD 3F 1C 04 0178*        call vdu_set_txt_viewport
043658 C9          0179*        ret
043659             0180*    
043659             0181*    set_text_colours_normal:
043659             0182*    ; set text background color
043659 3E 84       0183*        ld a,c_blue_dk+128
04365B CD 17 1C 04 0184*        call vdu_colour_text
04365F             0185*    ; set text foreground color
04365F 3E 0F       0186*        ld a,c_white
043661 CD 17 1C 04 0187*        call vdu_colour_text
043665 C9          0188*        ret
043666             0189*    ; end set_text_colours_normal
043666             0190*    
043666             0191*    set_text_colours_inverse:
043666             0192*    ; set text background color
043666 3E 8F       0193*        ld a,c_white+128
043668 CD 17 1C 04 0194*        call vdu_colour_text
04366C             0195*    ; set text foreground color
04366C 3E 04       0196*        ld a,c_blue_dk
04366E CD 17 1C 04 0197*        call vdu_colour_text
043672 C9          0198*        ret
043673             0199*    ; end set_text_colours_inverse
043673             0200*    
043673             0201*    ; release only the VDP resources owned by the jukebox UI
043673             0202*    ui_clear_buffers:
043673 21 10 FA 00 0203*        ld hl,Lat2_VGA8_8x8
043677 CD DA 20 04 0204*        call vdu_font_clear
04367B 21 10 FA 00 0205*        ld hl,Lat2_VGA8_8x8
04367F CD A0 1F 04 0206*        call vdu_clear_buffer
043683 21 00 20 00 0207*        ld hl,BUF_UI_LOGO
043687 CD A0 1F 04 0208*        call vdu_clear_buffer
04368B C9          0209*        ret
04368C             0210*    ; end ui_clear_buffers
04368C             0211*    
04368C             0212*    ui_init:
04368C             0213*    ; get current screen mode and save it so we can return to it on exit
04368C CD C5 1C 04 0214*        call vdu_get_screen_mode
043690 32 06 35 04 0215*        ld (original_screen_mode),a
043694             0216*    ; set up display
043694 3E 14       0217*        ld a,20 ; 512x384x64 single-buffered
043696 CD B4 1C 04 0218*        call vdu_set_screen_mode
04369A AF          0219*        xor a
04369B CD CD 1C 04 0220*        call vdu_set_scaling
04369F             0221*    ; clear only buffers owned by the jukebox, then load and select its font
04369F CD 69 69 04 0222*        call ps_clear_audio_buffers
0436A3 CD 73 36 04 0223*        call ui_clear_buffers
0436A7 CD 62 0E 04 0224*        call font_load
0436AB 21 10 FA 00 0225*        ld hl,Lat2_VGA8_8x8
0436AF 3E 01       0226*        ld a,1
0436B1 CD 73 20 04 0227*        call vdu_font_select
0436B5             0228*    ; set text fg and bg colours to normal
0436B5 CD 59 36 04 0229*        call set_text_colours_normal
0436B9             0230*    ; set cursor behaviuor
0436B9 CD 6E 1B 04 0231*        call vdu_cursor_off
0436BD 26 10       0232*        ld h,%00010000 ; bit 4 controls cursor scroll at bottom of screen
0436BF 2E 10       0233*        ld l,%00010000 ; bit 4 set means cursor wraps to top of screen
0436C1 CD D2 1B 04 0234*        call vdu_cursor_behaviour
0436C5             0235*    ; reset text viewports and clear the screen
0436C5 CD AF 1C 04 0236*        call vdu_reset_viewports
0436C9 CD E6 1B 04 0237*        call vdu_cls
0436CD             0238*    
0436CD             0239*    ; tippy top border
0436CD 0E 00       0240*        ld c,text_left ; x
0436CF 06 00       0241*        ld b,text_top ; y
0436D1 CD BE 1B 04 0242*        call vdu_move_cursor
0436D5 21 48 35 04 0243*        ld hl,str_dashes_thick
0436D9 CD 67 00 04 0244*        call printString
0436DD             0245*    
0436DD             0246*    ; print ascii art splash screen
0436DD 0E 00       0247*        ld c,text_left ; x
0436DF 06 01       0248*        ld b,text_top+1 ; y
0436E1 CD BE 1B 04 0249*        call vdu_move_cursor
0436E5 21 D1 38 04 0250*        ld hl,agon_jukebox_ascii
0436E9 CD 67 00 04 0251*        call printString
0436ED             0252*    
0436ED             0253*    ; below logo border
0436ED 0E 00       0254*        ld c,text_left ; x
0436EF 06 13       0255*        ld b,vp_dir_hdr_top-1 ; y
0436F1 CD BE 1B 04 0256*        call vdu_move_cursor
0436F5 21 48 35 04 0257*        ld hl,str_dashes_thick
0436F9 CD 67 00 04 0258*        call printString
0436FD             0259*    
0436FD             0260*    ; print the directory header
0436FD 0E 00       0261*        ld c,text_left ; x
0436FF 06 14       0262*        ld b,vp_dir_hdr_top ; y
043701 CD BE 1B 04 0263*        call vdu_move_cursor
043705 CD 60 00 04 0264*        call printInline
043709 4F 75 72 20 0265*        asciz "Our current directory is:"
       63 75 72 72 
       65 6E 74 20 
       64 69 72 65 
       63 74 6F 72 
       79 20 69 73 
       3A 00       
043723             0266*    
043723             0267*    ; file list top border
043723 0E 00       0268*        ld c,text_left ; x
043725 06 16       0269*        ld b,vp_dir_top-1 ; y
043727 CD BE 1B 04 0270*        call vdu_move_cursor
04372B 21 07 35 04 0271*        ld hl,str_dashes_thin
04372F CD 67 00 04 0272*        call printString
043733             0273*    
043733             0274*    ; file list bottom border
043733 0E 00       0275*        ld c,text_left ; x
043735 06 21       0276*        ld b,vp_dir_bottom+1 ; y
043737 CD BE 1B 04 0277*        call vdu_move_cursor
04373B 21 07 35 04 0278*        ld hl,str_dashes_thin
04373F CD 67 00 04 0279*        call printString
043743             0280*    
043743             0281*    ; below the breadcrumbs border
043743 0E 00       0282*        ld c,text_left ; x
043745 06 24       0283*        ld b,vp_playbar_top+1 ; y
043747 CD BE 1B 04 0284*        call vdu_move_cursor
04374B 21 48 35 04 0285*        ld hl,str_dashes_thick
04374F CD 67 00 04 0286*        call printString
043753             0287*    
043753             0288*    ; print the playbar
043753 0E 00       0289*        ld c,text_left ; x
043755 06 22       0290*        ld b,vp_playbar_top-1 ; y
043757 CD BE 1B 04 0291*        call vdu_move_cursor
04375B CD 60 00 04 0292*        call printInline
04375F 53 65 6C 65 0293*        db "Select a song with \e",24," \e",25," \e",237,", 0-9, or [R]andom song\r\n"
       63 74 20 61 
       20 73 6F 6E 
       67 20 77 69 
       74 68 20 1B 
       18 20 1B 19 
       20 1B ED 2C 
       20 30 2D 39 
       2C 20 6F 72 
       20 5B 52 5D 
       61 6E 64 6F 
       6D 20 73 6F 
       6E 67 0D 0A 
043793 30 30 3A 30 0294*        db "00:00:00 [............................................] 00:00:00"
       30 3A 30 30 
       20 5B 2E 2E 
       2E 2E 2E 2E 
       2E 2E 2E 2E 
       2E 2E 2E 2E 
       2E 2E 2E 2E 
       2E 2E 2E 2E 
       2E 2E 2E 2E 
       2E 2E 2E 2E 
       2E 2E 2E 2E 
       2E 2E 2E 2E 
       2E 2E 2E 2E 
       2E 2E 5D 20 
       30 30 3A 30 
       30 3A 30 30 
0437D3 00          0295*        db 0 ; null terminator
0437D4             0296*    
0437D4             0297*    ; print the navigation and song control instructions
0437D4 0E 00       0298*        ld c,text_left ; x
0437D6 06 25       0299*        ld b,vp_playbar_top+2 ; y
0437D8 CD BE 1B 04 0300*        call vdu_move_cursor
0437DC CD 60 00 04 0301*        call printInline
0437E0 20 53 6F 6E 0302*        db " Song \e",24," \e",25," \e",237," or 0-9   | Page \e",27,"00\e",26," of 00   | [U]p directory\r\n"
       67 20 1B 18 
       20 1B 19 20 
       1B ED 20 6F 
       72 20 30 2D 
       39 20 20 20 
       7C 20 50 61 
       67 65 20 1B 
       1B 30 30 1B 
       1A 20 6F 66 
       20 30 30 20 
       20 20 7C 20 
       5B 55 5D 70 
       20 64 69 72 
       65 63 74 6F 
       72 79 0D 0A 
043820 20 5B 52 5D 0303*        db " [R]andom song       | [S]huffle: OFF    | [L]oop: OFF\r\n"
       61 6E 64 6F 
       6D 20 73 6F 
       6E 67 20 20 
       20 20 20 20 
       20 7C 20 5B 
       53 5D 68 75 
       66 66 6C 65 
       3A 20 4F 46 
       46 20 20 20 
       20 7C 20 5B 
       4C 5D 6F 6F 
       70 3A 20 4F 
       46 46 0D 0A 
043858 20 5B 45 53 0304*        db " [ESC] or [Q]uit     | Seek -   1 + sec. | Volume < 11 >\r\n"
       43 5D 20 6F 
       72 20 5B 51 
       5D 75 69 74 
       20 20 20 20 
       20 7C 20 53 
       65 65 6B 20 
       2D 20 20 20 
       31 20 2B 20 
       73 65 63 2E 
       20 7C 20 56 
       6F 6C 75 6D 
       65 20 3C 20 
       31 31 20 3E 
       0D 0A       
043892 00          0305*        db 0 ; null terminator
043893             0306*    
043893             0307*    ; below the detailed instructions / status border
043893 0E 00       0308*        ld c,text_left ; x
043895 06 28       0309*        ld b,vp_playbar_top+5 ; y
043897 CD BE 1B 04 0310*        call vdu_move_cursor
04389B 21 48 35 04 0311*        ld hl,str_dashes_thick
04389F CD 67 00 04 0312*        call printString
0438A3             0313*    
0438A3             0314*    ; print the current directory path and first page of files
0438A3 CD 26 3E 04 0315*        call bf_print_dir_name
0438A7 21 00 00 00 0316*        ld hl,0
0438AB 22 0A 00 07 0317*        ld (bf_page_cur),hl
0438AF AF          0318*        xor a
0438B0 32 00 00 07 0319*        ld (bf_file_idx),a ; reset the file index
0438B4 CD D2 3D 04 0320*        call bf_highlight_file ; highlight the first file
0438B8             0321*    
0438B8             0322*    ; load logo and plot it
0438B8 CD D6 41 04 0323*        call load_ui_images
0438BC 21 00 20 00 0324*        ld hl,BUF_UI_LOGO
0438C0 CD E0 1C 04 0325*        call vdu_buff_select
0438C4 01 80 01 00 0326*        ld bc,384 ; x
0438C8 11 14 00 00 0327*        ld de,20 ; y
0438CC CD 26 21 04 0328*        call vdu_plot_bmp
0438D0             0329*    
0438D0 C9          0330*        ret
0438D1             0331*    ; end ui_init
0438D1             0332*    
0438D1             0333*    agon_jukebox_ascii:
0438D1 20 20 20 5F 0334*        db "   _____    ________ ________    _______   \r\n"
       5F 5F 5F 5F 
       20 20 20 20 
       5F 5F 5F 5F 
       5F 5F 5F 5F 
       20 5F 5F 5F 
       5F 5F 5F 5F 
       5F 20 20 20 
       20 5F 5F 5F 
       5F 5F 5F 5F 
       20 20 20 0D 
       0A          
0438FE 20 20 2F 20 0335*        db "  /  _  \\  /  _____/ \\_____  \\   \\      \\  \r\n"
       20 5F 20 20 
       5C 20 20 2F 
       20 20 5F 5F 
       5F 5F 5F 2F 
       20 5C 5F 5F 
       5F 5F 5F 20 
       20 5C 20 20 
       20 5C 20 20 
       20 20 20 20 
       5C 20 20 0D 
       0A          
04392B 20 2F 20 20 0336*        db " /  /_\\  \\/   \\  ___  /   |   \\  /   |   \\ \r\n"
       2F 5F 5C 20 
       20 5C 2F 20 
       20 20 5C 20 
       20 5F 5F 5F 
       20 20 2F 20 
       20 20 7C 20 
       20 20 5C 20 
       20 2F 20 20 
       20 7C 20 20 
       20 5C 20 0D 
       0A          
043958 2F 20 20 20 0337*        db "/    |    \\    \\_\\  \\/    |    \\/    |    \\\r\n"
       20 7C 20 20 
       20 20 5C 20 
       20 20 20 5C 
       5F 5C 20 20 
       5C 2F 20 20 
       20 20 7C 20 
       20 20 20 5C 
       2F 20 20 20 
       20 7C 20 20 
       20 20 5C 0D 
       0A          
043985 5C 5F 5F 5F 0338*        db "\\____|__  /\\______  /\\_______  /\\____|__  /\r\n"
       5F 7C 5F 5F 
       20 20 2F 5C 
       5F 5F 5F 5F 
       5F 5F 20 20 
       2F 5C 5F 5F 
       5F 5F 5F 5F 
       5F 20 20 2F 
       5C 5F 5F 5F 
       5F 7C 5F 5F 
       20 20 2F 0D 
       0A          
0439B2 20 20 20 20 0339*        db "        \\/        \\/         \\/         \\/ \r\n"
       20 20 20 20 
       5C 2F 20 20 
       20 20 20 20 
       20 20 5C 2F 
       20 20 20 20 
       20 20 20 20 
       20 5C 2F 20 
       20 20 20 20 
       20 20 20 20 
       5C 2F 20 0D 
       0A          
0439DF 20 20 20 20 0340*        db "     ____ ____ ___ ____  __ ___________    \r\n"
       20 5F 5F 5F 
       5F 20 5F 5F 
       5F 5F 20 5F 
       5F 5F 20 5F 
       5F 5F 5F 20 
       20 5F 5F 20 
       5F 5F 5F 5F 
       5F 5F 5F 5F 
       5F 5F 5F 20 
       20 20 20 0D 
       0A          
043A0C 20 20 20 20 0341*        db "    |    |    |   \\    |/ _|\\_   _____/    \r\n"
       7C 20 20 20 
       20 7C 20 20 
       20 20 7C 20 
       20 20 5C 20 
       20 20 20 7C 
       2F 20 5F 7C 
       5C 5F 20 20 
       20 5F 5F 5F 
       5F 5F 2F 20 
       20 20 20 0D 
       0A          
043A39 20 20 20 20 0342*        db "    |    |    |   /      <   |    __)_     \r\n"
       7C 20 20 20 
       20 7C 20 20 
       20 20 7C 20 
       20 20 2F 20 
       20 20 20 20 
       20 3C 20 20 
       20 7C 20 20 
       20 20 5F 5F 
       29 5F 20 20 
       20 20 20 0D 
       0A          
043A66 2F 5C 5F 5F 0343*        db "/\\__|    |    |  /|    |  \\  |        \\    \r\n"
       7C 20 20 20 
       20 7C 20 20 
       20 20 7C 20 
       20 2F 7C 20 
       20 20 20 7C 
       20 20 5C 20 
       20 7C 20 20 
       20 20 20 20 
       20 20 5C 20 
       20 20 20 0D 
       0A          
043A93 5C 5F 5F 5F 0344*        db "\\________|______/ |____|__ \\/_______  /    \r\n"
       5F 5F 5F 5F 
       5F 7C 5F 5F 
       5F 5F 5F 5F 
       2F 20 7C 5F 
       5F 5F 5F 7C 
       5F 5F 20 5C 
       2F 5F 5F 5F 
       5F 5F 5F 5F 
       20 20 2F 20 
       20 20 20 0D 
       0A          
043AC0 20 20 20 20 0345*        db "                          \\/        \\/     \r\n"
       20 20 20 20 
       20 20 20 20 
       20 20 20 20 
       20 20 20 20 
       20 20 20 20 
       20 20 5C 2F 
       20 20 20 20 
       20 20 20 20 
       5C 2F 20 20 
       20 20 20 0D 
       0A          
043AED 20 20 20 20 0346*        db "    __________ ________  ____  ___         \r\n"
       5F 5F 5F 5F 
       5F 5F 5F 5F 
       5F 5F 20 5F 
       5F 5F 5F 5F 
       5F 5F 5F 20 
       20 5F 5F 5F 
       5F 20 20 5F 
       5F 5F 20 20 
       20 20 20 20 
       20 20 20 0D 
       0A          
043B1A 20 20 20 20 0347*        db "    \\______   \\\\_____  \\ \\   \\/  /         \r\n"
       5C 5F 5F 5F 
       5F 5F 5F 20 
       20 20 5C 5C 
       5F 5F 5F 5F 
       5F 20 20 5C 
       20 5C 20 20 
       20 5C 2F 20 
       20 2F 20 20 
       20 20 20 20 
       20 20 20 0D 
       0A          
043B47 20 20 20 20 0348*        db "     |    |  _/ /   |   \\ \\     /          \r\n"
       20 7C 20 20 
       20 20 7C 20 
       20 5F 2F 20 
       2F 20 20 20 
       7C 20 20 20 
       5C 20 5C 20 
       20 20 20 20 
       2F 20 20 20 
       20 20 20 20 
       20 20 20 0D 
       0A          
043B74 20 20 20 20 0349*        db "     |    |   \\/    |    \\/     \\          \r\n"
       20 7C 20 20 
       20 20 7C 20 
       20 20 5C 2F 
       20 20 20 20 
       7C 20 20 20 
       20 5C 2F 20 
       20 20 20 20 
       5C 20 20 20 
       20 20 20 20 
       20 20 20 0D 
       0A          
043BA1 20 20 20 20 0350*        db "     |______  /\\_______  /___/\\  \\         \r\n"
       20 7C 5F 5F 
       5F 5F 5F 5F 
       20 20 2F 5C 
       5F 5F 5F 5F 
       5F 5F 5F 20 
       20 2F 5F 5F 
       5F 2F 5C 20 
       20 5C 20 20 
       20 20 20 20 
       20 20 20 0D 
       0A          
043BCE 20 20 20 20 0351*        db "            \\/         \\/      \\_/              v0.9.6-beta\r\n"
       20 20 20 20 
       20 20 20 20 
       5C 2F 20 20 
       20 20 20 20 
       20 20 20 5C 
       2F 20 20 20 
       20 20 20 5C 
       5F 2F 20 20 
       20 20 20 20 
       20 20 20 20 
       20 20 20 20 
       76 30 2E 39 
       2E 36 2D 62 
       65 74 61 0D 
       0A          
043C0B 00          0352*        db 0 ; list terminator
043C0C             0050         include "browse.inc"
043C0C             0001*    bf_files_per_pg: equ 10 ; number of directories / files to display per page
043C0C             0002*    
043C0C             0003*    bf_get_dir:
043C0C             0004*    ; initialize counters
043C0C 21 00 00 00 0005*        ld hl,0
043C10 22 01 00 07 0006*        ld (bf_dir_num_files),hl
043C14             0007*    
043C14             0008*    ; initialize pointers to store directory info and print directory name
043C14 21 10 00 07 0009*        ld hl,bf_dir_path  ; where to store result
043C18 01 FF 00 00 0010*        ld bc,255          ; max length (final byte is zero terminator) [has no effect]
043C1C             0011*        FFSCALL ffs_getcwd ; MOS api get current working directory
                       M1 Args: function=ffs_getcwd 
043C1C FD E5       0001*M1  			PUSH IY
043C1E 3E 9E       0002*M1  			LD	A, function
043C20 5B CF       0003*M1  			RST.LIL	08h
043C22 FD E1       0004*M1  			POP IY
043C24             0012*    
043C24             0013*    ; get dir info
043C24 21 00 02 07 0014*        ld hl,bf_dir_struct ; define where to store directory info
043C28 11 10 00 07 0015*        ld de,bf_dir_path   ; this is pointer to the path to the directory
043C2C AF          0016*        xor a               ; tell MOS to expect zero-terminated string
043C2D             0017*        FFSCALL ffs_dopen   ; open dir
                       M1 Args: function=ffs_dopen 
043C2D FD E5       0001*M1  			PUSH IY
043C2F 3E 91       0002*M1  			LD	A, function
043C31 5B CF       0003*M1  			RST.LIL	08h
043C33 FD E1       0004*M1  			POP IY
043C35             0018*    
043C35             0019*    ; set up pointers
043C35 DD 21 00 06 0020*        ld ix,bf_dir_fil_list ; this is the pointer to the filinfo structs
       07          
043C3A FD 21 00 03 0021*        ld iy,bf_filinfo_ptrs ; where to store pointers to filinfo structs
       07          
043C3F             0022*    
043C3F             0023*    @readFileInfo:               ; we will loop here until all files have been processed
043C3F 21 00 02 07 0024*        ld hl,bf_dir_struct      ; HL is where to get directory info
043C43 ED 12 00    0025*        lea de,ix                ; DE is where to store filinfo struct
043C46             0026*        FFSCALL ffs_dread        ; read next item from dir into filinfo struct
                       M1 Args: function=ffs_dread 
043C46 FD E5       0001*M1  			PUSH IY
043C48 3E 93       0002*M1  			LD	A, function
043C4A 5B CF       0003*M1  			RST.LIL	08h
043C4C FD E1       0004*M1  			POP IY
043C4E             0027*    
043C4E DD 7E 16    0028*        ld a,(ix+filinfo_fname)  ; get first char of file name
043C51 B7          0029*        or a                     ; if zero then we are at the end of the listing
043C52 CA AD 3C 04 0030*        jp z,@allDone
043C56             0031*    
043C56 DD 7E 08    0032*        ld a,(ix+filinfo_fattrib) ; get the file attribute
043C59 CB AF       0033*        res AM_ARC,a ; clear bit 5 (archive) see: https://discord.com/channels/1158535358624039014/1158536667670511726/1328466726098309173
043C5B B7          0034*        or a ; if zero this is a file
043C5C C2 65 3C 04 0035*        jp nz,@F ; not zero so this is some other file type
043C60 CB EF       0036*        set AM_ARC,a ; set bit 5 (archive) so will be consistent btw emulator and hardware
043C62 DD 77 08    0037*        ld (ix+filinfo_fattrib),a ; update so we don't have to do this every time downstream
043C65             0038*    
043C65             0039*    @@: ; skip over writing hidden and system files
043C65 CB 4F       0040*        bit AM_HID,a ; hidden file
043C67 C2 3F 3C 04 0041*        jp nz,@readFileInfo
043C6B CB 57       0042*        bit AM_SYS,a ; system file
043C6D C2 3F 3C 04 0043*        jp nz,@readFileInfo
043C71             0044*    
043C71             0045*    ; check for valid directory
043C71 CB 67       0046*        bit AM_DIR,a ; directory
043C73 C2 8F 3C 04 0047*        jp nz,@isDir ; is directory so skip .wav file check
043C77             0048*    
043C77             0049*    ; is file so check for valid .wav format
043C77 21 00 FF 06 0050*        ld hl,bf_fil_struct ; hl = pointer to fil struct
043C7B ED 12 16    0051*        lea de,ix+filinfo_fname ; de = pointer to filename
043C7E CD BD 6B 04 0052*        call bf_verify_wav
043C82 CA 3F 3C 04 0053*        jp z,@readFileInfo ; not a .wav file, so skip it
043C86             0054*    ; set the last byte of filinfo_faltname to 1 to indicate this is a file for filename sorting
043C86 3E 31       0055*        ld a,'1'
043C88 DD 77 15    0056*        ld (ix+filinfo_fname-1),a
043C8B C3 94 3C 04 0057*        jp @goodPath
043C8F             0058*    @isDir:
043C8F             0059*    ; set the last byte of filinfo_faltname to 0 to indicate this is a directory for filename sorting
043C8F 3E 30       0060*        ld a,'0'
043C91 DD 77 15    0061*        ld (ix+filinfo_fname-1),a
043C94             0062*        ; fall through to @goodPath
043C94             0063*    @goodPath:
043C94             0064*    ; valid file or directory
043C94 FD 3E 00    0065*        ld (iy),ix ; store pointer to filinfo struct
043C97 2A 01 00 07 0066*        ld hl,(bf_dir_num_files) ; get the current file counter
043C9B 23          0067*        inc hl                  ; increment the counter
043C9C 22 01 00 07 0068*        ld (bf_dir_num_files),hl
043CA0             0069*    ; bump pointers
043CA0 ED 33 03    0070*        lea iy,iy+3
043CA3 11 16 01 00 0071*        ld de,filinfo_struct_size ; length of filinfo record
043CA7 DD 19       0072*        add ix,de
043CA9 C3 3F 3C 04 0073*        jp @readFileInfo         ; loop around to check next entry
043CAD             0074*    @allDone:
043CAD             0075*    ; compute page statistics
043CAD 11 0A 00 00 0076*        ld de,bf_files_per_pg    ; number of files per page
043CB1 2A 01 00 07 0077*        ld hl,(bf_dir_num_files) ; get the number of files
043CB5             0078*        SIGN_UHL ; check for zero
                       M1 Args: none
043CB5 19          0001*M1      add hl,de ; 1 cycle
043CB6 B7          0002*M1      or a ; clear flags ; 1 cycle
043CB7 ED 52       0003*M1      sbc hl,de ; 2 cycles
043CB9             0004*M1      ; 4 cycles total
043CB9 C2 C9 3C 04 0079*        jp nz,@not_zero
043CBD 11 00 00 00 0080*        ld de,0 ; number of pages, will increment by 1 later
043CC1 21 00 00 00 0081*        ld hl,0 ; number of files on last page
043CC5 C3 DA 3C 04 0082*        jp @write_stats
043CC9             0083*    @not_zero:
043CC9 CD F5 03 04 0084*        call udiv24 ; de = hl/bf_files_per_pg, hl = mod(hl,bf_files_per_pg)
043CCD             0085*        SIGN_UHL ; check remainder for zero
                       M1 Args: none
043CCD 19          0001*M1      add hl,de ; 1 cycle
043CCE B7          0002*M1      or a ; clear flags ; 1 cycle
043CCF ED 52       0003*M1      sbc hl,de ; 2 cycles
043CD1             0004*M1      ; 4 cycles total
043CD1 C2 DA 3C 04 0086*        jp nz,@write_stats
043CD5 21 0A 00 00 0087*        ld hl,bf_files_per_pg ; if zero then we have exactly bf_files_per_pg files on the last page ...
043CD9 1B          0088*        dec de ; ... and we don't need an additional page for the remainder
043CDA             0089*    @write_stats:
043CDA 22 07 00 07 0090*        ld (bf_files_last_pg),hl ; save the number of files on the last page
043CDE 13          0091*        inc de ; bump the page count
043CDF ED 53 0D 00 0092*        ld (bf_dir_num_pages),de ; save the number of pages
       07          
043CE4 21 00 00 00 0093*        ld hl,0 ; reset the page number
043CE8 22 0A 00 07 0094*        ld (bf_page_cur),hl
043CEC             0095*    ; sort the filenames
043CEC FD 21 00 03 0096*        ld iy,bf_filinfo_ptrs ; get the pointer to the fileinfo pointer table
       07          
043CF1 3A 01 00 07 0097*        ld a,(bf_dir_num_files) ; get the number of files
043CF5 47          0098*        ld b,a ; loop counter
043CF6 CD 28 6B 04 0099*        call selection_sort_asc_filinfo ; sort the filenames
043CFA             0100*    ; close the directory
043CFA 21 00 02 07 0101*        ld hl,bf_dir_struct      ; load H: with address of the DIR struct
043CFE             0102*        FFSCALL ffs_dclose       ; close dir
                       M1 Args: function=ffs_dclose 
043CFE FD E5       0001*M1  			PUSH IY
043D00 3E 92       0002*M1  			LD	A, function
043D02 5B CF       0003*M1  			RST.LIL	08h
043D04 FD E1       0004*M1  			POP IY
043D06             0103*    ; fall through to bf_get_page_num_files
043D06             0104*    
043D06             0105*    bf_get_page_num_files:
043D06             0106*    ; check whether we're at last page
043D06 2A 0A 00 07 0107*        ld hl,(bf_page_cur)
043D0A ED 5B 0D 00 0108*        ld de,(bf_dir_num_pages)
       07          
043D0F 1B          0109*        dec de ; zero-based
043D10 B7          0110*        or a ; clear carry
043D11 ED 52       0111*        sbc hl,de
043D13 3E 0A       0112*        ld a,bf_files_per_pg ; a = default number of files per page
043D15 C2 1D 3D 04 0113*        jp nz,@F ; not the last page
043D19 3A 07 00 07 0114*        ld a,(bf_files_last_pg) ; get the number of files on the last page
043D1D             0115*    @@:
043D1D 32 04 00 07 0116*        ld (bf_files_cur_pg),a ; save the number of files on the page
043D21 C9          0117*        ret
043D22             0118*    ; end bf_get_page_num_files
043D22             0119*    ; end bf_get_dir
043D22             0120*    
043D22             0121*    ; print the directory listing for the current directory page
043D22             0122*    ; inputs: none
043D22             0123*    ; prerequisites: bf_get_dir must have been called to populate bf_dir_fil_list
043D22             0124*    ; destroys: everything
043D22             0125*    bf_print_dir_page:
043D22             0126*    ; set text viewport for directory listing
043D22 CD D7 35 04 0127*        call vp_dir
043D26 CD E6 1B 04 0128*        call vdu_cls
043D2A             0129*    ; check for zero files in directory
043D2A 2A 01 00 07 0130*        ld hl,(bf_dir_num_files)
043D2E             0131*        SIGN_UHL
                       M1 Args: none
043D2E 19          0001*M1      add hl,de ; 1 cycle
043D2F B7          0002*M1      or a ; clear flags ; 1 cycle
043D30 ED 52       0003*M1      sbc hl,de ; 2 cycles
043D32             0004*M1      ; 4 cycles total
043D32 CA 70 3D 04 0132*        jp z,@no_files ; no files to display so update ui with page stats and return
043D36             0133*    ; set pointer to the correct index in the fileinfo pointer table
043D36 2A 0A 00 07 0134*        ld hl,(bf_page_cur) ; get the current page
043D3A 11 1E 00 00 0135*        ld de,bf_files_per_pg*3 ; number of files per page * 3 bytes per pointer
043D3E CD DC 03 04 0136*        call umul24 ; hl = page * num_files_per_page
043D42 EB          0137*        ex de,hl ; can't add ix,hl ...
043D43 DD 21 00 03 0138*        ld ix,bf_filinfo_ptrs ; get the pointer to the fileinfo pointer table
       07          
043D48 DD 19       0139*        add ix,de ; ix points to the correct index in the fileinfo pointer table
043D4A             0140*    ; loop through the fileinfo pointer table and print out the filenames
043D4A 3A 04 00 07 0141*        ld a,(bf_files_cur_pg)
043D4E 47          0142*        ld b,a ; loop counter
043D4F AF          0143*        xor a ; song index
043D50             0144*    @loop:
043D50 C5          0145*        push bc ; save loop counter
043D51 F5          0146*        push af ; save song index
043D52 CD 68 6C 04 0147*        call printHexA ; print the song index
043D56 DD 31 00    0148*        ld iy,(ix) ; iy points to filinfo struct
043D59 CD 0B 3E 04 0149*        call bf_print_dir_or_file
043D5D             0150*    @bump_counters:
043D5D ED 32 03    0151*        lea ix,ix+3 ; bump the filename pointer
043D60 F1          0152*        pop af ; restore song index
043D61 3C          0153*        inc a ; increment the song index
043D62 C1          0154*        pop bc ; restore loop counter
043D63 05          0155*        dec b
043D64 CA 83 3D 04 0156*        jp z,@done ; if zero, we're done
043D68 CD 7C 00 04 0157*        call printNewLine
043D6C C3 50 3D 04 0158*        jp @loop
043D70             0159*    @no_files:
043D70 AF          0160*        xor a ; reset the page number to zero
043D71 32 0A 00 07 0161*        ld (bf_page_cur),a
043D75 21 01 00 00 0162*        ld hl,1 ; an empty page is still a page
043D79 22 0D 00 07 0163*        ld (bf_dir_num_pages),hl
043D7D CD B8 3D 04 0164*        call bf_update_pages_ui
043D81 AF          0165*        xor a ; set zero flag indicating there were no files to display
043D82 C9          0166*        ret
043D83             0167*    @done:
043D83             0168*    ; update ui and return to caller
043D83 CD B8 3D 04 0169*        call bf_update_pages_ui
043D87 F6 01       0170*        or a,1 ; reset zero flag indicating there were files to display
043D89 C9          0171*        ret
043D8A             0172*    ; end bf_print_dir_page
043D8A             0173*    
043D8A             0174*    ; print the entire directory (for debugging, not in-app use)
043D8A             0175*    ; inputs: none
043D8A             0176*    ; prerequisites: bf_get_dir must have been called to populate bf_dir_fil_list
043D8A             0177*    ; destroys: everything
043D8A             0178*    bf_print_dir:
043D8A             0179*    ; set pointer to the correct index in the fileinfo pointer table
043D8A DD 21 00 03 0180*        ld ix,bf_filinfo_ptrs ; get the pointer to the fileinfo pointer table
       07          
043D8F             0181*    ; loop through the fileinfo pointer table and print out the filenames
043D8F 3A 01 00 07 0182*        ld a,(bf_dir_num_files)
043D93 47          0183*        ld b,a ; loop counter
043D94 A7          0184*        and a ; check for zero files in the directory
043D95 C8          0185*        ret z ; nothing to see here, move along
043D96 AF          0186*        xor a ; song index
043D97             0187*    @loop:
043D97 C5          0188*        push bc ; save loop counter
043D98 F5          0189*        push af ; save song index
043D99 CD 68 6C 04 0190*        call printHexA ; print the song index
043D9D DD 31 00    0191*        ld iy,(ix) ; iy points to filinfo struct
043DA0 CD 0B 3E 04 0192*        call bf_print_dir_or_file
043DA4             0193*    @bump_counters:
043DA4 ED 32 03    0194*        lea ix,ix+3 ; bump the filename pointer
043DA7 F1          0195*        pop af ; restore song index
043DA8 3C          0196*        inc a ; increment the song index
043DA9 C1          0197*        pop bc ; restore loop counter
043DAA 05          0198*        dec b
043DAB CA B7 3D 04 0199*        jp z,@done ; if zero, we're done
043DAF CD 7C 00 04 0200*        call printNewLine
043DB3 C3 97 3D 04 0201*        jp @loop
043DB7             0202*    @done:
043DB7 C9          0203*        ret
043DB8             0204*    ; end bf_print_dir
043DB8             0205*    
043DB8             0206*    bf_update_pages_ui:
043DB8             0207*    ; update the directory page ui widgets
043DB8 CD F1 35 04 0208*        call vp_legend_page_num
043DBC 3A 0A 00 07 0209*        ld a,(bf_page_cur)
043DC0 3C          0210*        inc a ; pages are zero-based, users are not
043DC1 CD AE 00 04 0211*        call printHex8
043DC5 CD FE 35 04 0212*        call vp_legend_num_pages
043DC9 3A 0D 00 07 0213*        ld a,(bf_dir_num_pages)
043DCD CD AE 00 04 0214*        call printHex8
043DD1 C9          0215*        ret
043DD2             0216*    ; end bf_update_pages_ui
043DD2             0217*    
043DD2             0218*    bf_highlight_file:
043DD2             0219*    ; refresh the directory listing
043DD2 CD 22 3D 04 0220*        call bf_print_dir_page
043DD6 C8          0221*        ret z ; no files to display so we're done
043DD7             0222*    ; highlight the song being played in the directory listing
043DD7 3A 00 00 07 0223*        ld a,(bf_file_idx)
043DDB 16 17       0224*        ld d,vp_dir_top
043DDD 82          0225*        add a,d
043DDE 0E 00       0226*        ld c,text_left
043DE0 57          0227*        ld d,a
043DE1 1E 3F       0228*        ld e,text_right
043DE3 47          0229*        ld b,a
043DE4 CD 3F 1C 04 0230*        call vdu_set_txt_viewport
043DE8 CD E6 1B 04 0231*        call vdu_cls
043DEC             0232*    ; set text colours to inverse
043DEC CD 66 36 04 0233*        call set_text_colours_inverse
043DF0             0234*    ; print the index and song filename
043DF0 3A 00 00 07 0235*        ld a,(bf_file_idx)
043DF4 CD 68 6C 04 0236*        call printHexA
043DF8 CD C3 3F 04 0237*        call bf_get_filinfo_from_pg_idx ; iy = pointer to the filinfo struct
043DFC CD 0B 3E 04 0238*        call bf_print_dir_or_file
043E00             0239*    ; set text colours to normal
043E00 CD 59 36 04 0240*        call set_text_colours_normal
043E04 C9          0241*        ret
043E05             0242*    ; end bf_highlight_file
043E05             0243*    
043E05             0244*    bf_check_dir_or_file:
043E05 FD 7E 08    0245*        ld a,(iy+filinfo_fattrib)
043E08 CB 67       0246*        bit AM_DIR,a ; if not zero, is directory
043E0A C9          0247*        ret
043E0B             0248*    ; end bf_check_dir_or_file
043E0B             0249*    
043E0B             0250*    bf_print_dir_or_file:
043E0B CD 05 3E 04 0251*        call bf_check_dir_or_file
043E0F CA 1E 3E 04 0252*        jp z,@print_file ; not directory so just write filename
043E13 CD 60 00 04 0253*        call printInline
043E17 3C 44 49 52 0254*        asciz "<DIR> "
       3E 20 00    
043E1E             0255*    @print_file:
043E1E ED 23 16    0256*        lea hl,iy+filinfo_fname
043E21 CD 67 00 04 0257*        call printString ; print the filename
043E25 C9          0258*        ret
043E26             0259*    ; end bf_print_dir_or_file
043E26             0260*    
043E26             0261*    bf_print_dir_name:
043E26 CD CA 35 04 0262*        call vp_dir_name
043E2A CD E6 1B 04 0263*        call vdu_cls
043E2E 21 10 00 07 0264*        ld hl,bf_dir_path
043E32 CD 67 00 04 0265*        call printString
043E36 C9          0266*        ret
043E37             0267*    ; end bf_print_dir_name
043E37             0051         include "input.inc"
043E37             0001*    get_input:
043E37             0002*    ; wait for the user to push a button
043E37 FB          0003*        ei ; enable interrupts
043E38             0004*        MOSCALL mos_getkey ; a = ascii code of key pressed
                       M1 Args: function=mos_getkey 
043E38 3E 00       0001*M1  			LD	A, function
043E3A 5B CF       0002*M1  			RST.LIL	08h
043E3C F3          0005*        di ; disable interrupts
043E3D             0006*    
043E3D             0007*    ; RETURN TO MAIN, which re-enables interrupts and exits app
043E3D FE 1B       0008*        cp '\e' ; escape
043E3F C8          0009*        ret z
043E40 FE 71       0010*        cp 'q' ; quit
043E42 C8          0011*        ret z
043E43             0012*    
043E43             0013*    ; Ignore function, alt, control, caps lock, and shift key events.
043E43 B7          0014*        or a
043E44 CA 37 3E 04 0015*        jp z,get_input
043E48             0016*    
043E48             0017*    ; FILE BROWSER COMMANDS
043E48 FE 0B       0018*        cp 0x0B ; up arrow
043E4A CA F5 3E 04 0019*        jp z,bf_prev_file
043E4E FE 0A       0020*        cp 0x0A ; down arrow
043E50 CA 16 3F 04 0021*        jp z,bf_next_file
043E54 FE 15       0022*        cp 0x15 ; right arrow
043E56 CA 22 3F 04 0023*        jp z,bf_next_page
043E5A FE 08       0024*        cp 0x08 ; left arrow
043E5C CA 4E 3F 04 0025*        jp z,bf_prev_page
043E60 FE 75       0026*        cp 'u' ; go up one directory
043E62 CA 78 3F 04 0027*        jp z,bf_up_dir
043E66             0028*    
043E66             0029*    ; SONG PLAYING COMMANDS
043E66             0030*    ; set volume commands
043E66 FE 2E       0031*        cp '.' ; increase volume
043E68 CA E5 3F 04 0032*        jp z,ps_volume_up
043E6C FE 2C       0033*        cp ',' ; decrease volume
043E6E CA FC 3F 04 0034*        jp z,ps_volume_down
043E72             0035*    ; set seek speed commands
043E72 FE 2D       0036*        cp '-' ; slow down
043E74 CA ED 40 04 0037*        jp z,ps_seek_slow
043E78 FE 3D       0038*        cp '=' ; speed up (means +)
043E7A CA F6 40 04 0039*        jp z,ps_seek_fast
043E7E             0040*    ; seek back / forward
043E7E FE 5B       0041*        cp '['
043E80 CA 24 41 04 0042*        jp z,ps_seek_back
043E84 FE 5D       0043*        cp ']'
043E86 CA 38 41 04 0044*        jp z,ps_seek_fwd
043E8A             0045*    ; toggle play / pause
043E8A FE 70       0046*        cp 'p'
043E8C CA 37 40 04 0047*        jp z,ps_toggle_pause
043E90             0048*    ; toggle loop
043E90 FE 6C       0049*        cp 'l'
043E92 CA B4 40 04 0050*        jp z,ps_toggle_loop
043E96             0051*    ; toggle shuffle
043E96 FE 73       0052*        cp 's'
043E98 CA 7B 40 04 0053*        jp z,ps_toggle_shuffle
043E9C             0054*    ; play random song
043E9C FE 72       0055*        cp 'r'
043E9E CA 17 6A 04 0056*        jp z,ps_play_random
043EA2             0057*    ; select song or directory
043EA2 FE 0D       0058*        cp '\r' ; ENTER key
043EA4 CA A5 3F 04 0059*        jp z,bf_select_file
043EA8             0060*    ; number key selections
043EA8 FE 30       0061*        cp '0'
043EAA DA BE 3E 04 0062*        jp c,@no_cmd ; not a song command
043EAE FE 3A       0063*        cp '9'+1
043EB0 D2 BE 3E 04 0064*        jp nc,@no_cmd ; not a song command
043EB4             0065*    ; select song or directory
043EB4 D6 30       0066*        sub '0' ; a = file index
043EB6 32 00 00 07 0067*        ld (bf_file_idx),a
043EBA C3 A5 3F 04 0068*        jp bf_select_file
043EBE             0069*    @no_cmd: ; no valid commands so go back to user input
043EBE C3 37 3E 04 0070*        jp get_input
043EC2             0071*    
043EC2             0072*    @play_song:
043EC2 CD D2 3D 04 0073*        call bf_highlight_file ; highlight the selected file
043EC6 C3 AA 67 04 0074*        jp play_song ; play the song
043ECA             0075*    ; end get_input
043ECA             0076*    
043ECA             0077*    get_rand_file_idx:
043ECA 3A 04 00 07 0078*        ld a,(bf_files_cur_pg)
043ECE B7          0079*        or a
043ECF C8          0080*        ret z ; no files on page
043ED0 6F          0081*        ld l,a
043ED1 CD D5 05 04 0082*        call rand_8 ; a = 0-255
043ED5 67          0083*        ld h,a
043ED6 CD 11 06 04 0084*        call udiv8 ; a = mod(a,bf_files_per_pg)
043EDA 32 00 00 07 0085*        ld (bf_file_idx),a
043EDE C9          0086*        ret
043EDF             0087*    
043EDF             0088*    get_prev_file_idx:
043EDF             0089*    ; get number of files on current page
043EDF 3A 04 00 07 0090*        ld a,(bf_files_cur_pg)
043EE3 47          0091*        ld b,a
043EE4             0092*    ; decrement the file index
043EE4 3A 00 00 07 0093*        ld a,(bf_file_idx)
043EE8 3D          0094*        dec a
043EE9 B8          0095*        cp b
043EEA DA F0 3E 04 0096*        jp c,@F ; check for wraparound
043EEE 78          0097*        ld a,b ; get the number of files this page
043EEF 3D          0098*        dec a ; zero-based
043EF0             0099*    @@:
043EF0 32 00 00 07 0100*        ld (bf_file_idx),a
043EF4 C9          0101*        ret
043EF5             0102*    ; end get_prev_file_idx
043EF5             0103*    
043EF5             0104*    bf_prev_file:
043EF5 CD DF 3E 04 0105*        call get_prev_file_idx
043EF9 CD D2 3D 04 0106*        call bf_highlight_file ; highlight the file
043EFD C3 37 3E 04 0107*        jp get_input
043F01             0108*    ; end bf_prev_file
043F01             0109*    
043F01             0110*    get_next_file_idx:
043F01             0111*    ; get number of files on current page
043F01 3A 04 00 07 0112*        ld a,(bf_files_cur_pg)
043F05 47          0113*        ld b,a
043F06             0114*    ; increment the file index
043F06 3A 00 00 07 0115*        ld a,(bf_file_idx)
043F0A 3C          0116*        inc a
043F0B B8          0117*        cp b
043F0C DA 11 3F 04 0118*        jp c,@F ; check for wraparound
043F10 AF          0119*        xor a ; wrap around to the first file
043F11             0120*    @@:
043F11 32 00 00 07 0121*        ld (bf_file_idx),a
043F15 C9          0122*        ret
043F16             0123*    ; end get_next_file_idx
043F16             0124*    
043F16             0125*    bf_next_file:
043F16 CD 01 3F 04 0126*        call get_next_file_idx
043F1A CD D2 3D 04 0127*        call bf_highlight_file ; highlight the file
043F1E C3 37 3E 04 0128*        jp get_input
043F22             0129*    ; end bf_next_file
043F22             0130*    
043F22             0131*    bf_next_page:
043F22             0132*    ; advance the page number
043F22 ED 5B 0A 00 0133*        ld de,(bf_page_cur) ; get the current page number
       07          
043F27 13          0134*        inc de ; increment the page number
043F28 2A 0D 00 07 0135*        ld hl,(bf_dir_num_pages) ; get the number of pages
043F2C 2B          0136*        dec hl ; zero-based
043F2D B7          0137*        or a ; clear carry
043F2E ED 52       0138*        sbc hl,de
043F30 F2 38 3F 04 0139*        jp p,@F ; not the last page
043F34 11 00 00 00 0140*        ld de,0 ; wrap around to the first page
043F38             0141*    @@:
043F38             0142*    ; print the new page
043F38 ED 53 0A 00 0143*        ld (bf_page_cur),de
       07          
043F3D AF          0144*        xor a
043F3E 32 00 00 07 0145*        ld (bf_file_idx),a ; reset the file index
043F42 CD 06 3D 04 0146*        call bf_get_page_num_files ; get the number of files on the new page and store it
043F46 CD D2 3D 04 0147*        call bf_highlight_file ; highlight the first file
043F4A C3 37 3E 04 0148*        jp get_input
043F4E             0149*    ; end bf_next_page
043F4E             0150*    
043F4E             0151*    bf_prev_page:
043F4E             0152*    ; decrement the page number
043F4E 2A 0A 00 07 0153*        ld hl,(bf_page_cur) ; get the current page number
043F52 2B          0154*        dec hl ; decrement the page number
043F53             0155*        SIGN_UHL
                       M1 Args: none
043F53 19          0001*M1      add hl,de ; 1 cycle
043F54 B7          0002*M1      or a ; clear flags ; 1 cycle
043F55 ED 52       0003*M1      sbc hl,de ; 2 cycles
043F57             0004*M1      ; 4 cycles total
043F57 F2 60 3F 04 0156*        jp p,@F ; not time to wrap around
043F5B 2A 0D 00 07 0157*        ld hl,(bf_dir_num_pages) ; get the number of pages
043F5F 2B          0158*        dec hl ; zero-based
043F60             0159*    @@:
043F60             0160*    ; print the new page
043F60 22 0A 00 07 0161*        ld (bf_page_cur),hl
043F64 AF          0162*        xor a
043F65 32 00 00 07 0163*        ld (bf_file_idx),a ; reset the file index
043F69 CD 06 3D 04 0164*        call bf_get_page_num_files ; get the number of files on the new page and store it
043F6D CD D2 3D 04 0165*        call bf_highlight_file ; highlight the first file
043F71 C3 37 3E 04 0166*        jp get_input
043F75             0167*    ; end bf_prev_page
043F75             0168*    
043F75 2E 2E 00    0169*    str_up_dir: asciz ".."
043F78             0170*    ; change directory one level up
043F78             0171*    ; inputs: none
043F78             0172*    bf_up_dir:
043F78 21 75 3F 04 0173*        ld hl,str_up_dir
043F7C             0174*    ; change directory
043F7C             0175*    ; inputs: hl = pointer to directory name
043F7C             0176*    bf_change_dir:
043F7C             0177*        MOSCALL mos_cd ; change to the directory
                       M1 Args: function=mos_cd 
043F7C 3E 03       0001*M1  			LD	A, function
043F7E 5B CF       0002*M1  			RST.LIL	08h
043F80             0178*    ; stop the PRT timer and disable interrupts
043F80 CD 79 6B 04 0179*        call ps_prt_stop ; stop the PRT timer
043F84             0180*     ; get directory listing
043F84 CD 0C 3C 04 0181*        call bf_get_dir
043F88 21 00 00 00 0182*        ld hl,0
043F8C 22 0A 00 07 0183*        ld (bf_page_cur),hl ; reset the page number
043F90 AF          0184*        xor a
043F91 32 00 00 07 0185*        ld (bf_file_idx),a ; reset the file index
043F95 CD D2 3D 04 0186*        call bf_highlight_file ; highlight the first file
043F99 CD 26 3E 04 0187*        call bf_print_dir_name ; print the directory name
043F9D             0188*    ; restart the PRT timer
043F9D CD 64 6B 04 0189*        call ps_prt_start ; start the PRT timer
043FA1 C3 37 3E 04 0190*        jp get_input ; back to main loop (will re-enable interrupts)
043FA5             0191*    ; end bf_change_dir
043FA5             0192*    ; end bf_up_dir
043FA5             0193*    
043FA5             0194*    bf_select_file:
043FA5             0195*    ; set up pointers to the fileinfo struct and filename
043FA5 CD C3 3F 04 0196*        call bf_get_filinfo_from_pg_idx ; iy = pointer to filinfo struct
043FA9 21 00 FF 06 0197*        ld hl,bf_fil_struct ; hl = pointer to fil struct
043FAD ED 13 16    0198*        lea de,iy+filinfo_fname ; de = pointer to filename
043FB0 CD BD 6B 04 0199*        call bf_verify_wav
043FB4 ED 23 16    0200*        lea hl,iy+filinfo_fname ; hl = pointer to filename
043FB7 CA 7C 3F 04 0201*        jp z,bf_change_dir ; not a .wav file, so must be a directory
043FBB             0202*    ; play the .wav file
043FBB CD D2 3D 04 0203*        call bf_highlight_file ; highlight the selected file
043FBF C3 AA 67 04 0204*        jp play_song
043FC3             0205*    ; end bf_select_file
043FC3             0206*    
043FC3             0207*    ; get a pointer to a filinfo struct from a directory page index
043FC3             0208*    ; inputs: none
043FC3             0209*    ; outputs: iy = pointer to the filinfo struct
043FC3             0210*    bf_get_filinfo_from_pg_idx:
043FC3             0211*    ; get the fileinfo pointer from the fileinfo pointer table
043FC3 2A 0A 00 07 0212*        ld hl,(bf_page_cur) ; get the current page number
043FC7 11 1E 00 00 0213*        ld de,bf_files_per_pg*3 ; number of files per page * 3 bytes per pointer
043FCB CD DC 03 04 0214*        call umul24 ; hl = page * num_files_per_page
043FCF 3A 00 00 07 0215*        ld a,(bf_file_idx) ; get the file index
043FD3 5F          0216*        ld e,a ; file index
043FD4 16 03       0217*        ld d,3 ; 3 bytes per pointer
043FD6 ED 5C       0218*        mlt de ; de = file index * 3
043FD8 19          0219*        add hl,de
043FD9 EB          0220*        ex de,hl ; can't add iy,hl ...
043FDA FD 21 00 03 0221*        ld iy,bf_filinfo_ptrs ; get the pointer to the fileinfo pointer table
       07          
043FDF FD 19       0222*        add iy,de ; iy points to the first fileinfo pointer in the current page
043FE1 FD 37 00    0223*        ld iy,(iy) ; iy points to the filinfo record
043FE4 C9          0224*        ret
043FE5             0225*    ; end bf_get_filinfo_from_pg_idx
043FE5             0226*    
043FE5             0227*    ps_volume_up:
043FE5 3A 84 67 04 0228*        ld a,(ps_volume)
043FE9 FE 0B       0229*        cp 11 ; max volume
043FEB CA 37 3E 04 0230*        jp z,get_input ; already at max volume so return to input
043FEF 3C          0231*        inc a ; increase volume
043FF0 32 84 67 04 0232*        ld (ps_volume),a
043FF4 CD 12 40 04 0233*        call ps_adjust_volume
043FF8 C3 37 3E 04 0234*        jp get_input
043FFC             0235*    ; end ps_volume_up
043FFC             0236*    
043FFC             0237*    ps_volume_down:
043FFC 3A 84 67 04 0238*        ld a,(ps_volume)
044000 B7          0239*        or a ; zero check for min volume
044001 CA 37 3E 04 0240*        jp z,get_input ; already at min volume so return to input
044005 3D          0241*        dec a ; decrease volume
044006 32 84 67 04 0242*        ld (ps_volume),a
04400A CD 12 40 04 0243*        call ps_adjust_volume
04400E C3 37 3E 04 0244*        jp get_input
044012             0245*    ; end ps_volume_down
044012             0246*    
044012             0247*    ; adjust master volume
044012             0248*    ; inputs: a = new volume (0-11)
044012             0249*    ; outputs: prints the new volume to the screen
044012             0250*    ; destroys: af, hl, bc
044012             0251*    ps_adjust_volume:
044012             0252*    ; save the new volume and set the volume for all channels
044012 47          0253*        ld b,a ; volume
044013 0E 0C       0254*        ld c,12
044015 ED 4C       0255*        mlt bc
044017 41          0256*        ld b,c ; b = volume * 12
044018 0E FF       0257*        ld c,-1 ; channel -1 = global volume
04401A CD 48 22 04 0258*        call vdu_channel_volume
04401E             0259*    ; print the new volume
04401E CD 25 36 04 0260*        call vp_legend_volume
044022 CD E6 1B 04 0261*        call vdu_cls
044026 3A 84 67 04 0262*        ld a,(ps_volume)
04402A CD 44 01 04 0263*        call printDec8 ; print the volume
04402E             0264*    ; restore the '<' character that got stomped on
04402E CD 5B 1B 04 0265*        call vdu_home_cursor
044032 3E 3C       0266*        ld a,'<'
044034 5B D7       0267*        rst.lil 10h ; print the '<' character
044036 C9          0268*        ret
044037             0269*    ; end ps_adjust_volume
044037             0270*    
044037             0271*    ps_toggle_pause:
044037 CD 89 35 04 0272*        call vp_now_playing
04403B CD E6 1B 04 0273*        call vdu_cls
04403F 21 85 67 04 0274*        ld hl,ps_mode
044043 CB 46       0275*        bit ps_mode_playing,(hl)
044045 C2 5E 40 04 0276*        jp nz,@playing
044049 CB C6       0277*        set ps_mode_playing,(hl)
04404B CD 60 00 04 0278*        call printInline
04404F 28 50 29 6C 0279*        asciz "(P)laying "
       61 79 69 6E 
       67 20 00    
04405A C3 6F 40 04 0280*        jp @print
04405E             0281*    @playing:
04405E CB 86       0282*        res ps_mode_playing,(hl)
044060 CD 60 00 04 0283*        call printInline
044064 28 50 29 61 0284*        asciz "(P)aused  "
       75 73 65 64 
       20 20 00    
04406F             0285*    @print:
04406F 21 16 01 09 0286*        ld hl,ps_filinfo_fname
044073 CD 67 00 04 0287*        call printString ; print the song filename
044077 C3 37 3E 04 0288*        jp get_input
04407B             0289*    ; end ps_toggle_pause
04407B             0290*    
04407B             0291*    ps_toggle_shuffle:
04407B CD 0B 36 04 0292*        call vp_legend_shuffle
04407F CD E6 1B 04 0293*        call vdu_cls
044083 21 85 67 04 0294*        ld hl,ps_mode
044087 CB 56       0295*        bit ps_mode_shuffle,(hl)
044089 C2 A6 40 04 0296*        jp nz,@shuffling
04408D CD 66 36 04 0297*        call set_text_colours_inverse
044091 21 85 67 04 0298*        ld hl,ps_mode
044095 CB D6       0299*        set ps_mode_shuffle,(hl)
044097 CD 60 00 04 0300*        call printInline
04409B 4F 4E 00    0301*        asciz "ON"
04409E CD 59 36 04 0302*        call set_text_colours_normal
0440A2 C3 37 3E 04 0303*        jp get_input
0440A6             0304*    @shuffling:
0440A6 CB 96       0305*        res ps_mode_shuffle,(hl)
0440A8 CD 60 00 04 0306*        call printInline
0440AC 4F 46 46 00 0307*        asciz "OFF"
0440B0 C3 37 3E 04 0308*        jp get_input
0440B4             0309*    ; end ps_toggle_shuffle
0440B4             0310*    
0440B4             0311*    ps_toggle_loop:
0440B4 CD 18 36 04 0312*        call vp_legend_loop
0440B8 CD E6 1B 04 0313*        call vdu_cls
0440BC 21 85 67 04 0314*        ld hl,ps_mode
0440C0 CB 4E       0315*        bit ps_mode_loop,(hl)
0440C2 C2 DF 40 04 0316*        jp nz,@looping
0440C6 CD 66 36 04 0317*        call set_text_colours_inverse
0440CA 21 85 67 04 0318*        ld hl,ps_mode
0440CE CB CE       0319*        set ps_mode_loop,(hl)
0440D0 CD 60 00 04 0320*        call printInline
0440D4 4F 4E 00    0321*        asciz "ON"
0440D7 CD 59 36 04 0322*        call set_text_colours_normal
0440DB C3 37 3E 04 0323*        jp get_input
0440DF             0324*    @looping:
0440DF CB 8E       0325*        res ps_mode_loop,(hl)
0440E1 CD 60 00 04 0326*        call printInline
0440E5 4F 46 46 00 0327*        asciz "OFF"
0440E9 C3 37 3E 04 0328*        jp get_input
0440ED             0329*    ; end ps_toggle_loop
0440ED             0330*    
0440ED             0331*    ps_seek_slow:
0440ED 3A 9D 67 04 0332*        ld a,(ps_seek_rate_idx)
0440F1 3D          0333*        dec a
0440F2 C3 FB 40 04 0334*        jp ps_set_seek_rate
0440F6             0335*    ; end ps_seek_slow
0440F6             0336*    
0440F6             0337*    ps_seek_fast:
0440F6 3A 9D 67 04 0338*        ld a,(ps_seek_rate_idx)
0440FA 3C          0339*        inc a
0440FB             0340*    ; fall through to ps_seek_rate
0440FB             0341*    ; end ps_seek_fast
0440FB             0342*    
0440FB             0343*    ps_set_seek_rate:
0440FB E6 07       0344*        and 7 ; mod 8
0440FD 32 9D 67 04 0345*        ld (ps_seek_rate_idx),a
044101 21 9E 67 04 0346*        ld hl,ps_seek_rate_idx+1
044105 11 00 00 00 0347*        ld de,0
044109 5F          0348*        ld e,a
04410A 19          0349*        add hl,de
04410B 7E          0350*        ld a,(hl)
04410C 32 99 67 04 0351*        ld (ps_seek_rate),a
044110 CD 32 36 04 0352*        call vp_seek_rate
044114 CD E6 1B 04 0353*        call vdu_cls
044118 3A 99 67 04 0354*        ld a,(ps_seek_rate)
04411C CD 44 01 04 0355*        call printDec8
044120 C3 37 3E 04 0356*        jp get_input
044124             0357*    ; end ps_set_seek_rate
044124             0358*    
044124             0359*    ps_seek_back:
044124             0360*    ; stop the PRT timer and disable interrupts
044124 CD 79 6B 04 0361*        call ps_prt_stop ; stop the PRT timer
044128             0362*    ; negate seek rate
044128 ED 5B 99 67 0363*        ld de,(ps_seek_rate)
       04          
04412D 21 00 00 00 0364*        ld hl,0
044131 B7          0365*        or a ; clear carry
044132 ED 52       0366*        sbc hl,de ; hl -seek_rate
044134 C3 40 41 04 0367*        jp ps_seek
044138             0368*    ; end ps_seek_back
044138             0369*    
044138             0370*    ps_seek_fwd:
044138             0371*    ; stop the PRT timer and disable interrupts
044138 CD 79 6B 04 0372*        call ps_prt_stop ; stop the PRT timer
04413C             0373*    ; seek forward
04413C 2A 99 67 04 0374*        ld hl,(ps_seek_rate)
044140             0375*    ; fall through to ps_seek
044140             0376*    ; end ps_seek_fwd
044140             0377*    
044140             0378*    ps_seek:
044140             0379*    ; compute new playhead position and update the playbar
044140 ED 5B 90 67 0380*        ld de,(ps_playhead)
       04          
044145 19          0381*        add hl,de ; hl = playhead + seek_rate
044146 2B          0382*        dec hl ; to offset an inc we get further down somewhere
044147             0383*    ; handle wraparound
044147 ED 5B 94 67 0384*        ld de,(ps_song_duration)
       04          
04414C             0385*        SIGN_UHL
                       M1 Args: none
04414C 19          0001*M1      add hl,de ; 1 cycle
04414D B7          0002*M1      or a ; clear flags ; 1 cycle
04414E ED 52       0003*M1      sbc hl,de ; 2 cycles
044150             0004*M1      ; 4 cycles total
044150 CA 6B 41 04 0386*        jp z,@print
044154 F2 67 41 04 0387*        jp p,@mod
044158 B7          0388*        or a ; clear carry for adc because
044159 ED 5A       0389*        adc hl,de ; add doesn't set sign flag
04415B F2 6B 41 04 0390*        jp p,@print
04415F CD 1D 05 04 0391*        call neg_hlu
044163 C3 6B 41 04 0392*        jp @print
044167             0393*    @mod:
044167 CD F5 03 04 0394*        call udiv24
04416B             0395*    @print:
04416B             0396*    ; save new playhead position and update the playbar
04416B 22 90 67 04 0397*        ld (ps_playhead),hl
04416F CD F2 68 04 0398*        call ps_update_playbar
044173             0399*    ; reset the chunk counter
044173 3E 3C       0400*        ld a,ps_chunks_per_second
044175 32 A9 67 04 0401*        ld (ps_wav_chunk_counter),a
044179             0402*    ; multiply new playhead position by sample rate
044179 DD 21 18 03 0403*        ld ix,ps_wav_header+wav_sample_rate
       09          
04417E CD 66 32 04 0404*        call fetch_int_nor
044182 DD 21 90 67 0405*        ld ix,ps_playhead
       04          
044187 CD 86 32 04 0406*        call fetch_int_alt
04418B 3E 0A       0407*        ld a,fmul
04418D CD 85 23 04 0408*        call FPP ; HLH'L' = seek position from start of file in bytes less .wav header
044191 CD 6A 31 04 0409*        call SWAP
044195 21 4C 00 00 0410*        ld hl,76 ; wav header size
044199 CD B7 31 04 0411*        call hlu2float
04419D 3E 0B       0412*        ld a,fadd
04419F CD 85 23 04 0413*        call FPP ; HLH'L' = seek position from start of file in bytes
0441A3 DD 21 D2 41 0414*        ld ix,@seek_pos
       04          
0441A8 CD 57 32 04 0415*        call store_int_nor
0441AC             0416*    ; seek to new position and load the next block of data
0441AC 21 00 00 09 0417*        ld hl,ps_fil_struct
0441B0 ED 5B D2 41 0418*        ld de,(@seek_pos) ; low 3 bytes of seek position
       04          
0441B5 3A D5 41 04 0419*        ld a,(@seek_pos+3) ; high byte of seek position
0441B9 4F          0420*        ld c,a
0441BA             0421*        FFSCALL ffs_flseek
                       M1 Args: function=ffs_flseek 
0441BA FD E5       0001*M1  			PUSH IY
0441BC 3E 84       0002*M1  			LD	A, function
0441BE 5B CF       0003*M1  			RST.LIL	08h
0441C0 FD E1       0004*M1  			POP IY
0441C2             0422*    ; flip the command and sample buffers and read the first block of data at the new position
0441C2 CD 59 6A 04 0423*        call ps_load_audio_cmd_buffers ; TODO: we should only have to do this on app init,
0441C6             0424*                                     ; but if we don't do it here, only one audio buffer
0441C6             0425*                                     ; is loaded or/and played
0441C6 CD 4A 69 04 0426*        call ps_set_audio_buffers         ; this is crucial so that the next sound played is at new position
0441CA             0427*    ; restart the PRT timer
0441CA CD 64 6B 04 0428*        call ps_prt_start ; start the PRT timer
0441CE C3 37 3E 04 0429*        jp get_input ; will reenable interrupts
0441D2 00 00 00 00 0430*    @seek_pos: dw32 0 ; temp buffer for seek position
0441D6             0431*    ; end ps_seek
0441D6             0052         include "logo.inc"
0441D6             0001*    ; Bitmap indices:
0441D6             0002*    BUF_UI_LOGO: equ 0x2000
0441D6             0003*    
0441D6             0004*    ; Import .rgba2 bitmap files and load them into VDP buffers
0441D6             0005*    load_ui_images:
0441D6             0006*    ; load a vdu buffer from local memory
0441D6 21 00 20 00 0007*        ld hl,BUF_UI_LOGO
0441DA 11 04 42 04 0008*        ld de,F_UI_logo
0441DE 01 80 25 00 0009*        ld bc,F_UI_logo_end-F_UI_logo
0441E2 CD 8B 1D 04 0010*        call vdu_load_buffer
0441E6             0011*    ; now make it a bitmap
0441E6 21 00 20 00 0012*    	ld hl,BUF_UI_LOGO
0441EA CD B7 1D 04 0013*        call vdu_consolidate_buffer
0441EE 21 00 20 00 0014*    	ld hl,BUF_UI_LOGO
0441F2 CD E0 1C 04 0015*        call vdu_buff_select
0441F6 01 50 00 00 0016*    	ld bc,80
0441FA 11 78 00 00 0017*    	ld de,120
0441FE 3E 01       0018*    	ld a,1 ; image type 1 = rgba2222
044200 C3 F5 1C 04 0019*    	jp vdu_bmp_create
044204             0020*    
044204             0021*    F_UI_logo:
044204 E0 E0 E0 E0 0022*        incbin "../images/logo.rgba2"
       E0 E0 E0 E0 
       E0 E0 E0 E0 
       E0 E0 E0 E0 
       E0 E0 E0 E0 
       E0 E0 E0 E0 
       E0 E0 E0 E0 
       E0 E0 E0 E0 
       E0 E0 E0 E5 
       EA FF FF FF 
       FF FF FA E5 
       E0 E0 E0 E0 
       E0 E0 E0 E0 
       E0 E0 E0 E0 
       E0 E0 E0 E0 
       E0 E0 E0 E0 
       E0 E0 E0 E0 
       E0 E0 E0 E0 
       E0 E0 E0 E0 
       E0 E0 E0 E0 
       E0 E0 E0 E0 
       E0 E0 E0 E0 
       E0 E0 E0 E0 
       E0 E0 E0 E0 
       E0 E0 E0 E0 
       E0 E0 E0 E0 
       E0 E0 E0 E0 
       E0 E0 E0 E0 
       E0 E0 E5 FA 
       FF FF FF FF 
       FF FF FF FF 
       EA E5 E0 E0 
       E0 E0 E0 E0 
       E0 E0 E0 E0 
       E0 E0 E0 E0 
       E0 E0 E0 E0 
       E0 E0 E0 E0 
       E0 E0 E0 E0 
       E0 E0 E0 E0 
       E0 E0 E0 E0 
       E0 E0 E0 E0 
       E0 E0 E0 E0 
       E0 E0 E0 E0 
       E0 E0 E0 E0 
       E0 E0 E0 E0 
       E0 E0 E0 E0 
       E0 E0 E0 E0 
       E0 E0 E0 E0 
       E0 E5 FF FF 
       FF FF FF FF 
       FF FF FF FF 
       FF EA E0 E0 
       E0 E0 E0 E0 
       E0 E0 E0 E0 
       E0 E0 E0 E0 
       E0 E0 E0 E0 
       E0 E0 E0 E0 
       E0 E0 E0 E0 
       E0 E0 E0 E0 
       E0 E0 E0 E0 
       E0 E0 E0 E0 
       E0 E0 E0 E0 
       E0 E0 E0 E0 
       E0 E0 E0 E0 
       E0 E0 E0 E0 
       E0 E0 E0 E0 
       E0 E0 E0 E0 
       E0 E0 E0 E0 
       E5 FF FF FF 
       FF FF FF FF 
       FF FF FF FF 
       FF FF E5 E0 
       E0 E0 E0 E0 
       E0 E0 E0 E0 
       E0 E0 E0 E0 
       E0 E0 E0 E0 
       E0 E0 E0 E0 
       E0 E0 E0 E0 
       E0 E0 E0 E0 
       E0 E0 E0 E0 
       E0 E0 E0 E0 
       E0 E0 E0 E0 
       E0 E0 E0 E0 
       E0 E0 E0 E0 
       E0 E0 E0 E0 
       E0 E0 E0 E0 
       E0 E0 E0 E0 
       E0 E0 E0 E0 
       EA FF FF FF 
       FF FF FF FF 
       FF FF FF FF 
       FF FF FA E0 
       E0 E0 E0 E0 
       E0 E0 E0 E0 
       E0 E0 E0 E0 
       E0 E0 E0 E0 
       E0 E0 E0 E0 
       E0 E0 E0 E0 
       E0 E0 E0 E0 
       E0 E0 E0 E0 
       E0 E0 E0 E0 
       E0 E0 E0 E0 
       E0 E0 E0 E0 
       E0 E0 E0 E0 
       E0 E0 E0 E0 
       E0 E0 E0 E0 
       E0 E0 E0 E0 
       E0 E0 E0 E5 
       FF FF FF FF 
       FF FF FF FF 
       FF FF FF FF 
       FF FF FF E5 
       E0 E0 E0 E0 
       E0 E0 E0 E0 
       E0 E0 E0 E0 
       E0 E0 E0 E0 
       E0 E0 E0 E0 
       E0 E0 E0 E0 
       E0 E0 E0 E0 
       E0 E0 E0 E0 
       E0 E0 E0 E0 
       E0 E0 E0 E0 
       E0 E0 E0 E0 
       E0 E0 E0 E0 
       E0 E0 E0 E0 
       E0 E0 E0 E0 
       E0 E0 E0 E0 
       E0 E0 E0 EA 
       FF FF FF FF 
       FF FF FF FF 
       FF FF FF FF 
       FF FF FF FA 
       E0 E0 E0 E0 
       E0 E0 E0 E0 
       E0 E0 E0 E0 
       E0 E0 E0 E0 
       E0 E0 E0 E0 
       E0 E0 E0 E0 
       E0 E0 E0 E0 
       E0 E0 E0 E0 
       E0 E0 E0 E0 
       E0 E0 E0 E0 
       E0 E0 E0 E0 
       E0 E0 E0 E0 
       E0 E0 E0 E0 
       E0 E0 E0 E0 
       E0 E0 E0 E0 
       E0 E0 E0 FA 
       FF FF FF FF 
       FF FF FF FF 
       FF FF FF FF 
       FF FF FF FF 
       E0 E0 E0 E0 
       E0 E0 E0 E0 
       E0 E0 E0 E0 
       E0 E0 E0 E0 
       E0 E0 E0 E0 
       E0 E0 E0 E0 
       E0 E0 E0 E0 
       E0 E0 E0 E0 
       E0 E0 E0 E0 
       E0 E0 E0 E0 
       E0 E0 E0 E0 
       E0 E0 E0 E0 
       E0 E0 E0 E0 
       E0 E0 E0 E0 
       E0 E0 E0 E0 
       E0 E0 E5 FF 
       FF FF FF FF 
       FF FF FF FF 
       FF FF FF FF 
       FF FF FF FF 
       E5 E0 E0 E0 
       E0 E0 E0 E0 
       E0 E0 E0 E0 
       E0 E0 E0 E0 
       E0 E0 E0 E0 
       E0 E0 E0 E0 
       E0 E0 E0 E0 
       E0 E0 E0 E0 
       E0 E0 E0 E0 
       E0 E0 E0 E0 
       E0 E0 E0 E0 
       E0 E0 E0 E0 
       E0 E0 E0 E0 
       E0 E0 E0 E0 
       E0 E0 E0 E0 
       E0 E0 E5 FF 
       FF FF FF FF 
       FF FF FF FF 
       FF FF FF FF 
       FF FF FF FF 
       E5 E0 E0 E0 
       E0 E0 E0 E0 
       E0 E0 E0 E0 
       E0 E0 E0 E0 
       E0 E0 E0 E0 
       E0 E0 E0 E0 
       E0 E0 E0 E0 
       E0 E0 E0 E0 
       E0 E0 E0 E0 
       E0 E0 E0 E0 
       E0 E0 E0 E0 
       E0 E0 E0 E0 
       E0 E0 E0 E0 
       E0 E0 E0 E0 
       E0 E0 E0 E0 
       E0 E0 E5 FF 
       FF FF FF FF 
       FF FF FF FF 
       FF FF FF FF 
       FF FF FF FF 
       E5 E0 E0 E0 
       E0 E0 E0 E0 
       E0 E0 E0 E0 
       E0 E0 E0 E0 
       E0 E0 E0 E0 
       E0 E0 E0 E0 
       E0 E0 E0 E0 
       E0 E0 E0 E0 
       E0 E0 E0 E0 
       E0 E0 E0 E0 
       E0 E0 E0 E0 
       E0 E0 E0 E0 
       E0 E0 E0 E0 
       E0 E0 E0 E0 
       E0 E0 E0 E0 
       E0 E0 E5 FF 
       FF FF FF FF 
       FF FF FF FF 
       FF FF FF FF 
       FF FF FF FF 
       E5 E0 E0 E0 
       E0 E0 E0 E0 
       E0 E0 E0 E0 
       E0 E0 E0 E0 
       E0 E0 E0 E0 
       E0 E0 E0 E0 
       E0 E0 E0 E0 
       E0 E0 E0 E0 
       E0 E0 E0 E0 
       E0 E0 E0 E0 
       E0 E0 E0 E0 
       E0 E0 E0 E0 
       E0 E0 E0 E0 
       E0 E0 E0 E0 
       E0 E0 E0 E0 
       E0 E0 E5 FF 
       FF FF FF FF 
       FF FF FF FF 
       FF FF FF FF 
       FF FF FF FF 
       E5 E0 E0 E0 
       E0 E0 E0 E0 
       E0 E0 E0 E0 
       E0 E0 E0 E0 
       E0 E0 E0 E0 
       E0 E0 E0 E0 
       E0 E0 E0 E0 
       E0 E0 E0 E0 
       E0 E0 E0 E0 
       E0 E0 E0 E0 
       E0 E0 E0 E0 
       E0 E0 E0 E0 
       E0 E0 E0 E0 
       E0 E0 E0 E0 
       E0 E0 E0 E0 
       E0 E0 E0 EA 
       FF FF FF FF 
       FF FF FF FF 
       FF FF FF FF 
       FF FF FF FA 
       E0 E0 E0 E0 
       E0 E0 E0 E0 
       E0 E0 E0 E0 
       E0 E0 E0 E0 
       E0 E0 E0 E0 
       E0 E0 E0 E0 
       E0 E0 E0 E0 
       E0 E0 E0 E0 
       E0 E0 E0 E0 
       E0 E0 E0 E0 
       E0 E0 E0 E0 
       E0 E0 E0 E0 
       E0 E0 E0 E0 
       E0 E0 E0 E0 
       E0 E0 E0 E0 
       E0 E0 E5 FA 
       FF FF FF FF 
       FF FF FF FF 
       FF FF FF FF 
       FF FF FF FF 
       EA E0 E0 E0 
       E0 E0 E0 E0 
       E0 E0 E0 E0 
       E0 E0 E0 E0 
       E0 E0 E0 E0 
       E0 E0 E0 E0 
       E0 E0 E0 E0 
       E0 E0 E0 E0 
       E0 E0 E0 E0 
       E0 E0 E0 E0 
       E0 E0 E0 E0 
       E0 E0 E0 E0 
       E0 E0 E0 E0 
       E0 E0 E0 E0 
       E0 E0 E0 E0 
       E0 E0 EA FF 
       FF FF FF FF 
       FF FF FF FF 
       FF FF FF FF 
       FF FF FF FF 
       FF E5 E0 E0 
       E0 E0 E0 E0 
       E0 E0 E0 E0 
       E0 E0 E0 E0 
       E0 E0 E0 E0 
       E0 E0 E0 E0 
       E0 E0 E0 E0 
       E0 E0 E0 E0 
       E0 E0 E0 E0 
       E0 E0 E0 E0 
       E0 E0 E0 E0 
       E0 E0 E0 E0 
       E0 E0 E0 E0 
       E0 E0 E0 E0 
       E0 E0 E0 E0 
       E0 E0 EA FF 
       FF FF FF FF 
       FF FF FF FF 
       FF FF FF FF 
       FF FF FF FF 
       FF E5 E0 E0 
       E0 E0 E0 E0 
       E0 E0 E0 E0 
       E0 E0 E0 E0 
       E0 E0 E0 E0 
       E0 E0 E0 E0 
       E0 E0 E0 E0 
       E0 E0 E0 E0 
       E0 E0 E0 E0 
       E0 E0 E0 E0 
       E0 E0 E0 E0 
       E0 E0 E0 E0 
       E0 E0 E0 E0 
       E0 E0 E0 E0 
       E0 E0 E0 E0 
       E0 E0 EA FF 
       FF FF FF FF 
       FF FF FF FF 
       FF FF FF FF 
       FF FF FF FF 
       FF E5 E0 E0 
       E0 E0 E0 E0 
       E0 E0 E0 E0 
       E0 E0 E0 E0 
       E0 E0 E0 E0 
       E0 E0 E0 E0 
       E0 E0 E0 E0 
       E0 E0 E0 E0 
       E0 E0 E0 E0 
       E0 E0 E0 E0 
       E0 E0 E0 E0 
       E0 E0 E0 E0 
       E0 E0 E0 E0 
       E0 E0 E0 E0 
       E0 E0 E0 E0 
       E0 E0 E5 FF 
       FF FF FF FF 
       FF FF FF FF 
       FF FF FF FF 
       FF FF FF FF 
       EA E0 E0 E0 
       E0 E0 E0 E0 
       E0 E0 E0 E0 
       E0 E0 E0 E0 
       E0 E0 E0 E0 
       E0 E0 E0 E0 
       E0 E0 E0 E0 
       E0 E0 E0 E0 
       E0 E0 E0 E0 
       E0 E0 E0 E0 
       E0 E0 E0 E0 
       E0 E0 E0 E0 
       E0 E0 E0 E0 
       E0 E0 E0 E0 
       E0 E0 E0 E0 
       E0 E0 E5 FA 
       FF FF FF FF 
       FF FF FF FF 
       FF FF FF FF 
       FF FF FF FA 
       E5 E0 E0 E0 
       E0 E0 E0 E0 
       E0 E0 E0 E0 
       E0 E0 E0 E0 
       E0 E0 E0 E0 
       E0 E0 E0 E0 
       E0 E0 E0 E0 
       E0 E0 E0 E0 
       E0 E0 E0 E0 
       E0 E0 E0 E0 
       E0 E0 E0 E0 
       E0 E0 E0 E0 
       E0 E0 E0 E0 
       E0 E0 E0 E0 
       E0 E0 E0 E0 
       E0 E0 E0 E0 
       E5 FF FF FF 
       FF FF FF FF 
       FF FF FF FF 
       FF FF EA E0 
       E0 E0 E0 E0 
       E0 E0 E0 E0 
       E0 E0 E0 E0 
       E0 E0 E0 E0 
       E0 E0 E0 E0 
       E0 E0 E0 E0 
       E0 E0 E0 E0 
       E0 E0 E0 E0 
       E0 E0 E0 E0 
       E0 E0 E0 E0 
       E0 E0 E0 E0 
       E0 E0 E0 E0 
       E0 E0 E0 E0 
       E0 E0 E0 E0 
       E0 E0 E0 E0 
       E0 E0 E0 E0 
       E5 FF FF FF 
       FF FF FF FF 
       FF FF FF FF 
       FF FF E5 E0 
       E0 E0 E0 E0 
       E0 E0 E0 E0 
       E0 E0 E0 E0 
       E0 E0 E0 E0 
       E0 E0 E0 E0 
       E0 E0 E0 E0 
       E0 E0 E0 E0 
       E0 E0 E0 E0 
       E0 E0 E0 E0 
       E0 E0 E0 E0 
       E0 E0 E0 E0 
       E0 E0 E0 E0 
       E0 E0 E0 E0 
       E0 E0 E0 E0 
       E0 E0 E0 E0 
       E0 E0 E0 E0 
       E0 FA FF FF 
       FF FF FF FF 
       FF FF FF FF 
       FF FA E0 E0 
       E0 E0 E0 E0 
       E0 E0 E0 E0 
       E0 E0 E0 E0 
       E0 E0 E0 E0 
       E0 E0 E0 E0 
       E0 E0 E0 E0 
       E0 E0 E0 E0 
       E0 E0 E0 E0 
       E0 E0 E0 E0 
       E0 E0 E0 E0 
       E0 E0 E0 E0 
       E0 E0 E0 E0 
       E0 E0 E0 E0 
       E0 E0 E0 E0 
       E0 E0 E0 E0 
       E0 E0 E0 E0 
       E0 E5 FF FF 
       FF FF FF FF 
       FF FF FF FF 
       FF EA E0 E0 
       E0 E0 E0 E0 
       E0 E0 E0 E0 
       E0 E0 E0 E0 
       E0 E0 E0 E0 
       E0 E0 E0 E0 
       E0 E0 E0 E0 
       E0 E0 E0 E0 
       E0 E0 E0 E0 
       E0 E0 E0 E0 
       E0 E0 E0 E0 
       E0 E0 E0 E0 
       E0 E0 E0 E0 
       E0 E0 E0 E0 
       E0 E0 E0 E0 
       E0 E0 E0 E0 
       E0 E0 E0 E0 
       E0 E5 FF FF 
       FF FF FF FF 
       FF FF FF FF 
       FF E5 E0 E0 
       E0 E0 E0 E0 
       E0 E0 E0 E0 
       E0 E0 E0 E0 
       E0 E0 E0 E0 
       E0 E0 E0 E0 
       E0 E0 E0 E0 
       E0 E0 E0 E0 
       E0 E0 E0 E0 
       E0 E0 E0 E0 
       E0 E0 E0 E0 
       E0 E0 E0 E0 
       E0 E0 E0 E0 
       E0 E0 E0 E0 
       E0 E0 E0 E0 
       E0 E0 E0 E0 
       E0 E0 E0 E0 
       E0 E5 FF FF 
       FF FF FF FF 
       FF FF FF FF 
       FF E5 E0 E0 
       E0 E0 E0 E0 
       E0 E0 E0 E0 
       E0 E0 E0 E0 
       E0 E0 E0 E0 
       E0 E0 E0 E0 
       E0 E0 E0 E0 
       E0 E0 E0 E0 
       E0 E0 E0 E0 
       E0 E0 E0 E0 
       E0 E0 E0 E0 
       E0 E0 E0 E0 
       E0 E0 E0 E0 
       E0 E0 E0 E0 
       E0 E0 E0 E0 
       E0 E0 E0 E0 
       E0 E0 E0 E0 
       E0 E5 FF FF 
       FF FF FF FF 
       FF FF FF FF 
       FA E0 E0 E0 
       E0 E0 E0 E0 
       E0 E0 E0 E0 
       E0 E0 E0 E0 
       E0 E0 E0 E0 
       E0 E0 E0 E0 
       E0 E0 E0 E0 
       E0 E0 E0 E0 
       E0 E0 E0 E0 
       E0 E0 E0 E0 
       E0 E0 E0 E0 
       E0 E0 E0 E0 
       E0 E0 E0 E0 
       E0 E0 E0 E0 
       E0 E0 E0 E0 
       E0 E0 E0 E0 
       E0 E0 E0 E0 
       E0 E5 FF FF 
       FF FF FF FF 
       FF FF FF FF 
       FA E0 E0 E0 
       E0 E0 E0 E0 
       E0 E0 E0 E0 
       E0 E0 E0 E0 
       E0 E0 E0 E0 
       E0 E0 E0 E0 
       E0 E0 E0 E0 
       E0 E0 E0 E0 
       E0 E0 E0 E0 
       E0 E0 E0 E0 
       E0 E0 E0 E0 
       E0 E0 E0 E0 
       E0 E0 E0 E0 
       E0 E0 E0 E0 
       E0 E0 E0 E0 
       E0 E0 E0 E0 
       E0 E0 E0 E0 
       E0 E5 FF FF 
       FF FF FF FF 
       FF FF FF FF 
       FF E5 E0 E0 
       E0 E0 E0 E0 
       E0 E0 E0 E0 
       E0 E0 E0 E0 
       E0 E0 E0 E0 
       E0 E0 E0 E0 
       E0 E0 E0 E0 
       E0 E0 E0 E0 
       E0 E0 E0 E0 
       E0 E0 E0 E0 
       E0 E0 E0 E0 
       E0 E0 E0 E0 
       E0 E0 E0 E0 
       E0 E0 E0 E0 
       E0 E0 E0 E0 
       E0 E0 E0 E0 
       E0 E0 E0 E0 
       E0 E5 FF FF 
       FF FF FF FF 
       FF FF FF FF 
       FF E5 E0 E0 
       E0 E0 E0 E0 
       E0 E0 E0 E0 
       E0 E0 E0 E0 
       E0 E0 E0 E0 
       E0 E0 E0 E0 
       E0 E0 E0 E0 
       E0 E0 E0 E0 
       E0 E0 E0 E0 
       E0 E0 E0 E0 
       E0 E0 E0 E0 
       E0 E0 E0 E0 
       E0 E0 E0 E0 
       E0 E0 E0 E0 
       E0 E0 E0 E0 
       E0 E5 E5 EA 
       E5 E0 E0 E0 
       E0 E5 FF FF 
       FF FF FF FF 
       FF FF FF FF 
       FA E0 E0 E0 
       E0 E0 E5 EA 
       E5 E0 E0 E0 
       E0 E0 E0 E0 
       E0 E0 E0 E0 
       E0 E0 E0 E0 
       E0 E0 E0 E0 
       E0 E0 E0 E0 
       E0 E0 E0 E0 
       E0 E0 E0 E0 
       E0 E0 E0 E0 
       E0 E0 E0 E0 
       E0 E0 E0 E0 
       E0 E0 E0 E0 
       E0 E0 E0 E5 
       FA FF FF FF 
       FA E0 E0 E0 
       E0 E5 FF FF 
       FF FF FF FF 
       FF FF FF FF 
       EA E0 E0 E0 
       E0 E5 FF FF 
       FF FA E5 E0 
       E0 E0 E0 E0 
       E0 E0 E0 E0 
       E0 E0 E0 E0 
       E0 E0 E0 E0 
       E0 E0 E0 E0 
       E0 E0 E0 E0 
       E0 E0 E0 E0 
       E0 E0 E0 E0 
       E0 E0 E0 E0 
       E0 E0 E0 E0 
       E0 E0 E0 E0 
       E5 E5 FA FF 
       FF FF FF FF 
       FA E0 E0 E0 
       E0 E5 FF FF 
       FF FF FF FF 
       FF FF FF FF 
       E0 E0 E0 E0 
       E0 EA FF FF 
       FF FF FF FA 
       EA E5 E0 E0 
       E0 E0 E0 E0 
       E0 E0 E0 E0 
       E0 E0 E0 E0 
       E0 E0 E0 E0 
       E0 E0 E0 E0 
       E0 E0 E0 E0 
       E0 E0 E0 E0 
       E0 E0 E0 E0 
       E0 E0 E0 E0 
       E0 E0 E0 E5 
       FA FF FF FF 
       FF FF FF FF 
       FF E5 E0 E0 
       E0 E5 FF FF 
       FF FF FF FF 
       FF FF FF EA 
       E0 E0 E0 E0 
       E0 FA FF FF 
       FF FF FF FF 
       FF FF FA EA 
       E5 E0 E0 E0 
       E0 E0 E0 E0 
       E0 E0 E0 E0 
       E0 E0 E0 E0 
       E0 E0 E0 E0 
       E0 E0 E0 E0 
       E0 E0 E0 E0 
       E0 E0 E0 E0 
       E0 E0 E0 E0 
       E0 E0 EA FF 
       FF FF FF FF 
       FF FF FF FF 
       FF E5 E0 E0 
       E0 E0 EA FF 
       FF FF FF FF 
       FF FF FF E5 
       E0 E0 E0 E0 
       E5 FF FF FF 
       FF FF FF FF 
       FF FF FF FF 
       FF EA E0 E0 
       E0 E0 E0 E0 
       E0 E0 E0 E0 
       E0 E0 E0 E0 
       E0 E0 E0 E0 
       E0 E0 E0 E0 
       E0 E0 E0 E0 
       E0 E0 E0 E0 
       E0 E0 E0 E0 
       E0 EA FF FF 
       FF FF FF FF 
       FF FF FF FF 
       FF EA E0 E0 
       E0 E0 E5 FF 
       FF FF FF FF 
       FF FF FA E0 
       E0 E0 E0 E0 
       EA FF FF FF 
       FF FF FF FF 
       FF FF FF FF 
       FF FF EA E0 
       E0 E0 E0 E0 
       E0 E0 E0 E0 
       E0 E0 E0 E0 
       E0 E0 E0 E0 
       E0 E0 E0 E0 
       E0 E0 E0 E0 
       E0 E0 E0 E0 
       E0 E0 E0 E0 
       EA FF FF FF 
       FF FF FF FF 
       FF FF FF FF 
       FF FA E0 E0 
       E0 E0 E0 FA 
       FF FF FF FF 
       FF FF EA E0 
       E0 E0 E0 E0 
       FA FF FF FF 
       FF FF FF FF 
       FF FF FF FF 
       FF FF FF E5 
       E0 E0 E0 E0 
       E0 E0 E0 E0 
       E0 E0 E0 E0 
       E0 E0 E0 E0 
       E0 E0 E0 E0 
       E0 E0 E0 E0 
       E0 E0 E0 E0 
       E0 E0 E0 E5 
       FF FF FF FF 
       FF FF FF FF 
       FF FF FF FF 
       FF FF E5 E0 
       E0 E0 E0 E5 
       FF FF FF FF 
       FF FF E0 E0 
       E0 E0 E0 E5 
       FF FF FF FF 
       FF FF FF FF 
       FF FF FF FF 
       FF FF FF FA 
       E0 E0 E0 E0 
       E0 E0 E0 E0 
       E0 E0 E0 E0 
       E0 E0 E0 E0 
       E0 E0 E0 E0 
       E0 E0 E0 E0 
       E0 E0 E0 E0 
       E0 E0 E5 FF 
       FF FF FF FF 
       FF FF FF FF 
       FF FF FF FF 
       FF FF FA E0 
       E0 E0 E0 E0 
       EA FF FF FF 
       FF EA E0 E0 
       E0 E0 E0 FA 
       FF FF FF FF 
       FF FF FF FF 
       FF FF FF FF 
       FF FF FF FF 
       EA E0 E0 E0 
       E0 E0 E0 E0 
       E0 E0 E0 E0 
       E0 E0 E0 E0 
       E0 E0 E0 E0 
       E0 E0 E0 E0 
       E0 E0 E0 E0 
       E0 E0 FA FF 
       FF FF FF FF 
       FF FF FF FF 
       FF FF FF FF 
       FF FF FF E5 
       E0 E0 E0 E0 
       E5 FF FF FF 
       FF E5 E0 E0 
       E0 E0 E5 FF 
       FF FF FF FF 
       FF FF FF FF 
       FF FF FF FF 
       FF FF FF FF 
       FF E5 E0 E0 
       E0 E0 E0 E0 
       E0 E0 E0 E0 
       E0 E0 E0 E0 
       E0 E0 E0 E0 
       E0 E0 E0 E0 
       E0 E0 E0 E0 
       E0 EA FF FF 
       FF FF FF FF 
       FF FF FF FF 
       FF FF FF FF 
       FF FF FF FA 
       E5 E0 E0 E0 
       E0 EA FF FF 
       EA E0 E0 E0 
       E0 E0 EA FF 
       FF FF FF FF 
       FF FF FF FF 
       FF FF FF FF 
       FF FF FF FF 
       FF FA E0 E0 
       E0 E0 E0 E0 
       E0 E0 E0 E0 
       E0 E0 E0 E0 
       E0 E0 E0 E0 
       E0 E0 E0 E0 
       E0 E0 E0 E0 
       E5 FF FF FF 
       FF FF FF FF 
       FF FF FF FF 
       FF FF FF FF 
       FF FF FF FF 
       EA E0 E0 E0 
       E0 E5 FF FA 
       E5 E0 E0 E0 
       E0 E5 FF FF 
       FF FF FF FF 
       FF FF FF FF 
       FF FF FF FF 
       FF FF FF FF 
       FF FF E5 E0 
       E0 E0 E0 E0 
       E0 E0 E0 E0 
       E0 E0 E0 E0 
       E0 E0 E0 E0 
       E0 E0 E0 E0 
       E0 E0 E0 E5 
       FA FF FF FF 
       FF FF FF FF 
       FF FF FF FF 
       FF FF FF FF 
       FF FF FF FF 
       FF E5 E0 E0 
       E0 E0 E5 E5 
       E0 E0 E0 E0 
       E0 FA FF FF 
       FF FF FF FF 
       FF FF FF FF 
       FF FF FF FF 
       FF FF FF FF 
       FF FF FA E0 
       E0 E0 E0 E0 
       E0 E0 E0 E0 
       E0 E0 E0 E0 
       E0 E0 E0 E0 
       E0 E0 E0 E0 
       E0 E0 E0 E5 
       FF FF FF FF 
       FF FF FF FF 
       FF FF FF FF 
       FF FF FF FF 
       FF FF FF FF 
       FF EA E0 E0 
       E0 E0 E0 E0 
       E0 E0 E0 E0 
       E5 FF FF FF 
       FF FF FF FF 
       FF FF FF FF 
       FF FF FF FF 
       FF FF FF FF 
       FF FF FF E5 
       E0 E0 E0 E0 
       E0 E0 E0 E0 
       E0 E0 E0 E0 
       E0 E0 E0 E0 
       E0 E0 E0 E0 
       E0 E0 E0 FA 
       FF FF FF FF 
       FF FF FF FF 
       FF FF FF FF 
       FF FF FF FF 
       FF FF FF FF 
       FF FF E5 E0 
       E0 E0 E0 E0 
       E0 E0 E0 E0 
       FA FF FF FF 
       FF FF FF FF 
       FF FF FF FF 
       FF FF FF FF 
       FF FF FF FF 
       FF FF FF FA 
       E0 E0 E0 E0 
       E0 E0 E0 E0 
       E0 E0 E0 E0 
       E0 E0 E0 E0 
       E0 E0 E0 E0 
       E0 E0 E5 FF 
       FF FF FF FF 
       FF FF FF FF 
       FF FF FF FF 
       FF FF FF FF 
       FF FF FF FF 
       FF FF EA E0 
       E0 E0 E0 E0 
       E0 E0 E0 EA 
       FF FF FF FF 
       FF FF FF FF 
       FF FF FF FF 
       FF FF FF FF 
       FF FF FF FF 
       FF FF FF FF 
       E5 E0 E0 E0 
       E0 E0 E0 E0 
       E0 E0 E0 E0 
       E0 E0 E0 E0 
       E0 E0 E0 E0 
       E0 E0 EA FF 
       FF FF FF FF 
       FF FF FF FF 
       FF FF FF FF 
       FF FF FF FF 
       FF FF FF FF 
       FF FF FF E5 
       E0 E0 E0 E0 
       E0 E0 E5 FF 
       FF FF FF FF 
       FF FF FF FF 
       FF FF FF FF 
       FF FF FF FF 
       FF FF FF FF 
       FF FF FF FF 
       FA E0 E0 E0 
       E0 E0 E0 E0 
       E0 E0 E0 E0 
       E0 E0 E0 E0 
       E0 E0 E0 E0 
       E0 E5 FF FF 
       FF FF FF FF 
       FF FF FF FF 
       FF FF FF FF 
       FF FF FF FF 
       FF FF FF FF 
       FF FF FF EA 
       E0 E0 E0 E0 
       E0 E0 EA FF 
       FF FF FF FF 
       FF FF FF FF 
       FF FF FF FF 
       FF FF FF FF 
       FF FF FF FF 
       FF FF FF FF 
       FF E5 E0 E0 
       E0 E0 E0 E0 
       E0 E0 E0 E0 
       E0 E0 E0 E0 
       E0 E0 E0 E0 
       E0 EA FF FF 
       FF FF FF FF 
       FF FF FF FF 
       FF FF FF FF 
       FF FF FF FF 
       FF FF FF FF 
       FF FF FF EA 
       E0 E0 E0 E0 
       E0 E5 FF FF 
       FF FF FF FF 
       FF FF FF FF 
       FF FF FF FF 
       FF FF FF FF 
       FF FF FF FF 
       FF FF FF FF 
       FF FA E0 E0 
       E0 E0 E0 E0 
       E0 E0 E0 E0 
       E0 E0 E0 E0 
       E0 E0 E0 E0 
       E5 FF FF FF 
       FF FF FF FF 
       FF FF FF FF 
       FF FF FF FF 
       FF FF FF FF 
       FF FF FF FF 
       FF FF FA E5 
       E0 E0 E0 E0 
       E0 FA E0 FF 
       FF FF FF FF 
       E0 FF E0 E0 
       E0 FF E0 E0 
       E0 FF FF FF 
       FF FF FF FF 
       FF FF FF FF 
       FF FF E5 E0 
       E0 E0 E0 E0 
       E0 E0 E0 E0 
       E0 E0 E0 E0 
       E0 E0 E0 E0 
       EA FF FF FF 
       FF FF FF FF 
       FF FF FF FF 
       FF FF FF FF 
       FF FF FF FF 
       FF FF FF FF 
       FF FF EA E0 
       E0 E0 E0 E0 
       EA E0 FF E0 
       FF FF E0 FF 
       E0 FF E0 FF 
       E0 FF E0 FF 
       E0 FF FF FF 
       FF FF FF FF 
       FF FF FF FF 
       FF FF EA E0 
       E0 E0 E0 E0 
       E0 E0 E0 E0 
       E0 E0 E0 E0 
       E0 E0 E0 E0 
       FF FF FF FF 
       FF FF FF FF 
       FF FF FF FF 
       FF FF FF FF 
       FF FF FF FF 
       FF FF FF FF 
       FF EA E0 E0 
       E0 E0 E0 E5 
       E0 FF FF FF 
       E0 FF E0 FF 
       E0 FF E0 E0 
       E0 FF E0 E0 
       E0 FF FF FF 
       FF FF FF FF 
       FF FF FF FF 
       FF FF FA E5 
       E0 E0 E0 E0 
       E0 E0 E0 E0 
       E0 E0 E0 E0 
       E0 E0 E0 E5 
       FF FF FF FF 
       FF FF FF FF 
       FF FF FF FF 
       FF FF FF FF 
       FF FF FF FF 
       FF FF FF FF 
       FF E5 E0 E0 
       E0 E0 E5 E0 
       E0 E0 E0 E0 
       E0 E0 E0 FF 
       E0 FF E0 FF 
       E0 FF FF FF 
       FF FF FF FF 
       FF FF FF FF 
       FF FF FF FF 
       FF FF FF E5 
       E0 E0 E0 E0 
       E0 E0 E0 E0 
       E0 E0 E0 E0 
       E0 E0 E5 FA 
       FF FF FF FF 
       FF FF FF FF 
       FF FF FF FF 
       FF FF FF FF 
       FF FF FF FF 
       FF FF FF FF 
       EA E0 E0 E0 
       E0 E0 EA FF 
       E0 FF E0 FF 
       E0 FF E0 FF 
       E0 FF E0 E0 
       E0 E0 E0 E0 
       E0 FF FF FF 
       FF FF FF FF 
       FF FF FF FF 
       FF FF FF FA 
       E0 E0 E0 E0 
       E0 E0 E0 E0 
       E0 E0 E0 E0 
       E0 E0 E5 FF 
       FF FF FF FF 
       FF FF FF FF 
       FF FF FF FF 
       FF FF FF FF 
       FF FF FF FF 
       FF FF FF FA 
       E0 E0 E0 E0 
       E0 E5 FF FF 
       E0 E0 E0 E0 
       E0 FF E0 FF 
       E0 FF FF FF 
       FF E0 FF FF 
       FF FF FF FF 
       FF FF FF FF 
       FF FF FF FF 
       FF FF FF FF 
       E5 E0 E0 E0 
       E0 E0 E0 E0 
       E0 E0 E0 E0 
       E0 E0 FA FF 
       FF FF FF FF 
       FF FF FF FF 
       FF FF FF FF 
       FF FF FF FF 
       FF FF FF FF 
       FF FF FF E5 
       E0 E0 E0 E0 
       E0 FA FF FF 
       FF FF E0 FF 
       FF FF E0 FF 
       E0 FF FF E0 
       E0 E0 E0 E0 
       FF FF FF FF 
       FF FF FF FF 
       FF FF FF FF 
       FF FF FF FF 
       EA E0 E0 E0 
       E0 E0 E0 E0 
       E0 E0 E0 E0 
       E0 E5 FF FF 
       FF FF FF FF 
       FF FF FF FF 
       FF FF FF FF 
       FF FF FF FF 
       FF FF FF FF 
       FF FF FA E5 
       E0 E0 E0 E0 
       EA FF FF FF 
       FF E0 FF E0 
       FF FF FF FF 
       E0 FF FF FF 
       FF E0 FF FF 
       FF FF FF FF 
       FF FF FF FF 
       FF FF FF FF 
       FF FF FF FF 
       FA E0 E0 E0 
       E0 E0 E0 E0 
       E0 E0 E0 E0 
       E0 EA FF FF 
       FF FF FF FF 
       FF FF FF FF 
       FF FF FF FF 
       FF FF FF FF 
       FF FF FF FF 
       FF FF E5 E0 
       E0 E0 E0 E0 
       FA FF FF FF 
       E0 FF FF FF 
       E0 FF E0 E0 
       E0 FF E0 E0 
       E0 E0 E0 E0 
       E0 FF FA FA 
       FF FF FF FF 
       FF FF FF FF 
       FF FF FF FF 
       FF E5 E0 E0 
       E0 E0 E0 E0 
       E0 E0 E0 E0 
       E0 FA FF FF 
       FF FF FF FF 
       FF FF FF FF 
       FF FF FF FF 
       FF FF FF FF 
       FF FF FF FF 
       FF FF E5 E0 
       E0 E0 E0 EA 
       FF FF FF FF 
       FF FF FF FF 
       FF FF FF FF 
       FF FF FF FF 
       FF FF FF FF 
       FF FF FA EA 
       FF FF FF FF 
       FF FF FF FF 
       FF FF FF FF 
       FF EA E0 E0 
       E0 E0 E0 E0 
       E0 E0 E0 E0 
       E5 FF FF FF 
       FF FF FF FF 
       FF FF FF FF 
       FF FF FF FF 
       FF FF FF FF 
       FF FF FF FF 
       FF EA E0 E0 
       E0 E0 E5 FF 
       FF FF FF FF 
       FF FF FF FF 
       FF FF FF FF 
       FF FF FF FF 
       FF FF FF FF 
       FF FF FA E5 
       FF FF FF FF 
       FF FF FF FF 
       FF FF FF FF 
       FF FA E0 E0 
       E0 E0 E0 E0 
       E0 E0 E0 E0 
       E5 FF FF FF 
       FF FF FF FF 
       FF FF FF FF 
       FF FF FF FF 
       FF FF FF FF 
       FF FF FF FF 
       FF E5 E0 E0 
       E0 E0 EA FF 
       FF FF FF FF 
       FF FF FF FF 
       FF FF FF FF 
       FF FF FF FF 
       FF FF FF FF 
       FF FF FA E0 
       FA FF FF FF 
       FF FF FF FF 
       FF FF FF FF 
       FF FF E5 E0 
       E0 E0 E0 E0 
       E0 E0 E0 E0 
       EA FF FF FF 
       FF FF FF FF 
       FF FF FF FF 
       FF FF FF FF 
       FF FF FF FF 
       FF FF FF FF 
       FA E0 E0 E0 
       E0 E0 FA FF 
       FF FF FF FF 
       FF FF FF FF 
       FF FF FF FF 
       FF FF FF FF 
       FF FF FF FF 
       FF FF FA E0 
       EA FF FF FF 
       FF FF FF FF 
       FF FF FF FF 
       FF FF EA E0 
       E0 E0 E0 E0 
       E0 E0 E0 E0 
       FA FF FF FF 
       FF FF FF FF 
       FF FF FF FF 
       FF FF FF FA 
       FF FF FF FF 
       FF FF FF FF 
       EA E0 E0 E0 
       E0 E5 FF FF 
       FF FF FF FF 
       FF FF FF FF 
       FF FF FF FF 
       FF FF FF FF 
       FF FF FF FF 
       FF FF FA E0 
       E5 FF FF FF 
       FF FF FF FF 
       FF FF FF FF 
       FF FF FA E0 
       E0 E0 E0 E0 
       E0 E0 E0 E5 
       FF FF FF FF 
       FF FF FF FF 
       FF FF FF FF 
       FF FA E5 EA 
       FF FF FF FF 
       FF FF FF FA 
       E0 E0 E0 E0 
       E0 EA FF FF 
       FF FF FF FF 
       FF FF FF FF 
       FF FF FF FF 
       FF FF FF FF 
       FF FF FF FF 
       FF FF EA E0 
       E5 FF FF FF 
       FF FF FF FF 
       FF FF FF FF 
       FF FF FF E5 
       E0 E0 E0 E0 
       E0 E0 E0 E5 
       FF FF FF FF 
       FF FF FF FF 
       FF FF FF FF 
       FF E5 E0 EA 
       FF FF FF FF 
       FF FF FF EA 
       E0 E0 E0 E0 
       E0 FF FF FF 
       FF FF FF FF 
       FF FF FF FF 
       FF FF FF FF 
       FF FF FF FF 
       FF FF FF FF 
       FF FF EA E0 
       E0 FA FF FF 
       FF FF FF FF 
       FF FF FF FF 
       FF FF FF E5 
       E0 E0 E0 E0 
       E0 E0 E0 EA 
       FF FF FF FF 
       FF FF FF FF 
       FF FF FF FF 
       FF E5 E0 FA 
       FF FF FF FF 
       FF FF FF E5 
       E0 E0 E0 E0 
       E5 FF FF FF 
       FF FF FF FF 
       FF FF FF FF 
       FF FF FF FF 
       FF FF FF FF 
       FF FF FF FF 
       FF FF EA E0 
       E0 E5 FF FF 
       FF FF FF FF 
       FF FF FF FF 
       FF FF FF EA 
       E0 E0 E0 E0 
       E0 E0 E0 FA 
       FF FF FF FF 
       FF FF FF FF 
       FF FF FF FF 
       FA E0 E0 FF 
       FF FF FF FF 
       FF FF FF E5 
       E0 E0 E0 E0 
       EA FF FF FF 
       FF FF FF FF 
       FF FF FF FF 
       FF FF FF FF 
       FF FF FF FF 
       FF FF FF FF 
       FF FF EA E0 
       E0 E5 FA FF 
       FF FF FF FF 
       FF FF FF FF 
       FF FF FF FF 
       E0 E0 E0 E0 
       E0 E0 E5 FF 
       FF FF FF FF 
       FF FF FF FF 
       FF FF FF FF 
       E5 E0 E0 FF 
       FF FF FF FF 
       FF FF EA E0 
       E0 E0 E0 E0 
       FF FF FF FF 
       FF FF FF FF 
       FF FF FF FF 
       FF FF FF FF 
       FF FF FF FF 
       FF FF FF FF 
       FF FF EA E0 
       E0 E0 E5 FF 
       FF FF FF FF 
       FF FF FF FF 
       FF FF FF FF 
       E5 E0 E0 E0 
       E0 E0 E5 FF 
       FF FF FF FF 
       FF FF FF FF 
       FF FF FF FA 
       E5 E0 E0 FF 
       FF FF FF FF 
       FF FF E5 E0 
       E0 E0 E0 E5 
       FF FF FF FF 
       FF FF FF FF 
       FF FF FF FF 
       FF FF FF FF 
       FF FF FF FF 
       FF FF FF FF 
       FF FF E5 E0 
       E0 E0 E0 E5 
       FF FF FF FF 
       FF FF FF FF 
       FF FF FF FF 
       EA E0 E0 E0 
       E0 E0 E5 FF 
       FF FF FF FF 
       FF FF FF FF 
       FF FF FF EA 
       E0 E0 E0 FA 
       FF FF FF FF 
       FF FF E5 E0 
       E0 E0 E0 EA 
       FF FF FF FF 
       FF FF FF FF 
       FF FF FF FF 
       FF FF FF FF 
       FF FF FF FF 
       FF FF FF FF 
       FF FA E0 E0 
       E0 E0 E0 E0 
       EA FF FF FF 
       FF FF FF FF 
       FF FF FF FF 
       FA E0 E0 E0 
       E0 E0 EA FF 
       FF FF FF FF 
       FF FF FF FF 
       FF FF FF E5 
       E0 E0 E0 EA 
       FF FF FF FF 
       FF FA E0 E0 
       E0 E0 E5 FA 
       FF FF FF FF 
       FF FF FF FF 
       FF FF FF FF 
       FF FF FF FF 
       FF FF FF FF 
       FF FF FF FF 
       FF EA E0 E0 
       E0 E0 E0 E0 
       E0 FA FF FF 
       FF FF FF FF 
       FF FF FF FF 
       FF E5 E0 E0 
       E0 E0 FA FF 
       FF FF FF FF 
       FF FF FF FF 
       FF FF EA E0 
       E0 E0 E0 E5 
       FF FF FF FF 
       FF EA E0 E0 
       E0 E0 E5 FF 
       FF FF FF FF 
       FF FF FF FF 
       FF FF FF FF 
       FF FF FF FF 
       FF FF FF FF 
       FF FF FF FF 
       FF E5 E0 E0 
       E0 E0 E0 E0 
       E0 E5 FF FF 
       FF FF FF FF 
       FF FF FF FF 
       FF E5 E0 E0 
       E0 E0 FA FF 
       FF FF FF FF 
       FF FF FF FF 
       FF FF E0 E0 
       E0 E0 E0 E5 
       FA FF FF FF 
       FF E5 E0 E0 
       E0 E0 E5 FF 
       FF FF FF FF 
       FF FF FF FF 
       FF FF FF FF 
       FF FF FF FF 
       FF FF FF FF 
       FF FF FF FF 
       EA E0 E0 E0 
       E0 E0 E0 E0 
       E0 E0 FA FF 
       FF FF FF FF 
       FF FF FF FF 
       FF E5 E0 E0 
       E0 E0 FF FF 
       FF FF FF FF 
       FF FF FF FF 
       FF EA E0 E0 
       E0 E0 E0 E0 
       E5 FF FF FF 
       FF E0 E0 E0 
       E0 E0 EA FF 
       FF FF FF FF 
       FF FF FF FF 
       FF FF FF FF 
       FF FF FF FF 
       FF FF FF FF 
       FF FF FF EA 
       E0 E0 E0 E0 
       E0 E0 E0 E0 
       E0 E0 FA FF 
       FF FF FF FF 
       FF FF FF FF 
       FF E5 E0 E0 
       E0 E0 FF FF 
       FF FF FF FF 
       FF FF FF FF 
       FF E5 E0 E0 
       E0 E0 E0 E0 
       E0 E5 FF FF 
       FA E0 E0 E0 
       E0 E0 FA FF 
       FF FF FF FF 
       FF FF FF FF 
       FF FF FF FF 
       FF FF FF FF 
       FF FF FF FF 
       FF FF EA E5 
       E0 E0 E0 E0 
       E0 E0 E0 E0 
       E0 E0 FA FF 
       FF FF FF FF 
       FF FF FF FF 
       FF E5 E0 E0 
       E0 E0 FF FF 
       FF FF FF FF 
       FF FF FF FF 
       FF E5 E0 E0 
       E0 E0 E0 E0 
       E0 E0 E5 EA 
       E5 E0 E0 E0 
       E0 E0 FF FF 
       FF FF FF FF 
       FF FF FF FF 
       FF FF FF FF 
       FF FF FF FF 
       FF FF FF FF 
       EA E5 E0 E0 
       E0 E0 E0 E0 
       E0 E0 E0 E0 
       E0 E0 FA FF 
       FF FF FF FF 
       FF FF FF FF 
       FF EA E0 E0 
       E0 E0 FA FF 
       FF FF FF FF 
       FF FF FF FF 
       FF E5 E0 E0 
       E0 E0 E0 E0 
       E0 E0 E0 E0 
       E0 E0 E0 E0 
       E0 EA FF FF 
       FF FF FF FF 
       FF FF FF FF 
       FF FF FF FF 
       FF FF FF FF 
       FF FF EA E5 
       E0 E0 E0 E0 
       E0 E0 E0 E0 
       E0 E0 E0 E0 
       E0 E0 E5 FF 
       FF FF FF FF 
       FF FF FF FF 
       FF EA E0 E0 
       E0 E0 FA FF 
       FF FF FF FF 
       FF FF FF FF 
       FF E5 E0 E0 
       E0 E0 E0 E0 
       E0 E0 E0 E0 
       E0 E0 E0 E0 
       E0 FA FF FF 
       FF FF FF FF 
       FF FF FF FF 
       FF FF FF FF 
       FF FF FF FF 
       EA E5 E0 E0 
       E0 E0 E0 E0 
       E0 E0 E0 E0 
       E0 E0 E0 E0 
       E0 E0 E0 FA 
       FF FF FF FF 
       FF FF FF FF 
       FF EA E0 E0 
       E0 E0 FA FF 
       FF FF FF FF 
       FF FF FF FF 
       FF E5 E0 E0 
       E0 E0 E0 E0 
       E0 E0 E0 E0 
       E0 E0 E0 E0 
       E0 FA FF FF 
       FF FF FF FF 
       FF FF FF FF 
       FF FF FF FF 
       FF FF EA E5 
       E0 E0 E0 E0 
       E0 E0 E0 E0 
       E0 E0 E0 E0 
       E0 E0 E0 E0 
       E0 E0 E5 FA 
       FF FF FF FF 
       FF FF FF FF 
       FF FA E0 E0 
       E0 E0 FA FF 
       FF FF FF FF 
       FF FF FF FF 
       FA E0 E0 E0 
       E0 E0 E0 E0 
       E0 E0 E0 E0 
       E0 E0 E0 E0 
       E0 E5 EA FA 
       FF FF FF FF 
       FF FF FF FF 
       FF FF FF EA 
       E5 E5 E0 E0 
       E0 E0 E0 E0 
       E0 E0 E0 E0 
       E0 E0 E0 E0 
       E0 E0 E0 E0 
       E0 E0 E5 FF 
       FF FF FF FF 
       FF FF FF FF 
       FF EA E0 E0 
       E0 E0 FA FF 
       FF FF FF FF 
       FF FF FF FF 
       FA E0 E0 E0 
       E0 E0 E0 E0 
       E0 E0 E0 E0 
       E0 E0 E0 E0 
       E0 E0 E0 E0 
       E0 E5 E5 EA 
       EA FA EA EA 
       E5 E5 E0 E0 
       E0 E0 E0 E0 
       E0 E0 E0 E0 
       E0 E0 E5 EA 
       E5 E0 E0 E0 
       E0 E0 E0 E0 
       E0 E0 E5 FF 
       FF FF FF FF 
       FF FF FF FF 
       FF E5 E0 E0 
       E0 E0 FA FF 
       FF FF FF FF 
       FF FF FF FF 
       FA E5 E0 E0 
       E0 E0 E0 E0 
       E0 E0 E0 E0 
       E0 E0 E0 E0 
       E0 E0 E0 E0 
       E0 E0 E0 E0 
       E0 E0 E0 E0 
       E0 E0 E0 E0 
       E0 E0 E0 E0 
       E0 E0 E0 E0 
       E5 FA FF FF 
       FF E5 E0 E0 
       E0 E0 E0 E0 
       E0 E0 E5 FF 
       FF FF FF FF 
       FF FF FF FF 
       FF E5 E0 E0 
       E0 E0 FA FF 
       FF FF FF FF 
       FF FF FF FF 
       FF E5 E0 E0 
       E0 E0 E0 E0 
       E0 E0 E5 FA 
       FA E5 E5 E0 
       E0 E0 E0 E0 
       E0 E0 E0 E0 
       E0 E0 E0 E0 
       E0 E0 E0 E0 
       E0 E0 E0 E0 
       E0 E0 E5 EA 
       FF FF FF FF 
       FF FA E5 E0 
       E0 E0 E0 E0 
       E0 E0 E5 FF 
       FF FF FF FF 
       FF FF FF FF 
       FF E5 E0 E0 
       E0 E0 FA FF 
       FF FF FF FF 
       FF FF FF FF 
       FF E5 E0 E0 
       E0 E0 E0 E0 
       E0 E0 EA FF 
       FF FF FA E5 
       E0 E0 E0 E0 
       E0 E0 E0 E0 
       E0 E0 E0 E0 
       E0 E0 E0 E0 
       E0 E0 E0 E0 
       E5 FA FF FF 
       FF FF FF FF 
       FF FF EA E5 
       E0 E0 E0 E0 
       E0 E0 E5 FF 
       FF FF FF FF 
       FF FF FF FF 
       FF E5 E0 E0 
       E0 E0 FA FF 
       FF FF FF FF 
       FF FF FF FF 
       EA E0 E0 E0 
       E0 E0 EA FF 
       FF FF FF FF 
       FF FF FF FF 
       FA EA E5 E0 
       E0 E0 E0 E0 
       E0 E0 E0 E0 
       E0 E0 E0 E0 
       E0 E0 E0 E0 
       FA FF FF FF 
       FF FF FF FF 
       FF FF FF E5 
       E0 E0 E0 E0 
       E0 E0 E5 FF 
       FF FF FF FF 
       FF FF FF FF 
       FF E5 E0 E0 
       E0 E0 FA FF 
       FF FF FF FF 
       FF FF FF FF 
       E5 E0 E0 E0 
       E0 E5 FF FF 
       FF FF FF FF 
       FF FF FF FF 
       FF FF FF EA 
       E0 E0 E0 E0 
       E0 E0 E0 E0 
       E0 E0 E0 E0 
       E0 E0 E0 E0 
       E5 FF FF FF 
       FF FF FF FF 
       FF FF FF FF 
       E5 E0 E0 E0 
       E0 E0 EA FF 
       FF FF FF FF 
       FF FF FF FF 
       FA E0 E0 E0 
       E0 E0 FA FF 
       FF FF FF FF 
       FF FF FF FF 
       EA E0 E0 E0 
       E0 E5 FF FF 
       FF FF FF FF 
       FF FF FF FF 
       FF FF FF E5 
       E0 E0 E0 E0 
       E0 E0 E0 E0 
       E0 E0 E5 EA 
       FA EA E0 E0 
       E0 EA FF FF 
       FF FF FF FF 
       FF FF FF FF 
       FA E5 E0 E0 
       E0 E0 EA FF 
       FF FF FF FF 
       FF FF FF FF 
       FA E0 E0 E0 
       E0 E5 FF FF 
       FF FF FF FF 
       FF FF FF FF 
       FF E5 E0 E0 
       E0 E0 E5 FF 
       FF FF FF FF 
       FF FF FF FF 
       FF FF FA E0 
       E0 E0 E0 E0 
       E0 E0 E0 E0 
       E5 FA FF FF 
       FF FF E5 E0 
       E0 E5 FF FF 
       FF FF FF FF 
       FF FF FF FF 
       FF EA E0 E0 
       E0 E0 FF FF 
       FF FF FF FF 
       FF FF FF FF 
       FA E0 E0 E0 
       E0 EA FF FF 
       FF FF FF FF 
       FF FF FF FF 
       FF E5 E0 E0 
       E0 E5 FA FF 
       FF FF FF FF 
       FF FF FF FF 
       FF FF E5 E0 
       E0 E0 E0 EA 
       FA FA FA FA 
       FF FF FF FF 
       FF FF FF E5 
       E0 E0 EA FF 
       FF FF FF FF 
       FF FF FF FF 
       FF FF EA E0 
       E0 E5 FF FF 
       FF FF FF FF 
       FF FF FF FF 
       EA E0 E0 E0 
       E0 EA FF FF 
       FF FF FF FF 
       FF FF FF FF 
       FF EA E0 E0 
       E0 EA FF FF 
       FF FF FF FF 
       FF FF FF FF 
       FF FA E0 E0 
       E0 E0 E5 FF 
       FF FF FF FF 
       FF FF FF FF 
       FF FF FF E5 
       E0 E0 E5 FF 
       FF FF FF FF 
       FF FF FF FF 
       FF FF FF E5 
       E0 FA FF FF 
       FF FF FF FF 
       FF FF FF FF 
       EA E0 E0 E0 
       E5 FA FF FF 
       FF FF FF FF 
       FF FF FF FF 
       FF FA E0 E5 
       EA FF FF FF 
       FF FF FF FF 
       FF FF FF FF 
       FF EA E0 E0 
       E0 E0 E5 FF 
       FF FF FF FF 
       FF FF FF FF 
       FF FF FF EA 
       E0 E0 E0 FA 
       FF FF FF FF 
       FF FF FF FF 
       FF FF FF FF 
       E5 FF FF FF 
       FF FF FF FF 
       FF FF FF FF 
       FF E5 E0 E0 
       E5 FA FF FF 
       FF FF FF FF 
       FF FF FF FF 
       FF FF FA FA 
       FF FF FF FF 
       FF FF FF FF 
       FF FF FF FF 
       FF E5 E0 E0 
       E0 E0 EA FF 
       FF FF FF FF 
       FF FF FF FF 
       FF FF FF FA 
       E0 E0 E0 E5 
       FF FF FF FF 
       FF FF FF FF 
       FF FF FF FF 
       FF FF FF FF 
       FF FF FF FF 
       FF FF FF FF 
       FF EA E0 E0 
       E5 FF FF FF 
       FF FF FF FF 
       FF FF FF FF 
       FF FF FF FF 
       FF FF FF FF 
       FF FF FF FF 
       FF FF FF FF 
       EA E0 E0 E0 
       E0 E0 FA FF 
       FF FF FF FF 
       FF FF FF FF 
       FF FF FF FA 
       E0 E0 E0 E0 
       FA FF FF FF 
       FF FF FF FF 
       FF FF FF FF 
       FF FF FF FF 
       FF FF FF FF 
       FF FF FF FF 
       FF FF E5 E0 
       E5 FF FF FF 
       FF FF FF FF 
       FF FF FF FF 
       FF FF FF FF 
       FF FF FF FF 
       FF FF FF FF 
       FF FF FF FF 
       E5 E0 E0 E0 
       E0 E5 FF FF 
       FF FF FF FF 
       FF FF FF FF 
       FF FF FF FF 
       E0 E0 E0 E0 
       EA FF FF FF 
       FF FF FF FF 
       FF FF FF FF 
       FF FF FF FF 
       FF FF FF FF 
       FF FF FF FF 
       FF FF FA E0 
       E5 FA FF FF 
       FF FF FF FF 
       FF FF FF FF 
       FF FF FF FF 
       FF FF FF FF 
       FF FF FF FF 
       FF FF FF EA 
       E0 E0 E0 E0 
       E0 EA FF FF 
       FF FF FF FF 
       FF FF FF FF 
       FF FF FF FF 
       E5 E0 E0 E0 
       E5 FF FF FF 
       FF FF FF FF 
       FF FF FF FF 
       FF FF FF FF 
       FF FF FF FF 
       FF FF FF FF 
       FF FF FA E0 
       E0 E5 EA E5 
       E5 E5 E5 FF 
       FF FF FF FF 
       FF FF FF FF 
       FF FF FF FF 
       FF FF FF FF 
       FF FF FF E5 
       E0 E0 E0 E0 
       E0 FA FF FF 
       FF FF FF FF 
       FF FF FF FF 
       FF FF FF FF 
       E5 E0 E0 E0 
       E5 FF FF FF 
       FF FF FF FF 
       FF FF FF FF 
       FF FF FF FF 
       FF FF FF FF 
       FF FF FA EA 
       EA EA E5 E0 
       E0 E0 E0 E0 
       E0 E0 E5 FF 
       FF FF FF FF 
       FF FF FF FF 
       FF FF FF FF 
       FF FF FF FF 
       FF FF FF E5 
       E0 E0 E0 E0 
       E5 FF FF FF 
       FF FF FF FF 
       FF FF FF FF 
       FF FF FF FF 
       EA E0 E0 E0 
       E0 FA FF FF 
       FF FF FF FF 
       FF FF FF FF 
       FF FF FF FF 
       FF FF FF FF 
       FF FF E5 E0 
       E0 E0 E0 E0 
       E0 E0 E0 E0 
       E0 E0 E0 FA 
       FF FF FF FF 
       FF FF FF FF 
       FF FF FF FF 
       FF FF FF FF 
       FF FF FA E0 
       E0 E0 E0 E0 
       EA FF FF FF 
       FF FF FF FF 
       FF FF FF FF 
       FF FF FF FF 
       FA E0 E0 E0 
       E0 EA FF FF 
       FF FF FF FF 
       FF FF FF FF 
       FF FF FF FF 
       FF FF FF FF 
       FF FF E5 E0 
       E0 E0 E0 E0 
       E0 E0 E0 E0 
       E0 E0 E0 FA 
       FF FF FF FF 
       FF FF FF FF 
       FF FF FF FF 
       FF FF FF FF 
       FF FF E5 E0 
       E0 E0 E0 E0 
       FA FF FF FF 
       FF FF FF FF 
       FF FF FF FF 
       FF FF FF FF 
       FA E5 E0 E0 
       E0 E5 FF FF 
       FF FF FF FF 
       FF FF FF FF 
       FF FF FF FF 
       FF FF FF FF 
       FF FA E0 E0 
       E0 E0 E0 E0 
       E0 E0 E0 E0 
       E0 E0 E5 FF 
       FF FF FF FF 
       FF FF FF FF 
       FF FF FF FF 
       FF FF FF FF 
       FF FA E0 E0 
       E0 E0 E0 E5 
       FF FF FF FF 
       FF FF FF FF 
       FF FF FF FF 
       FF FF FF FF 
       FF E5 E0 E0 
       E0 E0 FF FF 
       FF FF FF FF 
       FF FF FF FF 
       FF FF FF FF 
       FF FF FF FF 
       FF FF EA E0 
       E0 E0 E0 E0 
       E0 E0 E0 E0 
       E0 E5 FA FF 
       FF FF FF FF 
       FF FF FF FF 
       FF FF FF FF 
       FF FF FF FF 
       FF EA E0 E0 
       E0 E0 E0 EA 
       FF FF FF FF 
       FF FF FF FF 
       FF FF FF FF 
       FF FF FF FF 
       FF E5 E0 E0 
       E0 E0 FA FF 
       FF FF FF FF 
       FF FF FF FF 
       FF FF FF FF 
       FF FF FF FF 
       FF FF FF EA 
       E0 E0 E0 E0 
       E0 E0 E0 E0 
       E0 EA FF FF 
       FF FF FF FF 
       FF FF FF FF 
       FF FF FF FF 
       FF FF FF FF 
       FF E5 E0 E0 
       E0 E0 E5 FA 
       FF FF FF FF 
       FF FF FF FF 
       FF FF FF FF 
       FF FF FF FF 
       FF E5 E0 E0 
       E0 E0 EA FF 
       FF FF FF FF 
       FF FF FF FF 
       FF FF FF FF 
       FF FF FF FF 
       FF FF FF FF 
       E5 E0 E0 E0 
       E0 E0 E0 E0 
       EA FF FF FF 
       FF FF FF FF 
       FF FF FF FF 
       FF FF FF FF 
       FF FF FF FF 
       FA E0 E0 E0 
       E0 E0 E5 FF 
       FF FF FF FF 
       FF FF FF FF 
       FF FF FF FF 
       FF FF FF FF 
       FF EA E0 E0 
       E0 E0 EA FF 
       FF FF FF FF 
       FF FF FF FF 
       FF FF FF FF 
       FF FF FF FF 
       FF FF FF FF 
       FF E5 E0 E0 
       E0 E0 E0 E5 
       FF FF FF FF 
       FF FF FF FF 
       FF FF FF FF 
       FF FF FF FF 
       FF FF FF FF 
       EA E0 E0 E0 
       E0 E0 EA FF 
       FF FF FF FF 
       FF FF FF FF 
       FF FF FF FF 
       FF FF FF FF 
       FF EA E0 E0 
       E0 E0 E5 FF 
       FF FF FF FF 
       FF FF FF FF 
       FF FF FF FF 
       FF FF FF FF 
       FF FF FF FF 
       FF FA E0 E0 
       E0 E5 EA FF 
       FF FF FF FF 
       FF FF FF FF 
       FF FF FF FF 
       FF FF FF FF 
       FF FF FF FF 
       E5 E0 E0 E0 
       E0 E0 FF FF 
       FF FF FF FF 
       FF FF FF FF 
       FF FF FF FF 
       FF FF FF FF 
       FF EA E0 E0 
       E0 E0 E0 FF 
       FF FF FF FF 
       FF FF FF FF 
       FF FF FF FF 
       FF FF FF FF 
       FF FF FF FF 
       FF FF EA E0 
       E5 FA FF FF 
       FF FF FF FF 
       FF FF FF FF 
       FF FF FF FF 
       FF FF FF FF 
       FF FF FF FA 
       E0 E0 E0 E0 
       E0 E5 FF FF 
       FF FF FF FF 
       FF FF FF FF 
       FF FF FF FF 
       FF FF FF FF 
       FF FA E0 E0 
       E0 E0 E0 FA 
       FF FF FF FF 
       FF FF FF FF 
       FF FF FF FF 
       FF FF FF FF 
       FF FF FF FF 
       FF FF FA E5 
       EA FF FF FF 
       FF FF FF FF 
       FF FF FF FF 
       FF FF FF FF 
       FF FF FF FF 
       FF FF FF E5 
       E0 E0 E0 E0 
       E0 EA FF FF 
       FF FF FF FF 
       FF FF FF E5 
       E5 E5 FA FF 
       FF FF FF FF 
       FF FF E0 E0 
       E0 E0 E0 EA 
       FF FF FF FF 
       FF FF FF FF 
       FF FF FF FF 
       FF FF FF FF 
       FF FF FF FF 
       FF FF FF E5 
       FF FF FF FF 
       FF FF FF FF 
       FF FF FF FF 
       FF FF FF FF 
       FF FF FF FF 
       FF FF FF E5 
       E0 E0 E0 E0 
       E5 FF FF FF 
       FF FF FF FF 
       FF FA E5 E0 
       E0 E0 E0 E5 
       FA FF FF FF 
       FF FF E5 E0 
       E0 E0 E0 E5 
       FF FF FF FF 
       FF FF FF FF 
       FF FF FF FF 
       FF FF FF FF 
       FF FF FF FF 
       FF FF FF EA 
       FF FF FF FF 
       FF FF FF FF 
       FF FF FF FF 
       FF FF FF FF 
       FF FF FF FF 
       FF FF FA E0 
       E0 E0 E0 E0 
       EA FF FF FF 
       FF FF FF FF 
       EA E0 E0 E0 
       E0 E0 E0 E0 
       E0 EA FF FF 
       FF FF E5 E0 
       E0 E0 E0 E5 
       FF FF FF FF 
       FF FF FF FF 
       FF FF FF FF 
       FF FF FF FF 
       FF FF FF FF 
       FF FF FF EA 
       FF FF FF FF 
       FF FF FF FF 
       FF FF FF FF 
       FF FF FF FF 
       FF FF FF FF 
       FF FF E5 E0 
       E0 E0 E0 E0 
       FA FF FF FF 
       FF EA EA E5 
       E0 E0 E0 E0 
       E0 E0 E0 E0 
       E0 E0 EA FF 
       FF FF EA E0 
       E0 E0 E0 E5 
       FF FF FF FF 
       FF FF FF FF 
       FF FF FF FF 
       FF FF FF FF 
       FF FF FF FF 
       FF FF FF EA 
       FF FF FF FF 
       FF FF FF FF 
       FF FF FF FF 
       FF FF FF FF 
       FF FF FF FF 
       FF FF E0 E0 
       E0 E0 E0 E5 
       FF FF EA E5 
       E0 E0 E0 E0 
       E0 E0 E0 E0 
       E0 E0 E0 E0 
       E0 E0 FF FF 
       FF FF FA E0 
       E0 E0 E0 E0 
       FA FF FF FF 
       FF FF FF FF 
       FF FF FF FF 
       FF FF FF FF 
       FF FF FF FF 
       FF FF FF FA 
       FF FF FF FF 
       FF FF FF FF 
       FF FF FF FF 
       FF FF FF FF 
       FF FF FF FF 
       FF EA E0 E0 
       E0 E0 E0 E0 
       E5 E5 E0 E0 
       E0 E0 E0 E0 
       E0 E0 E0 E0 
       E0 E0 E0 E0 
       E0 E0 FA FF 
       FF FF FA E0 
       E0 E0 E0 E0 
       FA FF FF FF 
       FF FF FF FF 
       FF FF FF FF 
       FF FF FF FF 
       FF FF FF FF 
       FF FF FF FF 
       FF FF FF FF 
       FF FF FF FF 
       FF FF FF FF 
       FF FF FF FF 
       FF FF FF FF 
       FF E5 E0 E0 
       E0 E0 E0 E0 
       E0 E0 E0 E0 
       E0 E0 E0 E0 
       E0 E0 E0 E0 
       E0 E0 E0 E0 
       E0 E0 E0 E5 
       FA FF EA E0 
       E0 E0 E0 E0 
       EA FF FF FF 
       FF FF FF FF 
       FF FF FF FF 
       FF FF FF FF 
       FF FF FF FF 
       FF FF FF FF 
       E5 FF FF FF 
       FF FF FF FF 
       FF FF FF FF 
       FF FF FF FF 
       FF FF FF FF 
       FF E5 E0 E0 
       E0 E0 E0 E0 
       E0 E0 E0 E0 
       E0 E0 E0 E0 
       E0 E0 E0 E0 
       E0 E0 E0 E0 
       E0 E0 E0 E0 
       E0 E5 E0 E0 
       E0 E0 E0 E0 
       E5 FF FF FF 
       FF FF FF FF 
       FF FF FF FF 
       FF FF FF FF 
       FF FF FF FF 
       FF FF FF FF 
       E5 FA FF FF 
       FF FF FF FF 
       FF FF FF FF 
       FF FF FF FF 
       FF FF FF FF 
       EA E0 E0 E0 
       E0 E0 E0 E0 
       E0 E0 E0 E0 
       E0 E0 E0 E0 
       E0 E0 E0 E0 
       E0 E0 E0 E0 
       E0 E0 E0 E0 
       E0 E0 E0 E0 
       E0 E0 E0 E0 
       E5 FF FF FF 
       FF FF FF FF 
       FF FF FF FF 
       FF FF FF FF 
       FF FF FF FF 
       FF FF FF FA 
       E0 E5 FF FF 
       FF FF FF FF 
       FF FF FF FF 
       FF FF FF FF 
       FF FF FF FF 
       E5 E0 E0 E0 
       E0 E0 E0 E0 
       E0 E0 E0 E0 
       E0 E0 E0 E0 
       E0 E0 E0 E0 
       E0 E0 E0 E0 
       E0 E0 E0 E0 
       E0 E0 E0 E0 
       E0 E0 E0 E0 
       E5 FA FF FF 
       FF FF FF FF 
       FF FF FF FF 
       FF FF FF FF 
       FF FF FF FF 
       FF FF FF E5 
       E0 E0 FA FF 
       FF FF FF FF 
       FF FF FF FF 
       FF FF FF FF 
       FF FF FF FA 
       E0 E0 E0 E0 
       E0 E0 E0 E0 
       E0 E0 E0 E0 
       E0 E0 E0 E0 
       E0 E0 E0 E0 
       E0 E0 E0 E0 
       E0 E0 E0 E0 
       E0 E0 E0 E0 
       E0 E0 E0 E0 
       E0 E0 E5 FA 
       FF FF FF FF 
       FF FF FF FF 
       FF FF FF FF 
       FF FF FF FF 
       FF FF FA E5 
       E0 E0 E5 FF 
       FF FF FF FF 
       FF FF FF FF 
       FF FF FF FF 
       FF FF FF EA 
       E0 E0 E0 E0 
       E0 E0 E0 E0 
       E0 E0 E0 E0 
       E0 E0 E0 E0 
       E0 E0 E0 E0 
       E0 E0 E0 E0 
       E0 E0 E0 E0 
       E0 E0 E0 E0 
       E0 E0 E0 E0 
       E0 E0 E0 E0 
       E5 FA FF FF 
       FF FF FF FF 
       FF FF FF FF 
       FF FF FF FF 
       FF FF E5 E0 
       E0 E0 E0 E5 
       FA FF FF FF 
       FF FF FA FA 
       FA FA FA FA 
       FA EA E5 E0 
       E0 E0 E0 E0 
       E0 E0 E0 E0 
       E0 E0 E0 E0 
       E0 E0 E0 E0 
       E0 E0 E0 E0 
       E0 E0 E0 E0 
       E0 E0 E0 E0 
       E0 E0 E0 E0 
       E0 E0 E0 E0 
       E0 E0 E0 E0 
       E0 E0 E5 E5 
       EA EA FA FF 
       FF FF FF FF 
       FF FF FF FF 
       FA E5 E0 E0 
       E0 E0 E0 E0 
       E5 E5 EA EA 
       E5 E5 E0 E0 
       E0 E0 E0 E0 
       E0 E0 E0 E0 
       E0 E0 E0 E0 
       E0 E0 E0 E0 
       E0 E0 E0 E0 
       E0 E0 E0 E0 
       E0 E0 E0 E0 
       E0 E0 E0 E0 
       E0 E0 E0 E0 
       E0 E0 E0 E0 
       E0 E0 E0 E0 
       E0 E0 E0 E0 
       E0 E0 E0 E0 
       E0 E0 E0 E5 
       EA FA FF FF 
       FF FF FA E5 
       E0 E0 E0 E0 
046784             0023*    F_UI_logo_end:
046784             0053         include "play.inc"
046784             0001*    ; stream a song from the SD card
046784             0002*    ; inputs: hl = pointer to filename
046784             0003*    ; requirements: the file must be 8-bit unsigned PCM mono
046784             0004*    ; uses: sound channels 0 and 1, buffers 0x3000 through 0x3003
046784             0005*    ; play_song constants
046784             0006*    
046784             0007*    ps_wav_cmd_bufferId0: equ 0x003000
046784             0008*    ps_wav_cmd_bufferId1: equ 0x003001
046784             0009*    ps_wav_data_bufferId0: equ 0x003002
046784             0010*    ps_wav_data_bufferId1: equ 0x003003
046784             0011*    
046784             0012*    
046784             0013*    ; ps_mode bits
046784             0014*    ps_mode_playing: equ 0 ; 0 = paused 1 = playing, p key toggles
046784             0015*    ps_mode_loop:    equ 1 ; 0 = no loop 1 = loop (overrides ps_mode_shuffle if on), l key toggles
046784             0016*    ps_mode_shuffle: equ 2 ; 0 = shuffle off 1 = on, s key toggles
046784             0017*    
046784             0018*    ; play_song state variables
046784             0019*    ; current active channel and bufferId's
046784 0B          0020*    ps_volume: db 11 ; master volume 0-11
046785 00          0021*    ps_mode: db 0 ; playback mode bitmask
046786 00          0022*    ps_channel: db 0 ; channel number
046787 00 30 00    0023*    ps_wav_cmd_buffer: dl ps_wav_cmd_bufferId0 ; current command buffer
04678A 02 30 00    0024*    ps_wav_data_buffer: dl ps_wav_data_bufferId0 ; current sample-data buffer
04678D 00 00 00    0025*    ps_chunkpointer: dl 0 ; pointer to current chunk
046790 00 00 00 00 0026*    ps_playhead: dw32 0 ; current playhead position in seconds from the start (32-bit integer)
046794 00 00 00 00 0027*    ps_song_duration: blkb 5,0 ; duration of the current song in seconds (32-bit integer plus a padding byte)
       00          
046799 01 00 00 00 0028*    ps_seek_rate: dw32 1 ; seek rate in seconds per keypress (32-bit integer)
04679D 00          0029*    ps_seek_rate_idx: db 0 ; seek rate indexs
04679E 01 05 0A 0F 0030*        db 1,5,10,15,30,60,120,240 ; seek rates in seconds per keypress
       1E 3C 78 F0 
0467A6             0031*    
0467A6             0032*    ps_chunks_per_second: equ 60 ; number of chunks to load per second
0467A6 00 00 00    0033*    ps_wav_chunk_size: dl 0 ; size of audio chunks to load (sample rate / 60)
0467A9 00          0034*    ps_wav_chunk_counter: db 0 ; init to audio chunks/sec, when hits zero play the loaded audio buffer
0467AA             0035*    
0467AA             0036*    play_song:
0467AA             0037*    ; stop the PRT timer and close any currently playing file
0467AA CD 8A 69 04 0038*        call ps_close_file ; also stops prt timer
0467AE             0039*    
0467AE             0040*    ; reset the chunk counter to chunks / second
0467AE 3E 3C       0041*        ld a,ps_chunks_per_second
0467B0 32 A9 67 04 0042*        ld (ps_wav_chunk_counter),a
0467B4             0043*    
0467B4             0044*    ; clear now playing viewport
0467B4 CD 89 35 04 0045*        call vp_now_playing
0467B8 CD E6 1B 04 0046*        call vdu_cls
0467BC             0047*    
0467BC             0048*    ; open the file and verify it's a playable .wav file
0467BC CD D5 6B 04 0049*        call ps_open_wav
0467C0 C2 F3 67 04 0050*        jp nz,@F ; valid .wav file so continue
0467C4 CD 60 00 04 0051*        call printInline
0467C8 49 6E 76 61 0052*        asciz "Invalid .wav file selected, try again."
       6C 69 64 20 
       2E 77 61 76 
       20 66 69 6C 
       65 20 73 65 
       6C 65 63 74 
       65 64 2C 20 
       74 72 79 20 
       61 67 61 69 
       6E 2E 00    
0467EF C3 37 3E 04 0053*        jp get_input ; return to user input loop
0467F3             0054*    
0467F3             0055*    @@:
0467F3             0056*    ; copy the directory filinfo struct to ps_filinfo_struct
0467F3 ED 23 00    0057*        lea hl,iy ; ps_open_wav set iy to the directory's filinfo struct
0467F6 11 00 01 09 0058*        ld de,ps_filinfo_struct ; destination address
0467FA 01 16 01 00 0059*        ld bc,filinfo_struct_size
0467FE ED B0       0060*        ldir
046800             0061*    
046800             0062*    ; tell the user what they've won
046800 CD 60 00 04 0063*        call printInline
046804 28 50 29 6C 0064*        asciz "(P)laying "
       61 79 69 6E 
       67 20 00    
04680F 21 16 01 09 0065*        ld hl,ps_filinfo_fname
046813 CD 67 00 04 0066*        call printString ; print the song filename
046817             0067*    
046817             0068*    ; display the song sample rate; each VDP sample receives this rate explicitly
046817             0069*    ; when ps_load_audio_cmd_buffers builds its create-sample command
046817 CD 3F 36 04 0070*        call vp_messages
04681B CD 60 00 04 0071*        call printInline
04681F 41 75 64 69 0072*        asciz "Audio sample rate:"
       6F 20 73 61 
       6D 70 6C 65 
       20 72 61 74 
       65 3A 00    
046832 2A 18 03 09 0073*        ld hl,(ps_wav_header+wav_sample_rate)
046836 CD CC 00 04 0074*        call printDec
04683A             0075*    
04683A             0076*    ; apply the user's stored master volume
04683A 3A 84 67 04 0077*        ld a,(ps_volume)
04683E CD 12 40 04 0078*        call ps_adjust_volume
046842             0079*    
046842             0080*    ; compute the song duration from the file size and sample rate and print it
046842             0081*    ; technically we should account for the .wav header, but at 76 bytes it's negligible
046842 CD A3 35 04 0082*        call vp_duration ; set viewport to duration window
046846 3A 07 03 09 0083*        ld a,(ps_wav_header+wav_file_size+3) ; upper byte
04684A DD 2A 04 03 0084*        ld ix,(ps_wav_header+wav_file_size+0) ; lower word
       09          
04684F ED 5B 18 03 0085*        ld de,(ps_wav_header+wav_sample_rate)
       09          
046854 CD 42 06 04 0086*        call udiv3223 ; auix = duration in seconds
046858 DD 22 94 67 0087*        ld (ps_song_duration),ix ; duration low word
       04          
04685D 32 97 67 04 0088*        ld (ps_song_duration+3),a ; duration high byte
046861 2A 94 67 04 0089*        ld hl,(ps_song_duration) ; ls 24 bits of duration is sufficient and all we're prepared for
046865 CD D2 18 04 0090*        call seconds_to_hhmmss ; hl pointer to string representation of HH:MM:SS
046869 CD 67 00 04 0091*        call printString ; print the duration
04686D             0092*    
04686D             0093*    ; compute the chunksize
04686D 2A 18 03 09 0094*        ld hl,(ps_wav_header+wav_sample_rate)
046871 11 3C 00 00 0095*        ld de,ps_chunks_per_second
046875 CD F5 03 04 0096*        call udiv24 ; de = sample_rate / ps_chunks_per_second
046879 ED 53 A6 67 0097*        ld (ps_wav_chunk_size),de ; save the chunk size
       04          
04687E             0098*    
04687E             0099*    ; flip the command and sample buffers and read the first block of data
04687E CD 59 6A 04 0100*        call ps_load_audio_cmd_buffers ; TODO: we should only have to do this on app init,
046882             0101*                                     ; but if we don't do it here, only one audio buffer
046882             0102*                                     ; is loaded or/and played
046882             0103*    ; reset the chunk counter
046882 3E 3C       0104*        ld a,ps_chunks_per_second
046884 32 A9 67 04 0105*        ld (ps_wav_chunk_counter),a
046888             0106*    ; reset the playbar counter to zero
046888 21 00 00 00 0107*        ld hl,0
04688C 22 90 67 04 0108*        ld (ps_playhead),hl
046890             0109*     ; this is crucial so that the next sound played is at new position
046890 CD 4A 69 04 0110*        call ps_set_audio_buffers
046894             0111*    ; set ps_mode_playing
046894 21 85 67 04 0112*        ld hl,ps_mode
046898 CB C6       0113*        set ps_mode_playing,(hl)
04689A             0114*    ; enable interrupts and start the PRT timer
04689A 21 B0 04 00 0115*        ld hl,72000/ps_chunks_per_second
04689E 22 B0 04 00 0116*        ld (ps_prt_reload),hl
0468A2 CD 64 6B 04 0117*        call ps_prt_start
0468A6             0118*    ; jump to user input loop (enables interrupts)
0468A6             0119*    ; the play sample interrupt will return to there
0468A6             0120*    ; and exit app will return to main from there as well
0468A6 C3 37 3E 04 0121*        jp get_input
0468AA             0122*    ; end play_song
0468AA             0123*    
0468AA             0124*    ; read the next chunk of sound data from the file
0468AA             0125*    ; and upload it to the sample buffer
0468AA             0126*    ps_read_sample:
0468AA             0127*    ; 0x82: ffs_fread
0468AA             0128*    ; Read from a file (Requires MOS 1.03 or above)
0468AA             0129*    ; Parameters:
0468AA             0130*    ; HL(U): Pointer to a FIL structure
0468AA             0131*    ; DE(U): Pointer to a buffer to store the data in
0468AA             0132*    ; BC(U): Number of bytes to read (typically the size of the buffer)
0468AA             0133*    ; Preserves: HL(U), DE(U)
0468AA             0134*    ; Returns:
0468AA             0135*    ; BC(U): Number of bytes read
0468AA             0136*    ; A: FRESULT
0468AA 21 00 00 09 0137*        ld hl,ps_fil_struct
0468AE 11 4C 03 09 0138*        ld de,ps_wav_data
0468B2             0139*        ; ld bc,(ps_wav_header+wav_sample_rate)
0468B2 ED 4B A6 67 0140*        ld bc,(ps_wav_chunk_size)
       04          
0468B7             0141*        FFSCALL ffs_fread
                       M1 Args: function=ffs_fread 
0468B7 FD E5       0001*M1  			PUSH IY
0468B9 3E 82       0002*M1  			LD	A, function
0468BB 5B CF       0003*M1  			RST.LIL	08h
0468BD FD E1       0004*M1  			POP IY
0468BF             0142*    ; test bc for zero bytes read
0468BF 21 00 00 00 0143*        ld hl,0
0468C3 AF          0144*        xor a ; clear carry
0468C4 ED 42       0145*        sbc hl,bc ; hl = 0-chunksize
0468C6 C2 D2 68 04 0146*        jp nz,@load ; we read some data
0468CA             0147*    ; no data read so close file and play next song
0468CA CD 8A 69 04 0148*        call ps_close_file
0468CE C3 A7 69 04 0149*        jp ps_song_over
0468D2             0150*    ; load a vdu buffer from local memory
0468D2             0151*    ; inputs: hl = bufferId ; bc = length ; de = pointer to data
0468D2             0152*    @load:
0468D2             0153*    ; load the chunk to the current sample buffer
0468D2 2A 8A 67 04 0154*        ld hl,(ps_wav_data_buffer)
0468D6 11 4C 03 09 0155*        ld de,ps_wav_data ; pointer to data
0468DA CD 8B 1D 04 0156*        call vdu_load_buffer
0468DE             0157*    ; decrement the chunk counter
0468DE 3A A9 67 04 0158*        ld a,(ps_wav_chunk_counter)
0468E2 3D          0159*        dec a
0468E3 32 A9 67 04 0160*        ld (ps_wav_chunk_counter),a
0468E7 C0          0161*        ret nz ; not time to play sample, so back to interrupt handler
0468E8             0162*    ; reset the chunk counter and play the buffer
0468E8 3E 3C       0163*        ld a,ps_chunks_per_second
0468EA 32 A9 67 04 0164*        ld (ps_wav_chunk_counter),a
0468EE C3 39 69 04 0165*        jp ps_play_sample
0468F2             0166*    ; end ps_read_sample
0468F2             0167*    
0468F2             0168*    ps_update_playbar:
0468F2             0169*    ; set viewport to playbar
0468F2 CD 96 35 04 0170*        call vp_elapsed
0468F6             0171*    ; increment the playbar counter
0468F6 2A 90 67 04 0172*        ld hl,(ps_playhead)
0468FA 23          0173*        inc hl
0468FB 22 90 67 04 0174*        ld (ps_playhead),hl
0468FF             0175*    ; convert the playbar counter to HH:MM:SS and print it
0468FF CD D2 18 04 0176*        call seconds_to_hhmmss ; hl pointer to string representation of HH:MM:SS
046903 CD 67 00 04 0177*        call printString ; print the playhead position
046907             0178*    ; print breadcrumbs and playhead marker
046907 CD B0 35 04 0179*        call vp_playbar
04690B CD E6 1B 04 0180*        call vdu_cls
04690F 21 00 2B 00 0181*        ld hl,[vp_playbar_right-vp_playbar_left]*256 ; leave room for cursor
046913 ED 5B 94 67 0182*        ld de,(ps_song_duration) ; ls 24-bits is sufficient and all we're prepared for
       04          
046918 CD 65 0F 04 0183*        call udiv168 ; de = breadcrumbs / second in 8.16 fixed point
04691C 2A 90 67 04 0184*        ld hl,(ps_playhead)
046920 CD DC 03 04 0185*        call umul24 ; uhl is the breadcrumb position
046924             0186*        HLU_TO_A ; a = breadcrumb position
                       M1 Args: none
046924 3B          0001*M1      dec sp ; 1 cycle
046925 E5          0002*M1      push hl ; 4 cycles
046926 33          0003*M1      inc sp ; 1 cycle
046927 F1          0004*M1      pop af ; 4 cycles
046928             0005*M1      ; 10 cycles total
046928 A7          0187*        and a
046929 CA 34 69 04 0188*        jp z,@done ; if zero, we're done
04692D 47          0189*        ld b,a
04692E             0190*    @loop:
04692E 3E 2E       0191*        ld a,'.'
046930 5B D7       0192*        rst.lil 10h
046932 10 FA       0193*        djnz @loop
046934             0194*    @done:
046934 3E DB       0195*        ld a,219 ; cursor
046936 5B D7       0196*        rst.lil 10h
046938 C9          0197*        ret
046939             0198*    ; end ps_update_playbar
046939             0199*    
046939             0200*    ps_play_sample:
046939             0201*    ; update the playbar counter and display the time elapsed
046939 CD F2 68 04 0202*        call ps_update_playbar
04693D             0203*    ; call the command buffer to play the sound
04693D 2A 87 67 04 0204*        ld hl,(ps_wav_cmd_buffer)
046941 CD 85 1F 04 0205*        call vdu_call_buffer
046945             0206*    ; flip the sample and command buffers
046945 CD 4A 69 04 0207*        call ps_set_audio_buffers
046949 C9          0208*        ret ; back to interrupt handler
04694A             0209*    ; end ps_play_sample
04694A             0210*    
04694A             0211*    ps_set_audio_buffers:
04694A             0212*    ; flip the command and sample buffers and clear the new sample buffer
04694A 3A 86 67 04 0213*        ld a,(ps_channel)
04694E 3C          0214*        inc a
04694F E6 01       0215*        and 1
046951 32 86 67 04 0216*        ld (ps_channel),a
046955 21 00 30 00 0217*        ld hl,ps_wav_cmd_bufferId0
046959 6F          0218*        ld l,a
04695A 22 87 67 04 0219*        ld (ps_wav_cmd_buffer),hl
04695E 2C          0220*        inc l
04695F 2C          0221*        inc l
046960 22 8A 67 04 0222*        ld (ps_wav_data_buffer),hl
046964 CD A0 1F 04 0223*        call vdu_clear_buffer
046968 C9          0224*        ret
046969             0225*    ; end ps_set_audio_buffers
046969             0226*    
046969             0227*    ; clear only the VDP buffers owned by WAV playback
046969             0228*    ps_clear_audio_buffers:
046969 21 00 30 00 0229*        ld hl,ps_wav_cmd_bufferId0
04696D CD A0 1F 04 0230*        call vdu_clear_buffer
046971 21 01 30 00 0231*        ld hl,ps_wav_cmd_bufferId1
046975 CD A0 1F 04 0232*        call vdu_clear_buffer
046979 21 02 30 00 0233*        ld hl,ps_wav_data_bufferId0
04697D CD A0 1F 04 0234*        call vdu_clear_buffer
046981 21 03 30 00 0235*        ld hl,ps_wav_data_bufferId1
046985 CD A0 1F 04 0236*        call vdu_clear_buffer
046989 C9          0237*        ret
04698A             0238*    ; end ps_clear_audio_buffers
04698A             0239*    
04698A             0240*    ; close the file
04698A             0241*    ps_close_file:
04698A CD 79 6B 04 0242*        call ps_prt_stop ; stop the PRT timer
04698E             0243*    ; stop samples on the two stock channels owned by the WAV player
04698E 0E 00       0244*        ld c,0
046990 CD 63 22 04 0245*        call vdu_reset_channel
046994 0E 01       0246*        ld c,1
046996 CD 63 22 04 0247*        call vdu_reset_channel
04699A             0248*    ; 0x81: ffs_fclose
04699A             0249*    ; Close a file (Requires MOS 1.03 or above)
04699A             0250*    ; Parameters:
04699A             0251*    ; HL(U): Pointer to a FIL structure
04699A             0252*    ; Preserves: HL(U)
04699A             0253*    ; Returns:
04699A             0254*    ; A: FRESULT
04699A 21 00 00 09 0255*        ld hl,ps_fil_struct
04699E             0256*        FFSCALL ffs_fclose
                       M1 Args: function=ffs_fclose 
04699E FD E5       0001*M1  			PUSH IY
0469A0 3E 81       0002*M1  			LD	A, function
0469A2 5B CF       0003*M1  			RST.LIL	08h
0469A4 FD E1       0004*M1  			POP IY
0469A6 C9          0257*        ret
0469A7             0258*    ; end ps_close_file
0469A7             0259*    
0469A7             0260*    ps_song_over:
0469A7             0261*    ; get playback mode
0469A7 21 85 67 04 0262*        ld hl,ps_mode
0469AB             0263*    
0469AB             0264*    ; are we in loop mode?
0469AB CB 4E       0265*        bit ps_mode_loop,(hl)
0469AD CA B9 69 04 0266*        jp z,@F ; no so check next mode
0469B1 21 16 01 09 0267*        ld hl,ps_filinfo_fname ; get current song filename
0469B5 C3 AA 67 04 0268*        jp play_song ; and play it again, Sam
0469B9             0269*    
0469B9             0270*    @@: ; are we in shuffle mode?
0469B9 CB 56       0271*        bit ps_mode_shuffle,(hl)
0469BB C2 17 6A 04 0272*        jp nz,ps_play_random ; yes so play a random song
0469BF             0273*    
0469BF             0274*    ; loop and shuffle are off so play next song
0469BF C3 C3 69 04 0275*        jp ps_play_next_song
0469C3             0276*    ; end ps_song_over
0469C3             0277*    
0469C3             0278*    ps_play_next_song:
0469C3 3A 04 00 07 0279*        ld a,(bf_files_cur_pg)
0469C7 B7          0280*        or a ; check for zero files
0469C8 CA 37 3E 04 0281*        jp z,get_input ; no files to play so return to user input loop
0469CC 47          0282*        ld b,a ; loop counter
0469CD             0283*    @next_file:
0469CD C5          0284*        push bc ; save loop counter
0469CE CD 01 3F 04 0285*        call get_next_file_idx ; (bf_file_idx)++ with wraparound
0469D2 CD C3 3F 04 0286*        call bf_get_filinfo_from_pg_idx ; iy points to filinfo struct
0469D6 CD 05 3E 04 0287*        call bf_check_dir_or_file ; if zero then it's a song
0469DA C1          0288*        pop bc ; restore loop counter
0469DB CA E5 69 04 0289*        jp z,@play_song ; is a file so play song
0469DF 10 EC       0290*        djnz @next_file ; try the next file
0469E1 C3 37 3E 04 0291*        jp get_input ; no files in this directory so return to user input loop
0469E5             0292*    @play_song:
0469E5 CD D2 3D 04 0293*        call bf_highlight_file ; highlight the selected file
0469E9 C3 AA 67 04 0294*        jp play_song
0469ED             0295*    ; end ps_play_next_song
0469ED             0296*    
0469ED             0297*    ps_play_prev_song:
0469ED 3A 04 00 07 0298*        ld a,(bf_files_cur_pg)
0469F1 B7          0299*        or a ; check for zero files
0469F2 CA 37 3E 04 0300*        jp z,get_input ; no files to play so return to user input loop
0469F6 47          0301*        ld b,a ; loop counter
0469F7             0302*    @next_file:
0469F7 C5          0303*        push bc ; save loop counter
0469F8 CD 01 3F 04 0304*        call get_next_file_idx ; (bf_file_idx)++ with wraparound
0469FC CD C3 3F 04 0305*        call bf_get_filinfo_from_pg_idx ; iy points to filinfo struct
046A00 CD 05 3E 04 0306*        call bf_check_dir_or_file ; if zero then it's a song
046A04 C1          0307*        pop bc ; restore loop counter
046A05 CA 0F 6A 04 0308*        jp z,@play_song ; is a file so play song
046A09 10 EC       0309*        djnz @next_file ; try the next file
046A0B C3 37 3E 04 0310*        jp get_input ; no files in this directory so return to user input loop
046A0F             0311*    @play_song:
046A0F CD D2 3D 04 0312*        call bf_highlight_file ; highlight the selected file
046A13 C3 AA 67 04 0313*        jp play_song
046A17             0314*    ; end ps_play_prev_song
046A17             0315*    
046A17             0316*    ; queue a random song on the current page to play next
046A17             0317*    ps_play_random:
046A17 3A 04 00 07 0318*        ld a,(bf_files_cur_pg)
046A1B B7          0319*        or a ; check for zero files
046A1C CA 37 3E 04 0320*        jp z,get_input ; no files to play so return to user input loop
046A20 47          0321*        ld b,a ; loop counter
046A21 3A 00 00 07 0322*        ld a,(bf_file_idx) ; save current song index
046A25 32 58 6A 04 0323*        ld (@file_idx),a
046A29             0324*    @next_file:
046A29 C5          0325*        push bc ; save loop counter
046A2A CD CA 3E 04 0326*        call get_rand_file_idx ; a->(bf_file_idx)
046A2E 21 58 6A 04 0327*        ld hl,@file_idx
046A32 BE          0328*        cp (hl) ; check for same song
046A33 CA 4A 6A 04 0329*        jp z,@same ; same song so try again
046A37 CD C3 3F 04 0330*        call bf_get_filinfo_from_pg_idx ; iy points to filinfo struct
046A3B CD 05 3E 04 0331*        call bf_check_dir_or_file ; if zero then it's a song
046A3F             0332*    @bump_counter:
046A3F C1          0333*        pop bc ; restore loop counter
046A40 CA 50 6A 04 0334*        jp z,@play_song ; is a file so play song
046A44 10 E3       0335*        djnz @next_file ; try the next file
046A46 C3 37 3E 04 0336*        jp get_input ; no files in this directory so return to user input loop
046A4A             0337*    @same:
046A4A F6 01       0338*        or a,1 ; reset zero flag
046A4C C3 3F 6A 04 0339*        jp @bump_counter
046A50             0340*    @play_song:
046A50 CD D2 3D 04 0341*        call bf_highlight_file ; highlight the selected file
046A54 C3 AA 67 04 0342*        jp play_song
046A58 00          0343*    @file_idx: db 0
046A59             0344*    ; end ps_play_random
046A59             0345*    
046A59             0346*    ps_load_audio_cmd_buffers:
046A59 21 00 30 00 0347*        ld hl,ps_wav_cmd_bufferId0
046A5D CD A0 1F 04 0348*        call vdu_clear_buffer
046A61 2A 18 03 09 0349*        ld hl,(ps_wav_header+wav_sample_rate)
046A65             0350*        ; ld hl,(ps_wav_chunk_size)
046A65 22 B5 6A 04 0351*        ld (ps_sr0),hl
046A69 3E 17       0352*        ld a,23
046A6B 32 B7 6A 04 0353*        ld (ps_sr0+2),a
046A6F 21 00 30 00 0354*        ld hl,ps_wav_cmd_bufferId0
046A73 01 23 00 00 0355*        ld bc,ps_cmd0_end-ps_cmd0
046A77 11 A6 6A 04 0356*        ld de,ps_cmd0
046A7B CD 5D 1F 04 0357*        call vdu_write_block_to_buffer
046A7F             0358*    
046A7F 21 01 30 00 0359*        ld hl,ps_wav_cmd_bufferId1
046A83 CD A0 1F 04 0360*        call vdu_clear_buffer
046A87 2A 18 03 09 0361*        ld hl,(ps_wav_header+wav_sample_rate)
046A8B             0362*        ; ld hl,(ps_wav_chunk_size)
046A8B 22 D8 6A 04 0363*        ld (ps_sr1),hl
046A8F 3E 17       0364*        ld a,23
046A91 32 DA 6A 04 0365*        ld (ps_sr1+2),a
046A95 21 01 30 00 0366*        ld hl,ps_wav_cmd_bufferId1
046A99 01 23 00 00 0367*        ld bc,ps_cmd1_end-ps_cmd1
046A9D 11 C9 6A 04 0368*        ld de,ps_cmd1
046AA1 CD 5D 1F 04 0369*        call vdu_write_block_to_buffer
046AA5 C9          0370*        ret
046AA6             0371*    ps_cmd0:
046AA6             0372*    ; Command 14: Consolidate blocks in a buffer
046AA6             0373*    ; VDU 23, 0, &A0, bufferId; 14
046AA6 17 00 A0    0374*        db 23,0,0xA0 ; vdu buffered api command header
046AA9 02 30       0375*        dw ps_wav_data_bufferId0
046AAB 0E          0376*        db 14 ; consolidate blocks command
046AAC             0377*    ; vdu_buffer_to_sound command string
046AAC             0378*    ; Command 2: Buffer to sound
046AAC             0379*    ; VDU 23, 0, &85, channel (ignored), 5, 2, bufferId; format, [sampleRate;]
046AAC 17 00 85    0380*        db 23,0,0x85 ; vdu sound command header
046AAF 00          0381*        db 0x00 ; channel (ignored)
046AB0 05          0382*        db 0x05 ; buffer to sound command
046AB1 02          0383*        db 0x02 ; command 2 create sample
046AB2 02 30       0384*        dw ps_wav_data_bufferId0
046AB4 09          0385*        db 1+8 ; 8-bit unsigned PCM mono, 8 = sample rate argument follows
046AB5             0386*    ps_sr0:
046AB5 00 00       0387*        dw 0x0000 ; sample rate Hz
046AB7             0388*    ; vdu_play_sfx command string
046AB7             0389*    ; Command 4: Set waveform
046AB7             0390*    ; VDU 23, 0, &85, channel, 4, waveformOrSample, [bufferId;]
046AB7 17 00 85    0391*        db 23,0,$85 ; vdu sound command header
046ABA 00          0392*        db 0 ; channel
046ABB 04          0393*        db 4 ; set waveform command
046ABC 08          0394*        db 8 ; waveform 8 = sample
046ABD 02 30       0395*        dw ps_wav_data_bufferId0 ; sample bufferId
046ABF             0396*    ; Command 0: Play note
046ABF             0397*    ; VDU 23, 0, &85, channel, 0, volume, frequency; duration;
046ABF 17 00 85    0398*        db 23,0,$85 ; vdu sound command header
046AC2 00          0399*        db 0 ; channel
046AC3 00          0400*        db 0 ; play note command
046AC4 7F          0401*        db 127  ; volume 127 = max
046AC5 00 00       0402*        dw 0 ; frequency (relevant only for tuneable samples)
046AC7 00 00       0403*        dw 0 ; duration (ms), zero means play one time in full
046AC9             0404*    ps_cmd0_end:
046AC9             0405*    
046AC9             0406*    ps_cmd1:
046AC9             0407*    ; Command 14: Consolidate blocks in a buffer
046AC9             0408*    ; VDU 23, 0, &A0, bufferId; 14
046AC9 17 00 A0    0409*        db 23,0,0xA0 ; vdu buffered api command header
046ACC 03 30       0410*        dw ps_wav_data_bufferId1
046ACE 0E          0411*        db 14 ; consolidate blocks command
046ACF             0412*    ; vdu_buffer_to_sound command string
046ACF             0413*    ; Command 2: Buffer to sound
046ACF             0414*    ; VDU 23, 0, &85, channel (ignored), 5, 2, bufferId; format, [sampleRate;]
046ACF 17 00 85    0415*        db 23,0,0x85 ; vdu sound command header
046AD2 00          0416*        db 0x00 ; channel (ignored)
046AD3 05          0417*        db 0x05 ; buffer to sound command
046AD4 02          0418*        db 0x02 ; command 2 create sample
046AD5 03 30       0419*        dw ps_wav_data_bufferId1
046AD7 09          0420*        db 1+8 ; 8-bit unsigned PCM mono, 8 = sample rate argument follows
046AD8             0421*    ps_sr1:
046AD8 00 00       0422*        dw 0x0000 ; sample rate Hz
046ADA             0423*    ; vdu_play_sfx command string
046ADA             0424*    ; Command 4: Set waveform
046ADA             0425*    ; VDU 23, 0, &85, channel, 4, waveformOrSample, [bufferId;]
046ADA 17 00 85    0426*        db 23,0,$85 ; vdu sound command header
046ADD 01          0427*        db 1 ; channel
046ADE 04          0428*        db 4 ; set waveform command
046ADF 08          0429*        db 8 ; waveform 8 = sample
046AE0 03 30       0430*        dw ps_wav_data_bufferId1 ; sample bufferId
046AE2             0431*    ; Command 0: Play note
046AE2             0432*    ; VDU 23, 0, &85, channel, 0, volume, frequency; duration;
046AE2 17 00 85    0433*        db 23,0,$85 ; vdu sound command header
046AE5 01          0434*        db 1 ; channel
046AE6 00          0435*        db 0 ; play note command
046AE7 7F          0436*        db 127  ; volume 127 = max
046AE8 00 00       0437*        dw 0 ; frequency (relevant only for tuneable samples)
046AEA 00 00       0438*        dw 0 ; duration (ms), zero means play one time in full
046AEC             0439*    ps_cmd1_end:
046AEC             0440*    ; end ps_load_audio_cmd_buffers
046AEC             0054         include "sort.inc"
046AEC             0001*    ; Determines the ascending lexical order of two zero-terminated strings
046AEC             0002*    ; Inputs: HL, DE = pointers to strings
046AEC             0003*    ; Returns:
046AEC             0004*    ;   - HL points to the lexically smaller string, DE to the larger (swapped if HL > DE).
046AEC             0005*    ; Flags:
046AEC             0006*    ;   - Z set,   C reset: Strings are equal.
046AEC             0007*    ;   - Z reset, C reset: DE is lexically larger than HL.
046AEC             0008*    ;   - Z reset, C set: DE is lexically smaller than HL.
046AEC             0009*    ; Destroys: A
046AEC             0010*    ; Notes:
046AEC             0011*    ;   - Comparisons are based on ASCII values: punctuation/numbers < uppercase < lowercase.
046AEC             0012*    alpha_asc:
046AEC E5          0013*        push hl
046AED D5          0014*        push de
046AEE             0015*    @loop:
046AEE 1A          0016*        ld a,(de)
046AEF BE          0017*        cp a,(hl)
046AF0 20 05       0018*        jr nz,@done
046AF2 13          0019*        inc de
046AF3 23          0020*        inc hl
046AF4 B7          0021*        or a,a
046AF5 20 F7       0022*        jr nz,@loop
046AF7             0023*    @done:
046AF7 D1          0024*        pop de
046AF8 E1          0025*        pop hl
046AF9 D0          0026*        ret nc
046AFA EB          0027*        ex de,hl
046AFB C9          0028*        ret
046AFC             0029*    ; end alpha_asc
046AFC             0030*    
046AFC             0031*    ; Sorts a list of pointers to zero-terminated strings in ascending lexical order
046AFC             0032*    ; using the selection sort algorithm, which is in-place and stable.
046AFC             0033*    ; Inputs:
046AFC             0034*    ;   - IY: Pointer to the list of string pointers.
046AFC             0035*    ;   - B: Number of items in the list (max 255).
046AFC             0036*    ; Outputs:
046AFC             0037*    ;   - Sorted list of pointers in ascending lexical order.
046AFC             0038*    ; Destroys:
046AFC             0039*    ;   - A, BC, DE, HL, IX.
046AFC             0040*    ; Notes:
046AFC             0041*    ;   - Strings are compared using an unsigned comparison (ASCII-based).
046AFC             0042*    ;   - The algorithm assumes all strings are properly null-terminated.
046AFC             0043*    ;   - The sorting is performed in-place by swapping pointers in the list.
046AFC             0044*    selection_sort_asc:
046AFC A0          0045*        and a,b                  ; Check if B is zero
046AFD C8          0046*        ret z                    ; No need to sort an empty list
046AFE 05          0047*        dec b                    ; We only need to do n-1 loops
046AFF C8          0048*        ret z                    ; No need to sort a single item
046B00 FD E5       0049*        push iy                  ; Save pointer to the list of pointers
046B02             0050*    @outer_loop:
046B02 ED 54 03    0051*        lea ix,iy+3              ; IX = pointer to the next string in the list
046B05 C5          0052*        push bc                  ; Save the outer loop counter
046B06             0053*    @inner_loop:
046B06 C5          0054*        push bc                  ; Save the inner loop counter
046B07 FD 27 00    0055*        ld hl,(iy)               ; HL = address of the current string
046B0A DD 17 00    0056*        ld de,(ix)               ; DE = address of the next string to compare
046B0D CD EC 6A 04 0057*        call alpha_asc           ; Compare (HL) and (DE)
046B11 30 06       0058*        jr nc,@skip_swap         ; If (HL) <= (DE), skip swapping the strings
046B13 FD 2F 00    0059*        ld (iy),hl               ; alpha_asc already did the swap ...
046B16 DD 1F 00    0060*        ld (ix),de               ; ... so we just load as is
046B19             0061*    @skip_swap:
046B19 ED 32 03    0062*        lea ix,ix+3              ; Move to the next pointer
046B1C C1          0063*        pop bc                   ; Restore the inner loop counter
046B1D 10 E7       0064*        djnz @inner_loop         ; Continue the inner loop
046B1F ED 33 03    0065*        lea iy,iy+3              ; Move to the next pointer in the list
046B22 C1          0066*        pop bc                   ; Restore the outer loop counter
046B23 10 DD       0067*        djnz @outer_loop         ; Continue the outer loop
046B25 FD E1       0068*        pop iy                   ; Restore pointer to the list of pointers
046B27 C9          0069*        ret
046B28             0070*    ; end selection_sort_asc
046B28             0071*    
046B28             0072*    ; same as selection_sort_asc, but for sorting fileinfo structs by filename
046B28             0073*    selection_sort_asc_filinfo:
046B28 A0          0074*        and a,b                  ; Check if B is zero
046B29 C8          0075*        ret z                    ; No need to sort an empty list
046B2A 05          0076*        dec b                    ; We only need to do n-1 loops
046B2B C8          0077*        ret z                    ; No need to sort a single item
046B2C FD E5       0078*        push iy                  ; Save pointer to the list of pointers
046B2E             0079*    @outer_loop:
046B2E ED 54 03    0080*        lea ix,iy+3              ; IX = pointer to the next string in the list
046B31 C5          0081*        push bc                  ; Save the outer loop counter
046B32             0082*    @inner_loop:
046B32 C5          0083*        push bc                  ; Save the inner loop counter
046B33 FD 27 00    0084*        ld hl,(iy)               ; HL = address of the current string
046B36 11 15 00 00 0085*        ld de,filinfo_fname-1      ; offset to the filename in the FILINFO struct
046B3A 19          0086*        add hl,de                ; HL = address of the filename
046B3B E5          0087*        push hl                  ; Save the address of the filename
046B3C DD 27 00    0088*        ld hl,(ix)               ; HL = address of the next string to compare
046B3F 19          0089*        add hl,de                ; HL = address of the filename (DE already has the offset)
046B40 EB          0090*        ex de,hl                 ; DE = address of the filename
046B41 E1          0091*        pop hl                   ; HL = address of the current filename
046B42 CD EC 6A 04 0092*        call alpha_asc           ; Compare (HL) and (DE)
046B46 30 0D       0093*        jr nc,@skip_swap         ; If (HL) <= (DE), skip swapping the strings
046B48 01 EB FF FF 0094*        ld bc,-filinfo_fname+1     ; -offset to the filename in the FILINFO struct
046B4C 09          0095*        add hl,bc                ; HL = address of the FILINFO struct
046B4D FD 2F 00    0096*        ld (iy),hl
046B50 EB          0097*        ex de,hl                 ; HL = address of the filename
046B51 09          0098*        add hl,bc                ; HL = address of the FILINFO struct
046B52 DD 2F 00    0099*        ld (ix),hl
046B55             0100*    @skip_swap:
046B55 ED 32 03    0101*        lea ix,ix+3              ; Move to the next pointer
046B58 C1          0102*        pop bc                   ; Restore the inner loop counter
046B59 10 D7       0103*        djnz @inner_loop         ; Continue the inner loop
046B5B ED 33 03    0104*        lea iy,iy+3              ; Move to the next pointer in the list
046B5E C1          0105*        pop bc                   ; Restore the outer loop counter
046B5F 10 CD       0106*        djnz @outer_loop         ; Continue the outer loop
046B61 FD E1       0107*        pop iy                   ; Restore pointer to the list of pointers
046B63 C9          0108*        ret
046B64             0109*    ; end selection_sort_asc_filinfo
046B64             0055         include "timer_jukebox.inc"
046B64             0001*    ; 72000 = 1 tick per second at 18.432 MHz with a 256 clock divider
046B64             0002*    ; but since max is 65536, intervals > 65536/72000 = 0.91 seconds require an additional counter
046B64             0003*    ps_prt_reload: equ 72000/ps_chunks_per_second
046B64             0004*    ; ps_prt_reload: equ 72000/ps_chunks_per_second * 16 ; DEBUG
046B64             0005*    
046B64             0006*    ; start PRT timer
046B64             0007*    ps_prt_start:
046B64 21 B0 04 00 0008*        ld hl,ps_prt_reload
046B68 ED 29 84    0009*        out0 (TMR1_CTL+TMR_RES_LOW),l
046B6B ED 21 85    0010*    	out0 (TMR1_CTL+TMR_RES_HIGH),h
046B6E             0011*    ; disable timer (in effect, reset it)
046B6E 3E 0E       0012*        ld a,PRT_IRQ_0 | IRQ_EN_0 | PRT_MODE_0 | CLK_DIV_256 | RST_EN_1 | PRT_EN_0
046B70 ED 39 83    0013*    	out0 (TMR1_CTL+TMR_REG_CTL),a
046B73             0014*    ; enable timer,with interrupt and CONTINUOUS mode,clock divider 256
046B73 3E 5F       0015*        ld a,PRT_IRQ_0 | IRQ_EN_1 | PRT_MODE_1 | CLK_DIV_256 | RST_EN_1 | PRT_EN_1
046B75 ED 39 83    0016*    	out0 (TMR1_CTL+TMR_REG_CTL),a
046B78 C9          0017*        ret
046B79             0018*    
046B79             0019*    ; stop PRT timer
046B79             0020*    ps_prt_stop:
046B79 3E 0E       0021*        ld a,PRT_IRQ_0 | IRQ_EN_0 | PRT_MODE_0 | CLK_DIV_256 | RST_EN_1 | PRT_EN_0
046B7B ED 39 83    0022*    	out0 (TMR1_CTL+TMR_REG_CTL),a
046B7E C9          0023*        ret
046B7F             0024*    
046B7F             0025*    ; ===============================================
046B7F             0026*    ; PRT Timer Interrupt Handling
046B7F             0027*    ; https://github.com/tomm/agon-cpu-emulator/blob/main/sdcard/regression_suite/timerirq.asm
046B7F             0028*    ; -----------------------------------------------
046B7F             0029*    ps_prt_irq_init:
046B7F             0030*        ; set up interrupt vector table 2
046B7F 21 00 00 00 0031*    	ld hl,0
046B83 3A 0C 01 00 0032*    	ld a,($10c)
046B87 6F          0033*    	ld l,a
046B88 3A 0D 01 00 0034*    	ld a,($10d)
046B8C 67          0035*    	ld h,a
046B8D             0036*    
046B8D             0037*    	; skip over CALL ($c3)
046B8D 23          0038*    	inc hl
046B8E             0039*    	; load address of jump into vector table 2 (in ram)
046B8E ED 27       0040*    	ld hl,(hl)
046B90             0041*    
046B90             0042*    	; write CALL ps_prt_irq_handler to vector table 2
046B90 3E C3       0043*    	ld a,$c3
046B92 77          0044*    	ld (hl),a
046B93 23          0045*    	inc hl
046B94 11 9B 6B 04 0046*    	ld de,ps_prt_irq_handler
046B98 ED 1F       0047*    	ld (hl),de
046B9A             0048*    
046B9A C9          0049*        ret
046B9B             0050*    ; end ps_prt_irq_init
046B9B             0051*    
046B9B             0052*    ; interrupt routine for playing the next sample
046B9B             0053*    ps_prt_irq_handler:
046B9B F3          0054*        di
046B9C 08          0055*        ex af,af'
046B9D D9          0056*        exx
046B9E             0057*    ; clear sysvar_keyascii
046B9E             0058*    	MOSCALL mos_sysvars
                       M1 Args: function=mos_sysvars 
046B9E 3E 08       0001*M1  			LD	A, function
046BA0 5B CF       0002*M1  			RST.LIL	08h
046BA2 AF          0059*    	xor a
046BA3 DD 77 05    0060*    	ld (IX+sysvar_keyascii),a
046BA6             0061*    ; read the timer interrupt and call the handler
046BA6 ED 38 83    0062*        in0 a,(TMR1_CTL+TMR_REG_CTL)
046BA9 21 85 67 04 0063*        ld hl,ps_mode
046BAD CB 46       0064*        bit ps_mode_playing,(hl)
046BAF CA B7 6B 04 0065*    	jp z,@done ; playback not active so return without doing anything
046BB3 CD AA 68 04 0066*        call ps_read_sample
046BB7             0067*    @done:
046BB7 D9          0068*        exx
046BB8 08          0069*        ex af,af'
046BB9 FB          0070*        ei
046BBA 5B ED 4D    0071*        reti.l
046BBD             0072*    ; end ps_prt_irq_handler
046BBD             0056         include "wav.inc"
046BBD             0001*    ; Fixed WAV offsets assumed by streaming/seeking; this is not a RIFF chunk parser
046BBD             0002*    wav_riff:          EQU 0    ; 4 bytes: "RIFF" identifier
046BBD             0003*    wav_file_size:     EQU 4    ; 4 bytes: Total file size minus 8 bytes for RIFF header
046BBD             0004*    wav_wave:          EQU 8    ; 4 bytes: "WAVE" identifier
046BBD             0005*    wav_fmt_marker:    EQU 12   ; 4 bytes: "fmt " subchunk marker
046BBD             0006*    wav_fmt_size:      EQU 16   ; 4 bytes: Format chunk size (16 for PCM)
046BBD             0007*    wav_audio_format:  EQU 20   ; 2 bytes: Audio format (1 = PCM)
046BBD             0008*    wav_num_channels:  EQU 22   ; 2 bytes: Number of channels (1 = mono, 2 = stereo)
046BBD             0009*    wav_sample_rate:   EQU 24   ; 4 bytes: Sample rate in Hz (e.g., 32768)
046BBD             0010*    wav_byte_rate:     EQU 28   ; 4 bytes: Bytes per second (SampleRate * NumChannels * BitsPerSample / 8)
046BBD             0011*    wav_block_align:   EQU 32   ; 2 bytes: Bytes per sample block (NumChannels * BitsPerSample / 8)
046BBD             0012*    wav_bits_per_sample: EQU 34 ; 2 bytes: Bits per sample (e.g., 8 or 16)
046BBD             0013*    
046BBD             0014*    ; Assumed LIST chunk (extra metadata)
046BBD             0015*    wav_list_marker:   EQU 36   ; 4 bytes: "LIST" marker
046BBD             0016*    wav_list_size:     EQU 40   ; 4 bytes: Size of the LIST chunk (e.g., 26)
046BBD             0017*    wav_info_marker:   EQU 44   ; 4 bytes: "INFO" marker
046BBD             0018*    wav_isft_marker:   EQU 48   ; 4 bytes: "ISFT" marker (software identifier)
046BBD             0019*    wav_isft_size:     EQU 52   ; 4 bytes: Size of the ISFT metadata payload
046BBD             0020*    wav_isft_data:     EQU 56   ; 12-byte assumed span for metadata and RIFF padding
046BBD             0021*    
046BBD             0022*    ; Assumed data chunk
046BBD             0023*    wav_data_marker:   EQU 68   ; 4 bytes: "data" subchunk marker
046BBD             0024*    wav_data_size:     EQU 72   ; 4 bytes: Size of the audio data in bytes
046BBD             0025*    wav_data_start:    EQU 76   ; Start of audio data
046BBD             0026*    wav_header_size:   EQU wav_data_start ; Total Header Size: 76 bytes
046BBD             0027*    
046BBD             0028*    bf_verify_wav:
046BBD FD E5       0029*        push iy ; callers want iy back unmolested
046BBF FD 21 00 1C 0030*        ld iy,bf_wav_header
       08          
046BC4 CD FC 6B 04 0031*        call verify_wav
046BC8 F5          0032*        push af ; save zero flag and a
046BC9             0033*        FFSCALL ffs_fclose ; close the file
                       M1 Args: function=ffs_fclose 
046BC9 FD E5       0001*M1  			PUSH IY
046BCB 3E 81       0002*M1  			LD	A, function
046BCD 5B CF       0003*M1  			RST.LIL	08h
046BCF FD E1       0004*M1  			POP IY
046BD1 F1          0034*        pop af ; restore zero flag and a for return
046BD2 FD E1       0035*        pop iy ; send her home how she came in
046BD4 C9          0036*        ret
046BD5             0037*    ; end bf_verify_wav
046BD5             0038*    
046BD5             0039*    ps_open_wav:
046BD5             0040*    ; get filinfo and fil struct pointers to currently selected file
046BD5 CD C3 3F 04 0041*        call bf_get_filinfo_from_pg_idx ; iy = pointer to filinfo struct
046BD9 ED 13 16    0042*        lea de,iy+filinfo_fname ; de = pointer to filename
046BDC 21 00 00 09 0043*        ld hl,ps_fil_struct
046BE0             0044*    
046BE0             0045*    ; verify a valid .wav file
046BE0 FD E5       0046*        push iy
046BE2 FD 21 00 03 0047*        ld iy,ps_wav_header
       09          
046BE7 CD FC 6B 04 0048*        call verify_wav
046BEB C2 F9 6B 04 0049*        jp nz,@done ; is good file so return without closing
046BEF             0050*    
046BEF             0051*    ; not a good file so close it and return failure
046BEF F5          0052*        push af ; save zero flag and a
046BF0             0053*        FFSCALL ffs_fclose ; close the file
                       M1 Args: function=ffs_fclose 
046BF0 FD E5       0001*M1  			PUSH IY
046BF2 3E 81       0002*M1  			LD	A, function
046BF4 5B CF       0003*M1  			RST.LIL	08h
046BF6 FD E1       0004*M1  			POP IY
046BF8 F1          0054*        pop af ; restore zero flag and a for return
046BF9             0055*    @done:
046BF9 FD E1       0056*        pop iy
046BFB C9          0057*        ret
046BFC             0058*    ; end ps_open_wav
046BFC             0059*    
046BFC             0060*    ; verify that a file is a .wav file
046BFC             0061*    ; inputs: hl = pointer to fil struct, de = pointer to filename
046BFC             0062*    ; returns: a = 0 and zero flag set if not a file we can read
046BFC             0063*    ;          zero flag reset and a = 1 if a valid .wav file
046BFC             0064*    ; destroys: af
046BFC             0065*    verify_wav:
046BFC             0066*    ; back up registers
046BFC C5          0067*        push bc
046BFD DD E5       0068*        push ix
046BFF             0069*    
046BFF             0070*    ; callers need the file structure pointer preserved for fclose
046BFF E5          0071*        push hl
046C00 D5          0072*        push de
046C01             0073*    
046C01             0074*    ; clear the .wav header buffer
046C01 E5          0075*        push hl
046C02 D5          0076*        push de
046C03 01 4C 00 00 0077*        ld bc,wav_header_size
046C07 ED 23 00    0078*        lea hl,iy+0 ; bf or ps wav_header
046C0A CD D4 03 04 0079*        call clear_mem
046C0E D1          0080*        pop de
046C0F E1          0081*        pop hl
046C10             0082*    
046C10             0083*    ; open the file
046C10 0E 01       0084*        ld c,fa_read
046C12             0085*        FFSCALL ffs_fopen
                       M1 Args: function=ffs_fopen 
046C12 FD E5       0001*M1  			PUSH IY
046C14 3E 80       0002*M1  			LD	A, function
046C16 5B CF       0003*M1  			RST.LIL	08h
046C18 FD E1       0004*M1  			POP IY
046C1A             0086*    
046C1A             0087*    ; read the header
046C1A 01 4C 00 00 0088*        ld bc,wav_header_size
046C1E ED 13 00    0089*        lea de,iy+0 ; bf or ps wav_header
046C21             0090*        FFSCALL ffs_fread
                       M1 Args: function=ffs_fread 
046C21 FD E5       0001*M1  			PUSH IY
046C23 3E 82       0002*M1  			LD	A, function
046C25 5B CF       0003*M1  			RST.LIL	08h
046C27 FD E1       0004*M1  			POP IY
046C29             0091*    
046C29             0092*    ; verify the .wav header
046C29             0093*    
046C29 FD 27 00    0094*        ld hl,(iy+wav_riff)
046C2C 11 52 49 46 0095*        ld de,0x464952  ; ascii for "RIF" in little-endian order
046C30 B7          0096*        or a ; clear carry
046C31 ED 52       0097*        sbc hl,de
046C33 20 30       0098*        jr nz,@not_wav
046C35             0099*    
046C35 FD 27 08    0100*        ld hl,(iy+wav_wave)
046C38 11 57 41 56 0101*        ld de,0x564157  ; ascii for "WAV" in little-endian order
046C3C B7          0102*        or a ; clear carry
046C3D ED 52       0103*        sbc hl,de
046C3F 20 24       0104*        jr nz,@not_wav
046C41             0105*    
046C41 FD 27 14    0106*        ld hl,(iy+wav_audio_format)
046C44 11 01 00 01 0107*        ld de,0x010001  ; PCM format, 1-channel
046C48 B7          0108*        or a ; clear carry
046C49 ED 52       0109*        sbc hl,de
046C4B 20 18       0110*        jr nz,@not_wav
046C4D             0111*    
046C4D FD 27 0C    0112*        ld hl,(iy+wav_fmt_marker)
046C50 11 66 6D 74 0113*        ld de,0x746D66  ; ascii for "fmt" in little-endian order
046C54 B7          0114*        or a ; clear carry
046C55 ED 52       0115*        sbc hl,de
046C57 28 08       0116*        jr z,@is_wav
046C59 18 0A       0117*        jr @not_wav
046C5B             0118*    @done:
046C5B             0119*    ; restore registers and return
046C5B D1          0120*        pop de
046C5C E1          0121*        pop hl
046C5D DD E1       0122*        pop ix
046C5F C1          0123*        pop bc
046C60 C9          0124*        ret
046C61             0125*    @is_wav:
046C61 AF          0126*        xor a
046C62 3C          0127*        inc a ; reset zero flag and a = 1 indicating .wav file
046C63 18 F6       0128*        jr @done
046C65             0129*    @not_wav:
046C65 AF          0130*        xor a ; set zero flag and a = 0 indicating unreadable file
046C66 18 F3       0131*        jr @done
046C68             0132*    ; end verify_wav
046C68             0057     
046C68             0058         include "debug.inc"
046C68             0001*    printHexA:
046C68 F5          0002*        push af
046C69 C5          0003*        push bc
046C6A CD AE 00 04 0004*        call printHex8
046C6E 3E 20       0005*        ld a,' '
046C70 5B D7       0006*        rst.lil 10h
046C72 C1          0007*        pop bc
046C73 F1          0008*        pop af
046C74 C9          0009*        ret
046C75             0010*    
046C75             0011*    printHexHL:
046C75 F5          0012*        push af
046C76 C5          0013*        push bc
046C77 CD A8 00 04 0014*        call printHex16
046C7B 3E 20       0015*        ld a,' '
046C7D 5B D7       0016*        rst.lil 10h
046C7F C1          0017*        pop bc
046C80 F1          0018*        pop af
046C81 C9          0019*        ret
046C82             0020*    
046C82             0021*    printHexUHL:
046C82 F5          0022*        push af
046C83 C5          0023*        push bc
046C84 CD A0 00 04 0024*        call printHex24
046C88 3E 20       0025*        ld a,' '
046C8A 5B D7       0026*        rst.lil 10h
046C8C C1          0027*        pop bc
046C8D F1          0028*        pop af
046C8E C9          0029*        ret
046C8F             0030*    
046C8F             0031*    printHexAUHL:
046C8F F5          0032*        push af
046C90 C5          0033*        push bc
046C91 CD AE 00 04 0034*        call printHex8
046C95 3E 2E       0035*        ld a,'.'
046C97 5B D7       0036*        rst.lil 10h
046C99 CD A0 00 04 0037*        call printHex24
046C9D 3E 20       0038*        ld a,' '
046C9F 5B D7       0039*        rst.lil 10h
046CA1 C1          0040*        pop bc
046CA2 F1          0041*        pop af
046CA3 C9          0042*        ret
046CA4             0043*    
046CA4             0044*    printHexABHL:
046CA4             0045*    ; preserve registers
046CA4 C5          0046*        push bc ; b will be ok c will not
046CA5 F5          0047*        push af ; will get totally destroyed
046CA6             0048*    ; print a
046CA6 CD AE 00 04 0049*        call printHex8
046CAA             0050*    ; print b
046CAA 78          0051*        ld a,b
046CAB CD AE 00 04 0052*        call printHex8
046CAF             0053*    ; print hl
046CAF CD A8 00 04 0054*        call printHex16
046CB3             0055*    ; restore registers
046CB3 F1          0056*        pop af
046CB4 C1          0057*        pop bc
046CB5 C9          0058*        ret
046CB6             0059*    
046CB6             0060*    printHexBHL:
046CB6             0061*    ; preserve registers
046CB6 C5          0062*        push bc ; b will be ok c will not
046CB7 F5          0063*        push af ; will get totally destroyed
046CB8             0064*    ; print b
046CB8 78          0065*        ld a,b
046CB9 CD AE 00 04 0066*        call printHex8
046CBD             0067*    ; print hl
046CBD CD A8 00 04 0068*        call printHex16
046CC1             0069*    ; restore registers
046CC1 F1          0070*        pop af
046CC2 C1          0071*        pop bc
046CC3 C9          0072*        ret
046CC4             0073*    
046CC4             0074*    printHexCDE:
046CC4             0075*    ; preserve registers
046CC4 C5          0076*        push bc ; b will be ok c will not
046CC5 F5          0077*        push af ; will get totally destroyed
046CC6             0078*    ; print c
046CC6 79          0079*        ld a,c
046CC7 CD AE 00 04 0080*        call printHex8
046CCB             0081*    ; print de
046CCB EB          0082*        ex de,hl
046CCC CD A8 00 04 0083*        call printHex16
046CD0 EB          0084*        ex de,hl
046CD1             0085*    ; restore registers
046CD1 F1          0086*        pop af
046CD2 C1          0087*        pop bc
046CD3 C9          0088*        ret
046CD4             0089*    
046CD4             0090*    printHexUIX:
046CD4             0091*    ; store everything in scratch
046CD4 22 AA 03 04 0092*        ld (uhl),hl
046CD8 ED 43 AD 03 0093*        ld (ubc),bc
       04          
046CDD ED 53 B0 03 0094*        ld (ude),de
       04          
046CE2 DD 22 B3 03 0095*        ld (uix),ix
       04          
046CE7 FD 22 B6 03 0096*        ld (uiy),iy
       04          
046CEC F5          0097*        push af ; fml
046CED             0098*    
046CED 21 41 03 04 0099*        ld hl,str_ixu
046CF1 CD 67 00 04 0100*        call printString
046CF5 2A B3 03 04 0101*        ld hl,(uix)
046CF9 CD A0 00 04 0102*        call printHex24
046CFD CD 7C 00 04 0103*        call printNewLine
046D01             0104*    
046D01             0105*    ; restore everything
046D01 2A AA 03 04 0106*        ld hl, (uhl)
046D05 ED 4B AD 03 0107*        ld bc, (ubc)
       04          
046D0A ED 5B B0 03 0108*        ld de, (ude)
       04          
046D0F DD 2A B3 03 0109*        ld ix, (uix)
       04          
046D14 FD 2A B6 03 0110*        ld iy, (uiy)
       04          
046D19 F1          0111*        pop af
046D1A             0112*    ; all done
046D1A C9          0113*        ret
046D1B             0114*    
046D1B             0115*    
046D1B             0116*    ; print registers to screen in hexidecimal format
046D1B             0117*    ; inputs: none
046D1B             0118*    ; outputs: values of every register printed to screen
046D1B             0119*    ;    values of each register in global scratch memory
046D1B             0120*    ; destroys: nothing
046D1B             0121*    stepRegistersHex:
046D1B             0122*    ; store everything in scratch
046D1B 22 AA 03 04 0123*        ld (uhl),hl
046D1F ED 43 AD 03 0124*        ld (ubc),bc
       04          
046D24 ED 53 B0 03 0125*        ld (ude),de
       04          
046D29 DD 22 B3 03 0126*        ld (uix),ix
       04          
046D2E FD 22 B6 03 0127*        ld (uiy),iy
       04          
046D33 F5          0128*        push af ; fml
046D34 E1          0129*        pop hl ; thanks, zilog
046D35 22 A7 03 04 0130*        ld (uaf),hl
046D39 F5          0131*        push af ; dammit
046D3A             0132*    
046D3A             0133*    ; home the cursor
046D3A             0134*        ; call vdu_home_cursor
046D3A             0135*    
046D3A             0136*    ; print each register
046D3A 21 2D 03 04 0137*        ld hl,str_afu
046D3E CD 67 00 04 0138*        call printString
046D42 2A A7 03 04 0139*        ld hl,(uaf)
046D46 CD A0 00 04 0140*        call printHex24
046D4A CD 7C 00 04 0141*        call printNewLine
046D4E             0142*    
046D4E 21 32 03 04 0143*        ld hl,str_hlu
046D52 CD 67 00 04 0144*        call printString
046D56 2A AA 03 04 0145*        ld hl,(uhl)
046D5A CD A0 00 04 0146*        call printHex24
046D5E CD 7C 00 04 0147*        call printNewLine
046D62             0148*    
046D62 21 37 03 04 0149*        ld hl,str_bcu
046D66 CD 67 00 04 0150*        call printString
046D6A 2A AD 03 04 0151*        ld hl,(ubc)
046D6E CD A0 00 04 0152*        call printHex24
046D72 CD 7C 00 04 0153*        call printNewLine
046D76             0154*    
046D76 21 3C 03 04 0155*        ld hl,str_deu
046D7A CD 67 00 04 0156*        call printString
046D7E 2A B0 03 04 0157*        ld hl,(ude)
046D82 CD A0 00 04 0158*        call printHex24
046D86 CD 7C 00 04 0159*        call printNewLine
046D8A             0160*    
046D8A 21 41 03 04 0161*        ld hl,str_ixu
046D8E CD 67 00 04 0162*        call printString
046D92 2A B3 03 04 0163*        ld hl,(uix)
046D96 CD A0 00 04 0164*        call printHex24
046D9A CD 7C 00 04 0165*        call printNewLine
046D9E             0166*    
046D9E 21 46 03 04 0167*        ld hl,str_iyu
046DA2 CD 67 00 04 0168*        call printString
046DA6 2A B6 03 04 0169*        ld hl,(uiy)
046DAA CD A0 00 04 0170*        call printHex24
046DAE CD 7C 00 04 0171*        call printNewLine
046DB2             0172*    
046DB2             0173*        ; call vsync
046DB2             0174*    
046DB2 CD 7C 00 04 0175*        call printNewLine
046DB6             0176*    
046DB6             0177*    ; check for right shift key and quit if pressed
046DB6             0178*        MOSCALL mos_getkbmap
                       M1 Args: function=mos_getkbmap 
046DB6 3E 1E       0001*M1  			LD	A, function
046DB8 5B CF       0002*M1  			RST.LIL	08h
046DBA             0179*    @stayhere:
046DBA             0180*    ; 7 RightShift
046DBA DD CB 00 76 0181*        bit 6,(ix+0)
046DBE 20 02       0182*        jr nz,@RightShift
046DC0 18 F8       0183*        jr @stayhere
046DC2             0184*    @RightShift:
046DC2 DD CB 0E 86 0185*        res 0,(ix+14) ; debounce the key (hopefully)
046DC6 3E 80       0186*        ld a,%10000000
046DC8             0187*        ; call multiPurposeDelay
046DC8             0188*    
046DC8             0189*    ; restore everything
046DC8 2A AA 03 04 0190*        ld hl, (uhl)
046DCC ED 4B AD 03 0191*        ld bc, (ubc)
       04          
046DD1 ED 5B B0 03 0192*        ld de, (ude)
       04          
046DD6 DD 2A B3 03 0193*        ld ix, (uix)
       04          
046DDB FD 2A B6 03 0194*        ld iy, (uiy)
       04          
046DE0 F1          0195*        pop af
046DE1             0196*    ; all done
046DE1 C9          0197*        ret
046DE2             0198*    
046DE2             0199*    ; print registers to screen in hexidecimal format
046DE2             0200*    ; inputs: none
046DE2             0201*    ; outputs: values of every register printed to screen
046DE2             0202*    ;    values of each register in global scratch memory
046DE2             0203*    ; destroys: nothing
046DE2             0204*    dumpRegistersHex:
046DE2             0205*    ; store everything in scratch
046DE2 22 AA 03 04 0206*        ld (uhl),hl
046DE6 ED 43 AD 03 0207*        ld (ubc),bc
       04          
046DEB ED 53 B0 03 0208*        ld (ude),de
       04          
046DF0 DD 22 B3 03 0209*        ld (uix),ix
       04          
046DF5 FD 22 B6 03 0210*        ld (uiy),iy
       04          
046DFA F5          0211*        push af ; fml
046DFB E1          0212*        pop hl ; thanks, zilog
046DFC 22 A7 03 04 0213*        ld (uaf),hl
046E00 F5          0214*        push af ; dammit
046E01             0215*    
046E01             0216*    ; home the cursor
046E01             0217*        ; call vdu_home_cursor
046E01             0218*        ; call printNewLine
046E01             0219*    
046E01             0220*    ; print each register
046E01 21 2D 03 04 0221*        ld hl,str_afu
046E05 CD 67 00 04 0222*        call printString
046E09 2A A7 03 04 0223*        ld hl,(uaf)
046E0D CD A0 00 04 0224*        call printHex24
046E11             0225*        ; call printNewLine
046E11             0226*    
046E11 21 32 03 04 0227*        ld hl,str_hlu
046E15 CD 67 00 04 0228*        call printString
046E19 2A AA 03 04 0229*        ld hl,(uhl)
046E1D CD A0 00 04 0230*        call printHex24
046E21             0231*        ; call printNewLine
046E21             0232*    
046E21 21 37 03 04 0233*        ld hl,str_bcu
046E25 CD 67 00 04 0234*        call printString
046E29 2A AD 03 04 0235*        ld hl,(ubc)
046E2D CD A0 00 04 0236*        call printHex24
046E31             0237*        ; call printNewLine
046E31             0238*    
046E31 21 3C 03 04 0239*        ld hl,str_deu
046E35 CD 67 00 04 0240*        call printString
046E39 2A B0 03 04 0241*        ld hl,(ude)
046E3D CD A0 00 04 0242*        call printHex24
046E41             0243*        ; call printNewLine
046E41             0244*    
046E41 21 41 03 04 0245*        ld hl,str_ixu
046E45 CD 67 00 04 0246*        call printString
046E49 2A B3 03 04 0247*        ld hl,(uix)
046E4D CD A0 00 04 0248*        call printHex24
046E51             0249*        ; call printNewLine
046E51             0250*    
046E51 21 46 03 04 0251*        ld hl,str_iyu
046E55 CD 67 00 04 0252*        call printString
046E59 2A B6 03 04 0253*        ld hl,(uiy)
046E5D CD A0 00 04 0254*        call printHex24
046E61             0255*    
046E61 CD 7C 00 04 0256*        call printNewLine
046E65             0257*        ; call printNewLine
046E65             0258*    ; restore everything
046E65 2A AA 03 04 0259*        ld hl, (uhl)
046E69 ED 4B AD 03 0260*        ld bc, (ubc)
       04          
046E6E ED 5B B0 03 0261*        ld de, (ude)
       04          
046E73 DD 2A B3 03 0262*        ld ix, (uix)
       04          
046E78 FD 2A B6 03 0263*        ld iy, (uiy)
       04          
046E7D F1          0264*        pop af
046E7E             0265*    ; all done
046E7E C9          0266*        ret
046E7F             0267*    
046E7F             0268*    dumpRegistersHexPrime:
046E7F D9          0269*        exx
046E80 08          0270*        ex af,af'
046E81 CD E2 6D 04 0271*        call dumpRegistersHex
046E85 08          0272*        ex af,af'
046E86 D9          0273*        exx
046E87 C9          0274*        ret
046E88             0275*    
046E88             0276*    ; additionally dump prime registers
046E88             0277*    ; inputs: none
046E88             0278*    ; outputs: values of every register printed to screen
046E88             0279*    ; destroys: nothing
046E88             0280*    dumpRegistersHexAll:
046E88 CD E2 6D 04 0281*        call dumpRegistersHex
046E8C 08          0282*        ex af,af'
046E8D D9          0283*        exx
046E8E CD E2 6D 04 0284*        call dumpRegistersHex
046E92 08          0285*        ex af,af'
046E93 D9          0286*        exx
046E94 C9          0287*        ret
046E95             0288*    
046E95             0289*    ; print hlu to screen in hexidecimal format
046E95             0290*    ; inputs: none
046E95             0291*    ; destroys: nothing
046E95             0292*    print_hex_hl:
046E95 F5          0293*        push af
046E96 E5          0294*        push hl
046E97 21 32 03 04 0295*        ld hl,str_hlu
046E9B CD 67 00 04 0296*        call printString
046E9F E1          0297*        pop hl
046EA0 E5          0298*        push hl
046EA1 CD A0 00 04 0299*        call printHex24
046EA5 3E 20       0300*        ld a,' '
046EA7 5B D7       0301*        rst.lil 10h
046EA9 E1          0302*        pop hl
046EAA F1          0303*        pop af
046EAB C9          0304*        ret
046EAC             0305*    
046EAC             0306*    ; print bcu to screen in hexidecimal format
046EAC             0307*    ; inputs: none
046EAC             0308*    ; destroys: nothing
046EAC             0309*    print_hex_bc:
046EAC F5          0310*        push af
046EAD E5          0311*        push hl
046EAE C5          0312*        push bc
046EAF 21 37 03 04 0313*        ld hl,str_bcu
046EB3 CD 67 00 04 0314*        call printString
046EB7 E1          0315*        pop hl
046EB8 E5          0316*        push hl
046EB9 CD A0 00 04 0317*        call printHex24
046EBD 3E 20       0318*        ld a,' '
046EBF 5B D7       0319*        rst.lil 10h
046EC1 C1          0320*        pop bc
046EC2 E1          0321*        pop hl
046EC3 F1          0322*        pop af
046EC4 C9          0323*        ret
046EC5             0324*    
046EC5             0325*    ; print deu to screen in hexidecimal format
046EC5             0326*    ; inputs: none
046EC5             0327*    ; destroys: nothing
046EC5             0328*    print_hex_de:
046EC5 F5          0329*        push af
046EC6 E5          0330*        push hl
046EC7 D5          0331*        push de
046EC8 21 3C 03 04 0332*        ld hl,str_deu
046ECC CD 67 00 04 0333*        call printString
046ED0 E1          0334*        pop hl
046ED1 E5          0335*        push hl
046ED2 CD A0 00 04 0336*        call printHex24
046ED6 3E 20       0337*        ld a,' '
046ED8 5B D7       0338*        rst.lil 10h
046EDA D1          0339*        pop de
046EDB E1          0340*        pop hl
046EDC F1          0341*        pop af
046EDD C9          0342*        ret
046EDE             0343*    
046EDE             0344*    
046EDE             0345*    ; inputs: whatever is in the flags register
046EDE             0346*    ; outputs: binary representation of flags
046EDE             0347*    ;          with a header so we know which is what
046EDE             0348*    ; destroys: nothing
046EDE             0349*    ; preserves: everything
046EDE             0350*    dumpFlags:
046EDE             0351*    ; first we curse zilog for not giving direct access to flags
046EDE F5          0352*        push af ; this is so we can send it back unharmed
046EDF F5          0353*        push af ; this is so we can pop it to hl
046EE0             0354*    ; store everything in scratch
046EE0 22 AA 03 04 0355*        ld (uhl),hl
046EE4 ED 43 AD 03 0356*        ld (ubc),bc
       04          
046EE9 ED 53 B0 03 0357*        ld (ude),de
       04          
046EEE DD 22 B3 03 0358*        ld (uix),ix
       04          
046EF3 FD 22 B6 03 0359*        ld (uiy),iy
       04          
046EF8             0360*    ; next we print the header
046EF8 21 24 6F 04 0361*        ld hl,@header
046EFC CD 67 00 04 0362*        call printString
046F00 E1          0363*        pop hl ; flags are now in l
046F01 7D          0364*        ld a,l ; flags are now in a
046F02 CD E3 02 04 0365*        call printBin8
046F06 CD 7C 00 04 0366*        call printNewLine
046F0A             0367*    ; restore everything
046F0A 2A AA 03 04 0368*        ld hl, (uhl)
046F0E ED 4B AD 03 0369*        ld bc, (ubc)
       04          
046F13 ED 5B B0 03 0370*        ld de, (ude)
       04          
046F18 DD 2A B3 03 0371*        ld ix, (uix)
       04          
046F1D FD 2A B6 03 0372*        ld iy, (uiy)
       04          
046F22 F1          0373*        pop af ; send her home the way she came
046F23 C9          0374*        ret
046F24             0375*    ; Bit 7 (S): Sign flag
046F24             0376*    ; Bit 6 (Z): Zero flag
046F24             0377*    ; Bit 5 (5): Reserved (copy of bit 5 of the result)
046F24             0378*    ; Bit 4 (H): Half Carry flag
046F24             0379*    ; Bit 3 (3): Reserved (copy of bit 3 of the result)
046F24             0380*    ; Bit 2 (PV): Parity/Overflow flag
046F24             0381*    ; Bit 1 (N): Subtract flag
046F24             0382*    ; Bit 0 (C): Carry flag
046F24 53 5A 78 48 0383*    @header: db "SZxHxPNC\r\n",0 ; cr/lf and 0 terminator
       78 50 4E 43 
       0D 0A 00    
046F2F             0384*    
046F2F             0385*    
046F2F             0386*    ; print bytes from an address to the screen in hexidecimal format
046F2F             0387*    ; inputs: hl = address of first byte to print, a = number of bytes to print
046F2F             0388*    ; outputs: values of each byte printed to screen separated by spaces
046F2F             0389*    ; destroys: nothing
046F2F             0390*    dumpMemoryHex:
046F2F             0391*    ; save registers to the stack
046F2F C5          0392*        push bc
046F30 E5          0393*        push hl
046F31 F5          0394*        push af
046F32             0395*    
046F32             0396*    ; print the address and separator
046F32 CD A0 00 04 0397*        call printHex24
046F36 3E 3A       0398*        ld a,':'
046F38 5B D7       0399*        rst.lil 10h
046F3A 3E 20       0400*        ld a,' '
046F3C 5B D7       0401*        rst.lil 10h
046F3E             0402*    
046F3E             0403*    ; set b to be our loop counter
046F3E F1          0404*        pop af
046F3F 47          0405*        ld b,a
046F40 E1          0406*        pop hl
046F41 E5          0407*        push hl
046F42 F5          0408*        push af
046F43             0409*    @loop:
046F43             0410*    ; print the byte
046F43 7E          0411*        ld a,(hl)
046F44 CD AE 00 04 0412*        call printHex8
046F48             0413*    ; print a space
046F48 3E 20       0414*        ld a,' '
046F4A 5B D7       0415*        rst.lil 10h
046F4C 23          0416*        inc hl
046F4D 10 F4       0417*        djnz @loop
046F4F CD 7C 00 04 0418*        call printNewLine
046F53             0419*    
046F53             0420*    ; restore everything
046F53 F1          0421*        pop af
046F54 E1          0422*        pop hl
046F55 C1          0423*        pop bc
046F56             0424*    
046F56             0425*    ; all done
046F56 C9          0426*        ret
046F57             0427*    
046F57             0428*    
046F57             0429*    ; print bytes from an address to the screen in binary format
046F57             0430*    ; inputs: hl = address of first byte to print, a = number of bytes to print
046F57             0431*    ; outputs: values of each byte printed to screen separated by spaces
046F57             0432*    ; destroys: nothing
046F57             0433*    dumpMemoryBin:
046F57             0434*    ; save all registers to the stack
046F57 F5          0435*        push af
046F58 C5          0436*        push bc
046F59 D5          0437*        push de
046F5A E5          0438*        push hl
046F5B DD E5       0439*        push ix
046F5D FD E5       0440*        push iy
046F5F             0441*    
046F5F             0442*    ; set b to be our loop counter
046F5F 47          0443*        ld b,a
046F60             0444*    @loop:
046F60             0445*    ; print the byte
046F60 7E          0446*        ld a,(hl)
046F61 E5          0447*        push hl
046F62 C5          0448*        push bc
046F63 CD E3 02 04 0449*        call printBin8
046F67 C1          0450*        pop bc
046F68             0451*    ; print a space
046F68 3E 20       0452*        ld a,' '
046F6A 5B D7       0453*        rst.lil 10h
046F6C E1          0454*        pop hl
046F6D 23          0455*        inc hl
046F6E 10 F0       0456*        djnz @loop
046F70 CD 7C 00 04 0457*        call printNewLine
046F74             0458*    
046F74             0459*    ; restore everything
046F74 FD E1       0460*        pop iy
046F76 DD E1       0461*        pop ix
046F78 E1          0462*        pop hl
046F79 D1          0463*        pop de
046F7A C1          0464*        pop bc
046F7B F1          0465*        pop af
046F7C             0466*    ; all done
046F7C C9          0467*        ret
046F7D             0468*    
046F7D             0469*    ; print bytes from an address to the screen in binary format
046F7D             0470*    ; with the bits of each byte in reverse order (lsb first)
046F7D             0471*    ; inputs: hl = address of first byte to print, a = number of bytes to print
046F7D             0472*    ; outputs: values of each byte printed to screen separated by spaces
046F7D             0473*    ; destroys: nothing
046F7D             0474*    dumpMemoryBinRev:
046F7D             0475*    ; save all registers to the stack
046F7D F5          0476*        push af
046F7E C5          0477*        push bc
046F7F D5          0478*        push de
046F80 E5          0479*        push hl
046F81 DD E5       0480*        push ix
046F83 FD E5       0481*        push iy
046F85             0482*    
046F85             0483*    ; set b to be our loop counter
046F85 47          0484*        ld b,a
046F86             0485*    @loop:
046F86             0486*    ; print the byte
046F86 7E          0487*        ld a,(hl)
046F87 E5          0488*        push hl
046F88 C5          0489*        push bc
046F89 CD 08 03 04 0490*        call printBin8Rev
046F8D C1          0491*        pop bc
046F8E             0492*    ; print a space
046F8E 3E 20       0493*        ld a,' '
046F90 5B D7       0494*        rst.lil 10h
046F92 E1          0495*        pop hl
046F93 23          0496*        inc hl
046F94 10 F0       0497*        djnz @loop
046F96 CD 7C 00 04 0498*        call printNewLine
046F9A             0499*    
046F9A             0500*    ; restore everything
046F9A FD E1       0501*        pop iy
046F9C DD E1       0502*        pop ix
046F9E E1          0503*        pop hl
046F9F D1          0504*        pop de
046FA0 C1          0505*        pop bc
046FA1 F1          0506*        pop af
046FA2             0507*    ; all done
046FA2 C9          0508*        ret
046FA3             0509*    
046FA3             0510*    DEBUG_PRINT:
046FA3             0511*        PUSH_ALL
                       M1 Args: none
046FA3 08          0001*M1      ex af,af'
046FA4 D9          0002*M1      exx
046FA5 F5          0003*M1      push af
046FA6 E5          0004*M1      push hl
046FA7 C5          0005*M1      push bc
046FA8 D5          0006*M1      push de
046FA9             0007*M1  
046FA9 08          0008*M1      ex af,af'
046FAA D9          0009*M1      exx
046FAB F5          0010*M1      push af
046FAC E5          0011*M1      push hl
046FAD C5          0012*M1      push bc
046FAE D5          0013*M1      push de
046FAF DD E5       0014*M1      push ix
046FB1 FD E5       0015*M1      push iy
046FB3 CD 79 6B 04 0512*        call ps_prt_stop
046FB7 CD 3F 36 04 0513*        CALL vp_messages
046FBB CD E6 1B 04 0514*        CALL vdu_cls
046FBF             0515*        POP_ALL
                       M1 Args: none
046FBF FD E1       0001*M1      pop iy
046FC1 DD E1       0002*M1      pop ix
046FC3 D1          0003*M1      pop de
046FC4 C1          0004*M1      pop bc
046FC5 E1          0005*M1      pop hl
046FC6 F1          0006*M1      pop af
046FC7 08          0007*M1      ex af,af'
046FC8 D9          0008*M1      exx
046FC9             0009*M1  
046FC9 D1          0010*M1      pop de
046FCA C1          0011*M1      pop bc
046FCB E1          0012*M1      pop hl
046FCC F1          0013*M1      pop af
046FCD 08          0014*M1      ex af,af'
046FCE D9          0015*M1      exx
046FCF             0516*        PUSH_ALL
                       M1 Args: none
046FCF 08          0001*M1      ex af,af'
046FD0 D9          0002*M1      exx
046FD1 F5          0003*M1      push af
046FD2 E5          0004*M1      push hl
046FD3 C5          0005*M1      push bc
046FD4 D5          0006*M1      push de
046FD5             0007*M1  
046FD5 08          0008*M1      ex af,af'
046FD6 D9          0009*M1      exx
046FD7 F5          0010*M1      push af
046FD8 E5          0011*M1      push hl
046FD9 C5          0012*M1      push bc
046FDA D5          0013*M1      push de
046FDB DD E5       0014*M1      push ix
046FDD FD E5       0015*M1      push iy
046FDF CD DE 6E 04 0517*        call dumpFlags
046FE3             0518*        POP_ALL
                       M1 Args: none
046FE3 FD E1       0001*M1      pop iy
046FE5 DD E1       0002*M1      pop ix
046FE7 D1          0003*M1      pop de
046FE8 C1          0004*M1      pop bc
046FE9 E1          0005*M1      pop hl
046FEA F1          0006*M1      pop af
046FEB 08          0007*M1      ex af,af'
046FEC D9          0008*M1      exx
046FED             0009*M1  
046FED D1          0010*M1      pop de
046FEE C1          0011*M1      pop bc
046FEF E1          0012*M1      pop hl
046FF0 F1          0013*M1      pop af
046FF1 08          0014*M1      ex af,af'
046FF2 D9          0015*M1      exx
046FF3             0519*        PUSH_ALL
                       M1 Args: none
046FF3 08          0001*M1      ex af,af'
046FF4 D9          0002*M1      exx
046FF5 F5          0003*M1      push af
046FF6 E5          0004*M1      push hl
046FF7 C5          0005*M1      push bc
046FF8 D5          0006*M1      push de
046FF9             0007*M1  
046FF9 08          0008*M1      ex af,af'
046FFA D9          0009*M1      exx
046FFB F5          0010*M1      push af
046FFC E5          0011*M1      push hl
046FFD C5          0012*M1      push bc
046FFE D5          0013*M1      push de
046FFF DD E5       0014*M1      push ix
047001 FD E5       0015*M1      push iy
047003 CD E2 6D 04 0520*        call dumpRegistersHex
047007 CD CF 03 04 0521*        call waitKeypress
04700B             0522*        ; call printNewLine
04700B CD 64 6B 04 0523*        call ps_prt_start
04700F             0524*        POP_ALL
                       M1 Args: none
04700F FD E1       0001*M1      pop iy
047011 DD E1       0002*M1      pop ix
047013 D1          0003*M1      pop de
047014 C1          0004*M1      pop bc
047015 E1          0005*M1      pop hl
047016 F1          0006*M1      pop af
047017 08          0007*M1      ex af,af'
047018 D9          0008*M1      exx
047019             0009*M1  
047019 D1          0010*M1      pop de
04701A C1          0011*M1      pop bc
04701B E1          0012*M1      pop hl
04701C F1          0013*M1      pop af
04701D 08          0014*M1      ex af,af'
04701E D9          0015*M1      exx
04701F C9          0525*        ret
047020             0526*    DEBUG_WAITKEYPRESS:
047020             0527*        PUSH_ALL
                       M1 Args: none
047020 08          0001*M1      ex af,af'
047021 D9          0002*M1      exx
047022 F5          0003*M1      push af
047023 E5          0004*M1      push hl
047024 C5          0005*M1      push bc
047025 D5          0006*M1      push de
047026             0007*M1  
047026 08          0008*M1      ex af,af'
047027 D9          0009*M1      exx
047028 F5          0010*M1      push af
047029 E5          0011*M1      push hl
04702A C5          0012*M1      push bc
04702B D5          0013*M1      push de
04702C DD E5       0014*M1      push ix
04702E FD E5       0015*M1      push iy
047030 CD 79 6B 04 0528*        call ps_prt_stop
047034 FB          0529*        ei
047035 CD CF 03 04 0530*        call waitKeypress
047039 CD 64 6B 04 0531*        call ps_prt_start
04703D             0532*        POP_ALL
                       M1 Args: none
04703D FD E1       0001*M1      pop iy
04703F DD E1       0002*M1      pop ix
047041 D1          0003*M1      pop de
047042 C1          0004*M1      pop bc
047043 E1          0005*M1      pop hl
047044 F1          0006*M1      pop af
047045 08          0007*M1      ex af,af'
047046 D9          0008*M1      exx
047047             0009*M1  
047047 D1          0010*M1      pop de
047048 C1          0011*M1      pop bc
047049 E1          0012*M1      pop hl
04704A F1          0013*M1      pop af
04704B 08          0014*M1      ex af,af'
04704C D9          0015*M1      exx
04704D C9          0533*        RET
04704E             0534*    
04704E             0535*    dumpVduCmdStr:
04704E             0536*        PUSH_ALL
                       M1 Args: none
04704E 08          0001*M1      ex af,af'
04704F D9          0002*M1      exx
047050 F5          0003*M1      push af
047051 E5          0004*M1      push hl
047052 C5          0005*M1      push bc
047053 D5          0006*M1      push de
047054             0007*M1  
047054 08          0008*M1      ex af,af'
047055 D9          0009*M1      exx
047056 F5          0010*M1      push af
047057 E5          0011*M1      push hl
047058 C5          0012*M1      push bc
047059 D5          0013*M1      push de
04705A DD E5       0014*M1      push ix
04705C FD E5       0015*M1      push iy
04705E 79          0537*        ld a,c
04705F CD 2F 6F 04 0538*        call dumpMemoryHex
047063 CD CF 03 04 0539*        call waitKeypress
047067             0540*        POP_ALL
                       M1 Args: none
047067 FD E1       0001*M1      pop iy
047069 DD E1       0002*M1      pop ix
04706B D1          0003*M1      pop de
04706C C1          0004*M1      pop bc
04706D E1          0005*M1      pop hl
04706E F1          0006*M1      pop af
04706F 08          0007*M1      ex af,af'
047070 D9          0008*M1      exx
047071             0009*M1  
047071 D1          0010*M1      pop de
047072 C1          0011*M1      pop bc
047073 E1          0012*M1      pop hl
047074 F1          0013*M1      pop af
047075 08          0014*M1      ex af,af'
047076 D9          0015*M1      exx
047077 C9          0541*        ret
047078             0542*    ; end dumpVduCmdStr
047078             0059     
047078             0060     ; --- MAIN PROGRAM FILE ---
047078             0061     init:
047078 CD 0C 3C 04 0062         call bf_get_dir
04707C CD 8C 36 04 0063         call ui_init
047080 CD 59 6A 04 0064         call ps_load_audio_cmd_buffers ; TODO: figure out why it is insufficient to do this here
047084             0065                                      ; even though play_song rebuilds them for each WAV
047084 CD 7F 6B 04 0066         call ps_prt_irq_init
047088 C9          0067         ret
047089             0068     ; end init
047089             0069     main:
047089             0070     ; call the change directory routine and jp to user input
047089 CD 37 3E 04 0071         call get_input
04708D             0072     
04708D             0073     ; we come back here when user wants to quit app
04708D             0074     ; shut down everytyhing and gracefully exit to MOS
04708D CD 8A 69 04 0075         call ps_close_file ; close any playing file and stop the PRT timer
047091 CD 69 69 04 0076         call ps_clear_audio_buffers ; release only the four buffers owned by the WAV player
047095 FB          0077         ei ; interrupts were disabled by get_input
047096             0078     ; restore original screen mode
047096 3A 06 35 04 0079         ld a,(original_screen_mode)
04709A CD B4 1C 04 0080         call vdu_set_screen_mode
04709E CD AF 1C 04 0081         call vdu_reset_viewports
0470A2 CD E6 1B 04 0082         call vdu_cls
0470A6             0083     ; print thanks for playing message
0470A6 CD 60 00 04 0084         call printInline
0470AA 54 68 61 6E 0085         asciz "Thank you for using\r\n"
       6B 20 79 6F 
       75 20 66 6F 
       72 20 75 73 
       69 6E 67 0D 
       0A 00       
0470C0 21 D1 38 04 0086         ld hl,agon_jukebox_ascii
0470C4 CD 67 00 04 0087         call printString
0470C8             0088     ; set cursor behaviuor
0470C8 CD 60 1B 04 0089         call vdu_cursor_on
0470CC 26 10       0090         ld h,%00010000 ; bit 4 controls cursor scroll at bottom of screen
0470CE 2E 00       0091         ld l,%00000000 ; bit 4 reset means cursor scrolls screen
0470D0 CD D2 1B 04 0092         call vdu_cursor_behaviour
0470D4 CD 73 36 04 0093         call ui_clear_buffers ; release only the font and logo resources owned by the UI
0470D8 C9          0094         ret ; back to MOS
0470D9             0095     ; end main
0470D9             0096     
0470D9             0097     ; must be final include in program so file data does not stomp on program code or other data
0470D9             0098         include "files.inc"
0470D9             0001*    ; THIS MUST BE LAST INCLUDE SO FILE DATA DOES NOT OVERWRITE OTHER CODE OR DATA
0470D9             0002*    
0470D9             0003*    ; buffer for loading files unrelated to audio
0470D9             0004*    ; e.g.: fonts, sprites, etc. (limited to 8k)
0470D9             0005*    filedata: equ 0xB7E000 ; address of onboard 8k sram
0470D9             0006*    
0470D9             0007*    bf_fil_struct: equ 0x06FF00 ;
0470D9             0008*    bf_fil_obj: equ 0x06FF00 ; 15 bytes: Object identifier
0470D9             0009*    bf_fil_flag: equ 0x06FF0F ; 1 bytes: File status flags
0470D9             0010*    bf_fil_err: equ 0x06FF10 ; 1 bytes: Abort flag (error code)
0470D9             0011*    bf_fil_fptr: equ 0x06FF11 ; 4 bytes: File read/write pointer (Zeroed on file open)
0470D9             0012*    bf_fil_clust: equ 0x06FF15 ; 4 bytes: Current cluster of fpter (invalid when fptr is 0)
0470D9             0013*    bf_fil_sect: equ 0x06FF19 ; 4 bytes: Sector number appearing in buf[] (0
0470D9             0014*    bf_fil_dir_sect: equ 0x06FF1D ; 4 bytes: Sector number containing the directory entry
0470D9             0015*    bf_fil_dir_ptr: equ 0x06FF21 ; 3 bytes: Pointer to the directory entry in the win[]
0470D9             0016*    
0470D9             0017*    
0470D9             0018*    bf_struct: equ 0x070000 ; browsing song jukebox info
0470D9             0019*    bf_file_idx: equ 0x070000 ; 1 bytes: Current file index in the directory page
0470D9             0020*    bf_dir_num_files: equ 0x070001 ; 3 bytes: Number of files/directories in the directory (virtually unlimited)
0470D9             0021*    bf_files_cur_pg: equ 0x070004 ; 3 bytes: Number of files/directories of the current directory page
0470D9             0022*    bf_files_last_pg: equ 0x070007 ; 3 bytes: Number of files/directories of the last directory page
0470D9             0023*    bf_page_cur: equ 0x07000A ; 3 bytes: Current directory page number
0470D9             0024*    bf_dir_num_pages: equ 0x07000D ; 3 bytes: Number of pages in the directory (virtually unlimited)
0470D9             0025*    bf_dir_path: equ 0x070010 ; 256 bytes: Path of the current directory
0470D9             0026*    bf_struct_size: equ 512
0470D9             0027*    
0470D9             0028*    bf_dir_struct: equ 0x070200 ; browsing song directory info
0470D9             0029*    bf_dir_obj: equ 0x070200 ; 15 bytes: Object identifier
0470D9             0030*    bf_dir_dptr: equ 0x07020F ; 4 bytes: Current read/write offset
0470D9             0031*    bf_dir_clust: equ 0x070213 ; 4 bytes: Current cluster
0470D9             0032*    bf_dir_sect: equ 0x070217 ; 4 bytes: Current sector (0:Read operation has terminated)
0470D9             0033*    bf_dir_dir: equ 0x07021B ; 3 bytes: Pointer to the directory item in the win[]
0470D9             0034*    bf_dir_fn: equ 0x07021E ; 12 bytes: SFN (in/out) {body[8],ext[3],status[1]}
0470D9             0035*    bf_dir_blk_ofs: equ 0x07022A ; 4 bytes: Offset of current entry block being processed (0xFFFFFFFF:Invalid)
0470D9             0036*    
0470D9             0037*    bf_filinfo_ptrs: equ 0x070300 ; 768 bytes: List of filename pointers in the current directory page (256*3)
0470D9             0038*    bf_filinfo_ptrs_size: equ 768
0470D9             0039*    
0470D9             0040*    bf_dir_fil_list: equ 0x070600 ; 71168 bytes: browsing song directory file list
0470D9             0041*    bf_dir_fil_list_size: equ 71168
0470D9             0042*    
0470D9             0043*    bf_wav_header: equ 0x081C00 ; 76 bytes: browsing song .wav file header
0470D9             0044*    
0470D9             0045*    ps_fil_struct: equ 0x090000 ;
0470D9             0046*    ps_fil_obj: equ 0x090000 ; 15 bytes: Object identifier
0470D9             0047*    ps_fil_flag: equ 0x09000F ; 1 bytes: File status flags
0470D9             0048*    ps_fil_err: equ 0x090010 ; 1 bytes: Abort flag (error code)
0470D9             0049*    ps_fil_fptr: equ 0x090011 ; 4 bytes: File read/write pointer (Zeroed on file open)
0470D9             0050*    ps_fil_clust: equ 0x090015 ; 4 bytes: Current cluster of fpter (invalid when fptr is 0)
0470D9             0051*    ps_fil_sect: equ 0x090019 ; 4 bytes: Sector number appearing in buf[] (0
0470D9             0052*    ps_fil_dir_sect: equ 0x09001D ; 4 bytes: Sector number containing the directory entry
0470D9             0053*    ps_fil_dir_ptr: equ 0x090021 ; 3 bytes: Pointer to the directory entry in the win[]
0470D9             0054*    
0470D9             0055*    ps_filinfo_struct: equ 0x090100 ;
0470D9             0056*    ps_filinfo_fsize: equ 0x090100 ; 4 bytes: File size
0470D9             0057*    ps_filinfo_fdate: equ 0x090104 ; 2 bytes: Modified date
0470D9             0058*    ps_filinfo_ftime: equ 0x090106 ; 2 bytes: Modified time
0470D9             0059*    ps_filinfo_fattrib: equ 0x090108 ; 1 bytes: File attribute
0470D9             0060*    ps_filinfo_altname: equ 0x090109 ; 13 bytes: Alternative file name
0470D9             0061*    ps_filinfo_fname: equ 0x090116 ; 256 bytes: Primary file name
0470D9             0062*    
0470D9             0063*    ps_wav_header: equ 0x090300 ; 76 bytes: playing song .wav file header
0470D9             0064*    ps_wav_data: equ 0x09034C ; virtually unlimited bytes:
